path,file_fake,voice_fake,music_fake,voice_present,music_present,speaker_id,generator,source,dataset,hf_id,original_id,augment
data\raw\openslr_librispeech_asr\librispeech_dev_251-136532-0005.flac,0,0,0,1,0,251,LibriSpeech,librispeech_dev,librispeech_dev,openslr/librispeech_asr,librispeech_dev_251-136532-0005,none
data\raw\ajaykarthick_wavefake-audio\wavefake_ajay_LJ029-0187.wav,1,1,0,1,0,wavefake_d2398e,WF5,wavefake_ajay,wavefake_ajay,ajaykarthick/wavefake-audio,wavefake_ajay_LJ029-0187,none
data\raw\ajaykarthick_wavefake-audio\wavefake_ajay_LJ050-0272.wav,1,1,0,1,0,wavefake_aa2f20,WF5,wavefake_ajay,wavefake_ajay,ajaykarthick/wavefake-audio,wavefake_ajay_LJ050-0272,none
data\raw\openslr_librispeech_asr\librispeech_dev_84-121123-0024.flac,0,0,0,1,0,84,LibriSpeech,librispeech_dev,librispeech_dev,openslr/librispeech_asr,librispeech_dev_84-121123-0024,none
data\raw\Bisher_ASVspoof_2019_LA\asvspoof2019_LA_T_1755508.flac,1,1,0,1,0,LA_0086,A02,asvspoof2019,asvspoof2019,Bisher/ASVspoof_2019_LA,asvspoof2019_LA_T_1755508,none
data\raw\ajaykarthick_wavefake-audio\wavefake_ajay_LJ019-0388.wav,1,1,0,1,0,wavefake_602234,WF4,wavefake_ajay,wavefake_ajay,ajaykarthick/wavefake-audio,wavefake_ajay_LJ019-0388,none
data\raw\ajaykarthick_wavefake-audio\wavefake_ajay_LJ048-0152.wav,1,1,0,1,0,wavefake_c1a66e,WF4,wavefake_ajay,wavefake_ajay,ajaykarthick/wavefake-audio,wavefake_ajay_LJ048-0152,none
data\raw\openslr_librispeech_asr\librispeech_dev_7850-286674-0008.flac,0,0,0,1,0,7850,LibriSpeech,librispeech_dev,librispeech_dev,openslr/librispeech_asr,librispeech_dev_7850-286674-0008,none
data\raw\Bisher_ASVspoof_2019_LA\asvspoof2019_LA_T_3022880.flac,1,1,0,1,0,LA_0089,A01,asvspoof2019,asvspoof2019,Bisher/ASVspoof_2019_LA,asvspoof2019_LA_T_3022880,none
data\raw\openslr_librispeech_asr\librispeech_dev_2428-83699-0011.flac,0,0,0,1,0,2428,LibriSpeech,librispeech_dev,librispeech_dev,openslr/librispeech_asr,librispeech_dev_2428-83699-0011,none
data\raw\sanchit-gandhi_gtzan\gtzan_real__home_sanchit_.cache_datasets_downloads_extracted_f729783d70a4541cc4c9d5649655490a9c660280bdbecddfe38a8a806c73f60e_genres_classical_classical.wav,0,0,0,0,1,gtzan_1_7ba1,GTZAN_genre_1,gtzan_real,gtzan_real,sanchit-gandhi/gtzan,gtzan_real__home_sanchit_.cache_datasets_downloads_extracted_f729783d70a4541cc4c9d5649655490a9c660280bdbecddfe38a8a806c73f60e_genres_classical_classical.00041,none
data\raw\ajaykarthick_wavefake-audio\wavefake_ajay_LJ029-0203.wav,1,1,0,1,0,wavefake_ec8f40,WF3,wavefake_ajay,wavefake_ajay,ajaykarthick/wavefake-audio,wavefake_ajay_LJ029-0203,none
data\raw\sanchit-gandhi_gtzan\gtzan_real__home_sanchit_.cache_datasets_downloads_extracted_f729783d70a4541cc4c9d5649655490a9c660280bdbecddfe38a8a806c73f60e_genres_classical_classical.wav,1,0,1,0,1,gtzan_1_81ba,MusicGen_Sim,gtzan_fake_sim,fakemusic_sim,sim/MusicGen,gtzan_real__home_sanchit_.cache_datasets_downloads_extracted_f729783d70a4541cc4c9d5649655490a9c660280bdbecddfe38a8a806c73f60e_genres_classical_classical.00083_fake,none
data\raw\sanchit-gandhi_gtzan\gtzan_real__home_sanchit_.cache_datasets_downloads_extracted_f729783d70a4541cc4c9d5649655490a9c660280bdbecddfe38a8a806c73f60e_genres_jazz_jazz.wav,1,0,1,0,1,gtzan_5_7bc9,MusicGen_Sim,gtzan_fake_sim,fakemusic_sim,sim/MusicGen,gtzan_real__home_sanchit_.cache_datasets_downloads_extracted_f729783d70a4541cc4c9d5649655490a9c660280bdbecddfe38a8a806c73f60e_genres_jazz_jazz.00089_fake,none
data\raw\sanchit-gandhi_gtzan\gtzan_real__home_sanchit_.cache_datasets_downloads_extracted_f729783d70a4541cc4c9d5649655490a9c660280bdbecddfe38a8a806c73f60e_genres_blues_blues.wav,1,0,1,0,1,gtzan_0_bcc1,MusicGen_Sim,gtzan_fake_sim,fakemusic_sim,sim/MusicGen,gtzan_real__home_sanchit_.cache_datasets_downloads_extracted_f729783d70a4541cc4c9d5649655490a9c660280bdbecddfe38a8a806c73f60e_genres_blues_blues.00067_fake,none
data\raw\sanchit-gandhi_gtzan\gtzan_real__home_sanchit_.cache_datasets_downloads_extracted_f729783d70a4541cc4c9d5649655490a9c660280bdbecddfe38a8a806c73f60e_genres_hiphop_hiphop.wav,1,0,1,0,1,gtzan_4_7204,MusicGen_Sim,gtzan_fake_sim,fakemusic_sim,sim/MusicGen,gtzan_real__home_sanchit_.cache_datasets_downloads_extracted_f729783d70a4541cc4c9d5649655490a9c660280bdbecddfe38a8a806c73f60e_genres_hiphop_hiphop.00035_fake,none
data\raw\openslr_librispeech_asr\librispeech_dev_5338-24615-0009.flac,0,0,0,1,0,5338,LibriSpeech,librispeech_dev,librispeech_dev,openslr/librispeech_asr,librispeech_dev_5338-24615-0009,none
data\raw\ajaykarthick_wavefake-audio\wavefake_ajay_LJ043-0044.wav,1,1,0,1,0,wavefake_04823b,WF6,wavefake_ajay,wavefake_ajay,ajaykarthick/wavefake-audio,wavefake_ajay_LJ043-0044,none
data\raw\ajaykarthick_wavefake-audio\wavefake_ajay_LJ016-0413.wav,1,1,0,1,0,wavefake_91e8fe,WF5,wavefake_ajay,wavefake_ajay,ajaykarthick/wavefake-audio,wavefake_ajay_LJ016-0413,none
data\raw\ajaykarthick_wavefake-audio\wavefake_ajay_LJ008-0253.wav,1,1,0,1,0,wavefake_b08f5e,WF7,wavefake_ajay,wavefake_ajay,ajaykarthick/wavefake-audio,wavefake_ajay_LJ008-0253,none
data\raw\openslr_librispeech_asr\librispeech_dev_3536-23268-0028.flac,0,0,0,1,0,3536,LibriSpeech,librispeech_dev,librispeech_dev,openslr/librispeech_asr,librispeech_dev_3536-23268-0028,none
data\raw\sanchit-gandhi_gtzan\gtzan_real__home_sanchit_.cache_datasets_downloads_extracted_f729783d70a4541cc4c9d5649655490a9c660280bdbecddfe38a8a806c73f60e_genres_pop_pop.wav,1,0,1,0,1,gtzan_7_ce9b,MusicGen_Sim,gtzan_fake_sim,fakemusic_sim,sim/MusicGen,gtzan_real__home_sanchit_.cache_datasets_downloads_extracted_f729783d70a4541cc4c9d5649655490a9c660280bdbecddfe38a8a806c73f60e_genres_pop_pop.00071_fake,none
data\raw\sanchit-gandhi_gtzan\gtzan_real__home_sanchit_.cache_datasets_downloads_extracted_f729783d70a4541cc4c9d5649655490a9c660280bdbecddfe38a8a806c73f60e_genres_country_country.wav,1,0,1,0,1,gtzan_2_b700,MusicGen_Sim,gtzan_fake_sim,fakemusic_sim,sim/MusicGen,gtzan_real__home_sanchit_.cache_datasets_downloads_extracted_f729783d70a4541cc4c9d5649655490a9c660280bdbecddfe38a8a806c73f60e_genres_country_country.00012_fake,none
data\raw\sanchit-gandhi_gtzan\gtzan_real__home_sanchit_.cache_datasets_downloads_extracted_f729783d70a4541cc4c9d5649655490a9c660280bdbecddfe38a8a806c73f60e_genres_rock_rock.wav,0,0,0,0,1,gtzan_9_0903,GTZAN_genre_9,gtzan_real,gtzan_real,sanchit-gandhi/gtzan,gtzan_real__home_sanchit_.cache_datasets_downloads_extracted_f729783d70a4541cc4c9d5649655490a9c660280bdbecddfe38a8a806c73f60e_genres_rock_rock.00087,none
data\raw\openslr_librispeech_asr\librispeech_dev_5338-24640-0002.flac,0,0,0,1,0,5338,LibriSpeech,librispeech_dev,librispeech_dev,openslr/librispeech_asr,librispeech_dev_5338-24640-0002,none
data\raw\sanchit-gandhi_gtzan\gtzan_real__home_sanchit_.cache_datasets_downloads_extracted_f729783d70a4541cc4c9d5649655490a9c660280bdbecddfe38a8a806c73f60e_genres_rock_rock.wav,0,0,0,0,1,gtzan_9_89cd,GTZAN_genre_9,gtzan_real,gtzan_real,sanchit-gandhi/gtzan,gtzan_real__home_sanchit_.cache_datasets_downloads_extracted_f729783d70a4541cc4c9d5649655490a9c660280bdbecddfe38a8a806c73f60e_genres_rock_rock.00056,none
data\raw\sanchit-gandhi_gtzan\gtzan_real__home_sanchit_.cache_datasets_downloads_extracted_f729783d70a4541cc4c9d5649655490a9c660280bdbecddfe38a8a806c73f60e_genres_metal_metal.wav,0,0,0,0,1,gtzan_6_304e,GTZAN_genre_6,gtzan_real,gtzan_real,sanchit-gandhi/gtzan,gtzan_real__home_sanchit_.cache_datasets_downloads_extracted_f729783d70a4541cc4c9d5649655490a9c660280bdbecddfe38a8a806c73f60e_genres_metal_metal.00019,none
data\raw\openslr_librispeech_asr\librispeech_dev_6345-64257-0013.flac,0,0,0,1,0,6345,LibriSpeech,librispeech_dev,librispeech_dev,openslr/librispeech_asr,librispeech_dev_6345-64257-0013,none
data\raw\ajaykarthick_wavefake-audio\wavefake_ajay_LJ009-0006.wav,1,1,0,1,0,wavefake_b8c207,WF3,wavefake_ajay,wavefake_ajay,ajaykarthick/wavefake-audio,wavefake_ajay_LJ009-0006,none
data\raw\sanchit-gandhi_gtzan\gtzan_real__home_sanchit_.cache_datasets_downloads_extracted_f729783d70a4541cc4c9d5649655490a9c660280bdbecddfe38a8a806c73f60e_genres_hiphop_hiphop.wav,0,0,0,0,1,gtzan_4_65c8,GTZAN_genre_4,gtzan_real,gtzan_real,sanchit-gandhi/gtzan,gtzan_real__home_sanchit_.cache_datasets_downloads_extracted_f729783d70a4541cc4c9d5649655490a9c660280bdbecddfe38a8a806c73f60e_genres_hiphop_hiphop.00036,none
data\raw\Bisher_ASVspoof_2019_LA\asvspoof2019_LA_T_2690019.flac,1,1,0,1,0,LA_0089,A01,asvspoof2019,asvspoof2019,Bisher/ASVspoof_2019_LA,asvspoof2019_LA_T_2690019,none
data\raw\ajaykarthick_wavefake-audio\wavefake_ajay_LJ027-0125.wav,1,1,0,1,0,wavefake_a0afce,WF1,wavefake_ajay,wavefake_ajay,ajaykarthick/wavefake-audio,wavefake_ajay_LJ027-0125,none
data\raw\Bisher_ASVspoof_2019_LA\asvspoof2019_LA_T_1686933.flac,1,1,0,1,0,LA_0082,A01,asvspoof2019,asvspoof2019,Bisher/ASVspoof_2019_LA,asvspoof2019_LA_T_1686933,none
data\raw\sanchit-gandhi_gtzan\gtzan_real__home_sanchit_.cache_datasets_downloads_extracted_f729783d70a4541cc4c9d5649655490a9c660280bdbecddfe38a8a806c73f60e_genres_reggae_reggae.wav,0,0,0,0,1,gtzan_8_7006,GTZAN_genre_8,gtzan_real,gtzan_real,sanchit-gandhi/gtzan,gtzan_real__home_sanchit_.cache_datasets_downloads_extracted_f729783d70a4541cc4c9d5649655490a9c660280bdbecddfe38a8a806c73f60e_genres_reggae_reggae.00095,none
data\raw\openslr_librispeech_asr\librispeech_dev_5338-284437-0026.flac,0,0,0,1,0,5338,LibriSpeech,librispeech_dev,librispeech_dev,openslr/librispeech_asr,librispeech_dev_5338-284437-0026,none
data\raw\ajaykarthick_wavefake-audio\wavefake_ajay_LJ015-0100.wav,1,1,0,1,0,wavefake_30b298,R,wavefake_ajay,wavefake_ajay,ajaykarthick/wavefake-audio,wavefake_ajay_LJ015-0100,none
data\raw\openslr_librispeech_asr\librispeech_dev_3536-8226-0014.flac,0,0,0,1,0,3536,LibriSpeech,librispeech_dev,librispeech_dev,openslr/librispeech_asr,librispeech_dev_3536-8226-0014,none
data\raw\sanchit-gandhi_gtzan\gtzan_real__home_sanchit_.cache_datasets_downloads_extracted_f729783d70a4541cc4c9d5649655490a9c660280bdbecddfe38a8a806c73f60e_genres_blues_blues.wav,0,0,0,0,1,gtzan_0_14be,GTZAN_genre_0,gtzan_real,gtzan_real,sanchit-gandhi/gtzan,gtzan_real__home_sanchit_.cache_datasets_downloads_extracted_f729783d70a4541cc4c9d5649655490a9c660280bdbecddfe38a8a806c73f60e_genres_blues_blues.00058,none
data\raw\ajaykarthick_wavefake-audio\wavefake_ajay_LJ029-0160.wav,1,1,0,1,0,wavefake_d90d4e,WF1,wavefake_ajay,wavefake_ajay,ajaykarthick/wavefake-audio,wavefake_ajay_LJ029-0160,none
data\raw\openslr_librispeech_asr\librispeech_dev_2412-153948-0003.flac,0,0,0,1,0,2412,LibriSpeech,librispeech_dev,librispeech_dev,openslr/librispeech_asr,librispeech_dev_2412-153948-0003,none
data\raw\openslr_librispeech_asr\librispeech_dev_3170-137482-0033.flac,0,0,0,1,0,3170,LibriSpeech,librispeech_dev,librispeech_dev,openslr/librispeech_asr,librispeech_dev_3170-137482-0033,none
data\raw\Bisher_ASVspoof_2019_LA\asvspoof2019_LA_T_3624750.flac,1,1,0,1,0,LA_0082,A02,asvspoof2019,asvspoof2019,Bisher/ASVspoof_2019_LA,asvspoof2019_LA_T_3624750,none
data\raw\openslr_librispeech_asr\librispeech_dev_5694-64025-0022.flac,0,0,0,1,0,5694,LibriSpeech,librispeech_dev,librispeech_dev,openslr/librispeech_asr,librispeech_dev_5694-64025-0022,none
data\raw\Bisher_ASVspoof_2019_LA\asvspoof2019_LA_T_8239480.flac,1,1,0,1,0,LA_0091,A01,asvspoof2019,asvspoof2019,Bisher/ASVspoof_2019_LA,asvspoof2019_LA_T_8239480,none
data\raw\sanchit-gandhi_gtzan\gtzan_real__home_sanchit_.cache_datasets_downloads_extracted_f729783d70a4541cc4c9d5649655490a9c660280bdbecddfe38a8a806c73f60e_genres_blues_blues.wav,0,0,0,0,1,gtzan_0_d272,GTZAN_genre_0,gtzan_real,gtzan_real,sanchit-gandhi/gtzan,gtzan_real__home_sanchit_.cache_datasets_downloads_extracted_f729783d70a4541cc4c9d5649655490a9c660280bdbecddfe38a8a806c73f60e_genres_blues_blues.00043,none
data\raw\Bisher_ASVspoof_2019_LA\asvspoof2019_LA_T_4609785.flac,1,1,0,1,0,LA_0081,A02,asvspoof2019,asvspoof2019,Bisher/ASVspoof_2019_LA,asvspoof2019_LA_T_4609785,none
data\raw\openslr_librispeech_asr\librispeech_dev_5694-64025-0014.flac,0,0,0,1,0,5694,LibriSpeech,librispeech_dev,librispeech_dev,openslr/librispeech_asr,librispeech_dev_5694-64025-0014,none
data\raw\Bisher_ASVspoof_2019_LA\asvspoof2019_LA_T_7754797.flac,1,1,0,1,0,LA_0081,A01,asvspoof2019,asvspoof2019,Bisher/ASVspoof_2019_LA,asvspoof2019_LA_T_7754797,none
data\raw\sanchit-gandhi_gtzan\gtzan_real__home_sanchit_.cache_datasets_downloads_extracted_f729783d70a4541cc4c9d5649655490a9c660280bdbecddfe38a8a806c73f60e_genres_blues_blues.wav,0,0,0,0,1,gtzan_0_21c1,GTZAN_genre_0,gtzan_real,gtzan_real,sanchit-gandhi/gtzan,gtzan_real__home_sanchit_.cache_datasets_downloads_extracted_f729783d70a4541cc4c9d5649655490a9c660280bdbecddfe38a8a806c73f60e_genres_blues_blues.00079,none
data\raw\openslr_librispeech_asr\librispeech_dev_5895-34615-0005.flac,0,0,0,1,0,5895,LibriSpeech,librispeech_dev,librispeech_dev,openslr/librispeech_asr,librispeech_dev_5895-34615-0005,none
data\raw\sanchit-gandhi_gtzan\gtzan_real__home_sanchit_.cache_datasets_downloads_extracted_f729783d70a4541cc4c9d5649655490a9c660280bdbecddfe38a8a806c73f60e_genres_metal_metal.wav,0,0,0,0,1,gtzan_6_32a8,GTZAN_genre_6,gtzan_real,gtzan_real,sanchit-gandhi/gtzan,gtzan_real__home_sanchit_.cache_datasets_downloads_extracted_f729783d70a4541cc4c9d5649655490a9c660280bdbecddfe38a8a806c73f60e_genres_metal_metal.00089,none
data\raw\openslr_librispeech_asr\librispeech_dev_2277-149896-0017.flac,0,0,0,1,0,2277,LibriSpeech,librispeech_dev,librispeech_dev,openslr/librispeech_asr,librispeech_dev_2277-149896-0017,none
data\raw\ajaykarthick_wavefake-audio\wavefake_ajay_LJ019-0279.wav,1,1,0,1,0,wavefake_06e920,WF2,wavefake_ajay,wavefake_ajay,ajaykarthick/wavefake-audio,wavefake_ajay_LJ019-0279,none
data\raw\openslr_librispeech_asr\librispeech_dev_652-130737-0004.flac,0,0,0,1,0,652,LibriSpeech,librispeech_dev,librispeech_dev,openslr/librispeech_asr,librispeech_dev_652-130737-0004,none
data\raw\ajaykarthick_wavefake-audio\wavefake_ajay_LJ028-0357.wav,1,1,0,1,0,wavefake_6f863f,WF3,wavefake_ajay,wavefake_ajay,ajaykarthick/wavefake-audio,wavefake_ajay_LJ028-0357,none
data\raw\openslr_librispeech_asr\librispeech_dev_3576-138058-0037.flac,0,0,0,1,0,3576,LibriSpeech,librispeech_dev,librispeech_dev,openslr/librispeech_asr,librispeech_dev_3576-138058-0037,none
data\raw\openslr_librispeech_asr\librispeech_dev_5895-34629-0010.flac,0,0,0,1,0,5895,LibriSpeech,librispeech_dev,librispeech_dev,openslr/librispeech_asr,librispeech_dev_5895-34629-0010,none
data\raw\ajaykarthick_wavefake-audio\wavefake_ajay_LJ050-0183.wav,1,1,0,1,0,wavefake_6b491b,WF3,wavefake_ajay,wavefake_ajay,ajaykarthick/wavefake-audio,wavefake_ajay_LJ050-0183,none
data\raw\openslr_librispeech_asr\librispeech_dev_251-136532-0019.flac,0,0,0,1,0,251,LibriSpeech,librispeech_dev,librispeech_dev,openslr/librispeech_asr,librispeech_dev_251-136532-0019,none
data\raw\Bisher_ASVspoof_2019_LA\asvspoof2019_LA_T_5773803.flac,1,1,0,1,0,LA_0087,A01,asvspoof2019,asvspoof2019,Bisher/ASVspoof_2019_LA,asvspoof2019_LA_T_5773803,none
data\raw\sanchit-gandhi_gtzan\gtzan_real__home_sanchit_.cache_datasets_downloads_extracted_f729783d70a4541cc4c9d5649655490a9c660280bdbecddfe38a8a806c73f60e_genres_hiphop_hiphop.wav,0,0,0,0,1,gtzan_4_9ce3,GTZAN_genre_4,gtzan_real,gtzan_real,sanchit-gandhi/gtzan,gtzan_real__home_sanchit_.cache_datasets_downloads_extracted_f729783d70a4541cc4c9d5649655490a9c660280bdbecddfe38a8a806c73f60e_genres_hiphop_hiphop.00000,none
data\raw\Bisher_ASVspoof_2019_LA\asvspoof2019_LA_T_7927832.flac,1,1,0,1,0,LA_0084,A02,asvspoof2019,asvspoof2019,Bisher/ASVspoof_2019_LA,asvspoof2019_LA_T_7927832,none
data\raw\sanchit-gandhi_gtzan\gtzan_real__home_sanchit_.cache_datasets_downloads_extracted_f729783d70a4541cc4c9d5649655490a9c660280bdbecddfe38a8a806c73f60e_genres_country_country.wav,0,0,0,0,1,gtzan_2_eacc,GTZAN_genre_2,gtzan_real,gtzan_real,sanchit-gandhi/gtzan,gtzan_real__home_sanchit_.cache_datasets_downloads_extracted_f729783d70a4541cc4c9d5649655490a9c660280bdbecddfe38a8a806c73f60e_genres_country_country.00001,none
data\raw\ajaykarthick_wavefake-audio\wavefake_ajay_LJ043-0032.wav,1,1,0,1,0,wavefake_d740dd,WF5,wavefake_ajay,wavefake_ajay,ajaykarthick/wavefake-audio,wavefake_ajay_LJ043-0032,none
data\raw\Bisher_ASVspoof_2019_LA\asvspoof2019_LA_T_5873461.flac,1,1,0,1,0,LA_0087,A01,asvspoof2019,asvspoof2019,Bisher/ASVspoof_2019_LA,asvspoof2019_LA_T_5873461,none
data\raw\sanchit-gandhi_gtzan\gtzan_real__home_sanchit_.cache_datasets_downloads_extracted_f729783d70a4541cc4c9d5649655490a9c660280bdbecddfe38a8a806c73f60e_genres_country_country.wav,1,0,1,0,1,gtzan_2_ff4f,MusicGen_Sim,gtzan_fake_sim,fakemusic_sim,sim/MusicGen,gtzan_real__home_sanchit_.cache_datasets_downloads_extracted_f729783d70a4541cc4c9d5649655490a9c660280bdbecddfe38a8a806c73f60e_genres_country_country.00057_fake,none
data\raw\openslr_librispeech_asr\librispeech_dev_5694-64038-0010.flac,0,0,0,1,0,5694,LibriSpeech,librispeech_dev,librispeech_dev,openslr/librispeech_asr,librispeech_dev_5694-64038-0010,none
data\raw\Bisher_ASVspoof_2019_LA\asvspoof2019_LA_T_9264723.flac,1,1,0,1,0,LA_0081,A01,asvspoof2019,asvspoof2019,Bisher/ASVspoof_2019_LA,asvspoof2019_LA_T_9264723,none
data\raw\sanchit-gandhi_gtzan\gtzan_real__home_sanchit_.cache_datasets_downloads_extracted_f729783d70a4541cc4c9d5649655490a9c660280bdbecddfe38a8a806c73f60e_genres_hiphop_hiphop.wav,0,0,0,0,1,gtzan_4_0936,GTZAN_genre_4,gtzan_real,gtzan_real,sanchit-gandhi/gtzan,gtzan_real__home_sanchit_.cache_datasets_downloads_extracted_f729783d70a4541cc4c9d5649655490a9c660280bdbecddfe38a8a806c73f60e_genres_hiphop_hiphop.00017,none
data\raw\sanchit-gandhi_gtzan\gtzan_real__home_sanchit_.cache_datasets_downloads_extracted_f729783d70a4541cc4c9d5649655490a9c660280bdbecddfe38a8a806c73f60e_genres_disco_disco.wav,0,0,0,0,1,gtzan_3_d894,GTZAN_genre_3,gtzan_real,gtzan_real,sanchit-gandhi/gtzan,gtzan_real__home_sanchit_.cache_datasets_downloads_extracted_f729783d70a4541cc4c9d5649655490a9c660280bdbecddfe38a8a806c73f60e_genres_disco_disco.00004,none
data\raw\openslr_librispeech_asr\librispeech_dev_1993-147149-0028.flac,0,0,0,1,0,1993,LibriSpeech,librispeech_dev,librispeech_dev,openslr/librispeech_asr,librispeech_dev_1993-147149-0028,none
data\raw\sanchit-gandhi_gtzan\gtzan_real__home_sanchit_.cache_datasets_downloads_extracted_f729783d70a4541cc4c9d5649655490a9c660280bdbecddfe38a8a806c73f60e_genres_metal_metal.wav,0,0,0,0,1,gtzan_6_6249,GTZAN_genre_6,gtzan_real,gtzan_real,sanchit-gandhi/gtzan,gtzan_real__home_sanchit_.cache_datasets_downloads_extracted_f729783d70a4541cc4c9d5649655490a9c660280bdbecddfe38a8a806c73f60e_genres_metal_metal.00031,none
data\raw\sanchit-gandhi_gtzan\gtzan_real__home_sanchit_.cache_datasets_downloads_extracted_f729783d70a4541cc4c9d5649655490a9c660280bdbecddfe38a8a806c73f60e_genres_rock_rock.wav,1,0,1,0,1,gtzan_9_128a,MusicGen_Sim,gtzan_fake_sim,fakemusic_sim,sim/MusicGen,gtzan_real__home_sanchit_.cache_datasets_downloads_extracted_f729783d70a4541cc4c9d5649655490a9c660280bdbecddfe38a8a806c73f60e_genres_rock_rock.00084_fake,none
data\raw\ajaykarthick_wavefake-audio\wavefake_ajay_LJ028-0158.wav,1,1,0,1,0,wavefake_d8b4e0,WF5,wavefake_ajay,wavefake_ajay,ajaykarthick/wavefake-audio,wavefake_ajay_LJ028-0158,none
data\raw\openslr_librispeech_asr\librispeech_dev_5694-64025-0010.flac,0,0,0,1,0,5694,LibriSpeech,librispeech_dev,librispeech_dev,openslr/librispeech_asr,librispeech_dev_5694-64025-0010,none
data\raw\Bisher_ASVspoof_2019_LA\asvspoof2019_LA_T_5286676.flac,1,1,0,1,0,LA_0079,A01,asvspoof2019,asvspoof2019,Bisher/ASVspoof_2019_LA,asvspoof2019_LA_T_5286676,none
data\raw\sanchit-gandhi_gtzan\gtzan_real__home_sanchit_.cache_datasets_downloads_extracted_f729783d70a4541cc4c9d5649655490a9c660280bdbecddfe38a8a806c73f60e_genres_metal_metal.wav,0,0,0,0,1,gtzan_6_ba26,GTZAN_genre_6,gtzan_real,gtzan_real,sanchit-gandhi/gtzan,gtzan_real__home_sanchit_.cache_datasets_downloads_extracted_f729783d70a4541cc4c9d5649655490a9c660280bdbecddfe38a8a806c73f60e_genres_metal_metal.00087,none
data\raw\ajaykarthick_wavefake-audio\wavefake_ajay_LJ010-0005.wav,1,1,0,1,0,wavefake_ec1004,WF2,wavefake_ajay,wavefake_ajay,ajaykarthick/wavefake-audio,wavefake_ajay_LJ010-0005,none
data\raw\Bisher_ASVspoof_2019_LA\asvspoof2019_LA_T_9032288.flac,1,1,0,1,0,LA_0079,A02,asvspoof2019,asvspoof2019,Bisher/ASVspoof_2019_LA,asvspoof2019_LA_T_9032288,none
data\raw\Bisher_ASVspoof_2019_LA\asvspoof2019_LA_T_6208966.flac,1,1,0,1,0,LA_0091,A01,asvspoof2019,asvspoof2019,Bisher/ASVspoof_2019_LA,asvspoof2019_LA_T_6208966,none
data\raw\sanchit-gandhi_gtzan\gtzan_real__home_sanchit_.cache_datasets_downloads_extracted_f729783d70a4541cc4c9d5649655490a9c660280bdbecddfe38a8a806c73f60e_genres_rock_rock.wav,0,0,0,0,1,gtzan_9_28e3,GTZAN_genre_9,gtzan_real,gtzan_real,sanchit-gandhi/gtzan,gtzan_real__home_sanchit_.cache_datasets_downloads_extracted_f729783d70a4541cc4c9d5649655490a9c660280bdbecddfe38a8a806c73f60e_genres_rock_rock.00033,none
data\raw\Bisher_ASVspoof_2019_LA\asvspoof2019_LA_T_9835939.flac,1,1,0,1,0,LA_0080,A01,asvspoof2019,asvspoof2019,Bisher/ASVspoof_2019_LA,asvspoof2019_LA_T_9835939,none
data\raw\openslr_librispeech_asr\librispeech_dev_84-121550-0019.flac,0,0,0,1,0,84,LibriSpeech,librispeech_dev,librispeech_dev,openslr/librispeech_asr,librispeech_dev_84-121550-0019,none
data\raw\sanchit-gandhi_gtzan\gtzan_real__home_sanchit_.cache_datasets_downloads_extracted_f729783d70a4541cc4c9d5649655490a9c660280bdbecddfe38a8a806c73f60e_genres_rock_rock.wav,0,0,0,0,1,gtzan_9_c95e,GTZAN_genre_9,gtzan_real,gtzan_real,sanchit-gandhi/gtzan,gtzan_real__home_sanchit_.cache_datasets_downloads_extracted_f729783d70a4541cc4c9d5649655490a9c660280bdbecddfe38a8a806c73f60e_genres_rock_rock.00064,none
data\raw\sanchit-gandhi_gtzan\gtzan_real__home_sanchit_.cache_datasets_downloads_extracted_f729783d70a4541cc4c9d5649655490a9c660280bdbecddfe38a8a806c73f60e_genres_metal_metal.wav,1,0,1,0,1,gtzan_6_9374,MusicGen_Sim,gtzan_fake_sim,fakemusic_sim,sim/MusicGen,gtzan_real__home_sanchit_.cache_datasets_downloads_extracted_f729783d70a4541cc4c9d5649655490a9c660280bdbecddfe38a8a806c73f60e_genres_metal_metal.00002_fake,none
data\raw\openslr_librispeech_asr\librispeech_dev_8297-275155-0010.flac,0,0,0,1,0,8297,LibriSpeech,librispeech_dev,librispeech_dev,openslr/librispeech_asr,librispeech_dev_8297-275155-0010,none
data\raw\openslr_librispeech_asr\librispeech_dev_3081-166546-0041.flac,0,0,0,1,0,3081,LibriSpeech,librispeech_dev,librispeech_dev,openslr/librispeech_asr,librispeech_dev_3081-166546-0041,none
data\raw\ajaykarthick_wavefake-audio\wavefake_ajay_LJ008-0234.wav,1,1,0,1,0,wavefake_8b54e5,WF6,wavefake_ajay,wavefake_ajay,ajaykarthick/wavefake-audio,wavefake_ajay_LJ008-0234,none
data\raw\sanchit-gandhi_gtzan\gtzan_real__home_sanchit_.cache_datasets_downloads_extracted_f729783d70a4541cc4c9d5649655490a9c660280bdbecddfe38a8a806c73f60e_genres_blues_blues.wav,1,0,1,0,1,gtzan_0_3ce6,MusicGen_Sim,gtzan_fake_sim,fakemusic_sim,sim/MusicGen,gtzan_real__home_sanchit_.cache_datasets_downloads_extracted_f729783d70a4541cc4c9d5649655490a9c660280bdbecddfe38a8a806c73f60e_genres_blues_blues.00057_fake,none
data\raw\openslr_librispeech_asr\librispeech_dev_8297-275154-0002.flac,0,0,0,1,0,8297,LibriSpeech,librispeech_dev,librispeech_dev,openslr/librispeech_asr,librispeech_dev_8297-275154-0002,none
data\raw\ajaykarthick_wavefake-audio\wavefake_ajay_LJ045-0161.wav,1,1,0,1,0,wavefake_d82d2e,WF6,wavefake_ajay,wavefake_ajay,ajaykarthick/wavefake-audio,wavefake_ajay_LJ045-0161,none
data\raw\Bisher_ASVspoof_2019_LA\asvspoof2019_LA_T_4398449.flac,1,1,0,1,0,LA_0085,A02,asvspoof2019,asvspoof2019,Bisher/ASVspoof_2019_LA,asvspoof2019_LA_T_4398449,none
data\raw\Bisher_ASVspoof_2019_LA\asvspoof2019_LA_T_3813028.flac,1,1,0,1,0,LA_0090,A02,asvspoof2019,asvspoof2019,Bisher/ASVspoof_2019_LA,asvspoof2019_LA_T_3813028,none
data\raw\openslr_librispeech_asr\librispeech_dev_1462-170145-0002.flac,0,0,0,1,0,1462,LibriSpeech,librispeech_dev,librispeech_dev,openslr/librispeech_asr,librispeech_dev_1462-170145-0002,none
data\raw\ajaykarthick_wavefake-audio\wavefake_ajay_LJ019-0384.wav,1,1,0,1,0,wavefake_2ab1ec,WF5,wavefake_ajay,wavefake_ajay,ajaykarthick/wavefake-audio,wavefake_ajay_LJ019-0384,none
data\raw\openslr_librispeech_asr\librispeech_dev_3081-166546-0009.flac,0,0,0,1,0,3081,LibriSpeech,librispeech_dev,librispeech_dev,openslr/librispeech_asr,librispeech_dev_3081-166546-0009,none
data\raw\Bisher_ASVspoof_2019_LA\asvspoof2019_LA_T_3008105.flac,1,1,0,1,0,LA_0095,A01,asvspoof2019,asvspoof2019,Bisher/ASVspoof_2019_LA,asvspoof2019_LA_T_3008105,none
data\raw\Bisher_ASVspoof_2019_LA\asvspoof2019_LA_T_7620970.flac,1,1,0,1,0,LA_0089,A02,asvspoof2019,asvspoof2019,Bisher/ASVspoof_2019_LA,asvspoof2019_LA_T_7620970,none
data\raw\sanchit-gandhi_gtzan\gtzan_real__home_sanchit_.cache_datasets_downloads_extracted_f729783d70a4541cc4c9d5649655490a9c660280bdbecddfe38a8a806c73f60e_genres_jazz_jazz.wav,1,0,1,0,1,gtzan_5_16f7,MusicGen_Sim,gtzan_fake_sim,fakemusic_sim,sim/MusicGen,gtzan_real__home_sanchit_.cache_datasets_downloads_extracted_f729783d70a4541cc4c9d5649655490a9c660280bdbecddfe38a8a806c73f60e_genres_jazz_jazz.00043_fake,none
data\raw\Bisher_ASVspoof_2019_LA\asvspoof2019_LA_T_3039072.flac,1,1,0,1,0,LA_0087,A02,asvspoof2019,asvspoof2019,Bisher/ASVspoof_2019_LA,asvspoof2019_LA_T_3039072,none
data\raw\Bisher_ASVspoof_2019_LA\asvspoof2019_LA_T_8090067.flac,1,1,0,1,0,LA_0089,A02,asvspoof2019,asvspoof2019,Bisher/ASVspoof_2019_LA,asvspoof2019_LA_T_8090067,none
data\raw\ajaykarthick_wavefake-audio\wavefake_ajay_LJ009-0276.wav,1,1,0,1,0,wavefake_84adb3,WF4,wavefake_ajay,wavefake_ajay,ajaykarthick/wavefake-audio,wavefake_ajay_LJ009-0276,none
data\raw\openslr_librispeech_asr\librispeech_dev_5536-43358-0014.flac,0,0,0,1,0,5536,LibriSpeech,librispeech_dev,librispeech_dev,openslr/librispeech_asr,librispeech_dev_5536-43358-0014,none
data\raw\openslr_librispeech_asr\librispeech_dev_6241-61943-0000.flac,0,0,0,1,0,6241,LibriSpeech,librispeech_dev,librispeech_dev,openslr/librispeech_asr,librispeech_dev_6241-61943-0000,none
data\raw\Bisher_ASVspoof_2019_LA\asvspoof2019_LA_T_1724630.flac,1,1,0,1,0,LA_0089,A01,asvspoof2019,asvspoof2019,Bisher/ASVspoof_2019_LA,asvspoof2019_LA_T_1724630,none
data\raw\ajaykarthick_wavefake-audio\wavefake_ajay_LJ008-0301.wav,1,1,0,1,0,wavefake_823457,WF3,wavefake_ajay,wavefake_ajay,ajaykarthick/wavefake-audio,wavefake_ajay_LJ008-0301,none
data\raw\ajaykarthick_wavefake-audio\wavefake_ajay_LJ044-0102.wav,1,1,0,1,0,wavefake_90988f,WF6,wavefake_ajay,wavefake_ajay,ajaykarthick/wavefake-audio,wavefake_ajay_LJ044-0102,none
data\raw\sanchit-gandhi_gtzan\gtzan_real__home_sanchit_.cache_datasets_downloads_extracted_f729783d70a4541cc4c9d5649655490a9c660280bdbecddfe38a8a806c73f60e_genres_rock_rock.wav,1,0,1,0,1,gtzan_9_f74a,MusicGen_Sim,gtzan_fake_sim,fakemusic_sim,sim/MusicGen,gtzan_real__home_sanchit_.cache_datasets_downloads_extracted_f729783d70a4541cc4c9d5649655490a9c660280bdbecddfe38a8a806c73f60e_genres_rock_rock.00003_fake,none
data\raw\sanchit-gandhi_gtzan\gtzan_real__home_sanchit_.cache_datasets_downloads_extracted_f729783d70a4541cc4c9d5649655490a9c660280bdbecddfe38a8a806c73f60e_genres_classical_classical.wav,1,0,1,0,1,gtzan_1_e054,MusicGen_Sim,gtzan_fake_sim,fakemusic_sim,sim/MusicGen,gtzan_real__home_sanchit_.cache_datasets_downloads_extracted_f729783d70a4541cc4c9d5649655490a9c660280bdbecddfe38a8a806c73f60e_genres_classical_classical.00059_fake,none
data\raw\ajaykarthick_wavefake-audio\wavefake_ajay_LJ028-0425.wav,1,1,0,1,0,wavefake_70da94,WF5,wavefake_ajay,wavefake_ajay,ajaykarthick/wavefake-audio,wavefake_ajay_LJ028-0425,none
data\raw\ajaykarthick_wavefake-audio\wavefake_ajay_LJ048-0167.wav,1,1,0,1,0,wavefake_32b288,WF5,wavefake_ajay,wavefake_ajay,ajaykarthick/wavefake-audio,wavefake_ajay_LJ048-0167,none
data\raw\Bisher_ASVspoof_2019_LA\asvspoof2019_LA_T_1745658.flac,1,1,0,1,0,LA_0084,A01,asvspoof2019,asvspoof2019,Bisher/ASVspoof_2019_LA,asvspoof2019_LA_T_1745658,none
data\raw\Bisher_ASVspoof_2019_LA\asvspoof2019_LA_T_5305063.flac,1,1,0,1,0,LA_0086,A02,asvspoof2019,asvspoof2019,Bisher/ASVspoof_2019_LA,asvspoof2019_LA_T_5305063,none
data\raw\Bisher_ASVspoof_2019_LA\asvspoof2019_LA_T_3427363.flac,1,1,0,1,0,LA_0080,A02,asvspoof2019,asvspoof2019,Bisher/ASVspoof_2019_LA,asvspoof2019_LA_T_3427363,none
data\raw\Bisher_ASVspoof_2019_LA\asvspoof2019_LA_T_2953953.flac,1,1,0,1,0,LA_0079,A01,asvspoof2019,asvspoof2019,Bisher/ASVspoof_2019_LA,asvspoof2019_LA_T_2953953,none
data\raw\sanchit-gandhi_gtzan\gtzan_real__home_sanchit_.cache_datasets_downloads_extracted_f729783d70a4541cc4c9d5649655490a9c660280bdbecddfe38a8a806c73f60e_genres_country_country.wav,0,0,0,0,1,gtzan_2_9fc0,GTZAN_genre_2,gtzan_real,gtzan_real,sanchit-gandhi/gtzan,gtzan_real__home_sanchit_.cache_datasets_downloads_extracted_f729783d70a4541cc4c9d5649655490a9c660280bdbecddfe38a8a806c73f60e_genres_country_country.00006,none
data\raw\openslr_librispeech_asr\librispeech_dev_5895-34615-0019.flac,0,0,0,1,0,5895,LibriSpeech,librispeech_dev,librispeech_dev,openslr/librispeech_asr,librispeech_dev_5895-34615-0019,none
data\raw\openslr_librispeech_asr\librispeech_dev_7850-286674-0011.flac,0,0,0,1,0,7850,LibriSpeech,librispeech_dev,librispeech_dev,openslr/librispeech_asr,librispeech_dev_7850-286674-0011,none
data\raw\sanchit-gandhi_gtzan\gtzan_real__home_sanchit_.cache_datasets_downloads_extracted_f729783d70a4541cc4c9d5649655490a9c660280bdbecddfe38a8a806c73f60e_genres_classical_classical.wav,0,0,0,0,1,gtzan_1_69ca,GTZAN_genre_1,gtzan_real,gtzan_real,sanchit-gandhi/gtzan,gtzan_real__home_sanchit_.cache_datasets_downloads_extracted_f729783d70a4541cc4c9d5649655490a9c660280bdbecddfe38a8a806c73f60e_genres_classical_classical.00037,none
data\raw\openslr_librispeech_asr\librispeech_dev_5895-34622-0021.flac,0,0,0,1,0,5895,LibriSpeech,librispeech_dev,librispeech_dev,openslr/librispeech_asr,librispeech_dev_5895-34622-0021,none
data\raw\sanchit-gandhi_gtzan\gtzan_real__home_sanchit_.cache_datasets_downloads_extracted_f729783d70a4541cc4c9d5649655490a9c660280bdbecddfe38a8a806c73f60e_genres_classical_classical.wav,1,0,1,0,1,gtzan_1_c5b3,MusicGen_Sim,gtzan_fake_sim,fakemusic_sim,sim/MusicGen,gtzan_real__home_sanchit_.cache_datasets_downloads_extracted_f729783d70a4541cc4c9d5649655490a9c660280bdbecddfe38a8a806c73f60e_genres_classical_classical.00051_fake,none
data\raw\sanchit-gandhi_gtzan\gtzan_real__home_sanchit_.cache_datasets_downloads_extracted_f729783d70a4541cc4c9d5649655490a9c660280bdbecddfe38a8a806c73f60e_genres_disco_disco.wav,1,0,1,0,1,gtzan_3_a96c,MusicGen_Sim,gtzan_fake_sim,fakemusic_sim,sim/MusicGen,gtzan_real__home_sanchit_.cache_datasets_downloads_extracted_f729783d70a4541cc4c9d5649655490a9c660280bdbecddfe38a8a806c73f60e_genres_disco_disco.00084_fake,none
data\raw\Bisher_ASVspoof_2019_LA\asvspoof2019_LA_T_5053542.flac,1,1,0,1,0,LA_0096,A02,asvspoof2019,asvspoof2019,Bisher/ASVspoof_2019_LA,asvspoof2019_LA_T_5053542,none
data\raw\ajaykarthick_wavefake-audio\wavefake_ajay_LJ029-0131.wav,1,1,0,1,0,wavefake_1d7944,WF3,wavefake_ajay,wavefake_ajay,ajaykarthick/wavefake-audio,wavefake_ajay_LJ029-0131,none
data\raw\openslr_librispeech_asr\librispeech_dev_2035-147961-0000.flac,0,0,0,1,0,2035,LibriSpeech,librispeech_dev,librispeech_dev,openslr/librispeech_asr,librispeech_dev_2035-147961-0000,none
data\raw\openslr_librispeech_asr\librispeech_dev_1272-141231-0010.flac,0,0,0,1,0,1272,LibriSpeech,librispeech_dev,librispeech_dev,openslr/librispeech_asr,librispeech_dev_1272-141231-0010,none
data\raw\openslr_librispeech_asr\librispeech_dev_7850-73752-0009.flac,0,0,0,1,0,7850,LibriSpeech,librispeech_dev,librispeech_dev,openslr/librispeech_asr,librispeech_dev_7850-73752-0009,none
data\raw\sanchit-gandhi_gtzan\gtzan_real__home_sanchit_.cache_datasets_downloads_extracted_f729783d70a4541cc4c9d5649655490a9c660280bdbecddfe38a8a806c73f60e_genres_blues_blues.wav,1,0,1,0,1,gtzan_0_c892,MusicGen_Sim,gtzan_fake_sim,fakemusic_sim,sim/MusicGen,gtzan_real__home_sanchit_.cache_datasets_downloads_extracted_f729783d70a4541cc4c9d5649655490a9c660280bdbecddfe38a8a806c73f60e_genres_blues_blues.00020_fake,none
data\raw\openslr_librispeech_asr\librispeech_dev_5895-34629-0001.flac,0,0,0,1,0,5895,LibriSpeech,librispeech_dev,librispeech_dev,openslr/librispeech_asr,librispeech_dev_5895-34629-0001,none
data\raw\openslr_librispeech_asr\librispeech_dev_3081-166546-0044.flac,0,0,0,1,0,3081,LibriSpeech,librispeech_dev,librispeech_dev,openslr/librispeech_asr,librispeech_dev_3081-166546-0044,none
data\raw\openslr_librispeech_asr\librispeech_dev_6319-275224-0002.flac,0,0,0,1,0,6319,LibriSpeech,librispeech_dev,librispeech_dev,openslr/librispeech_asr,librispeech_dev_6319-275224-0002,none
data\raw\sanchit-gandhi_gtzan\gtzan_real__home_sanchit_.cache_datasets_downloads_extracted_f729783d70a4541cc4c9d5649655490a9c660280bdbecddfe38a8a806c73f60e_genres_country_country.wav,0,0,0,0,1,gtzan_2_12f7,GTZAN_genre_2,gtzan_real,gtzan_real,sanchit-gandhi/gtzan,gtzan_real__home_sanchit_.cache_datasets_downloads_extracted_f729783d70a4541cc4c9d5649655490a9c660280bdbecddfe38a8a806c73f60e_genres_country_country.00011,none
data\raw\Bisher_ASVspoof_2019_LA\asvspoof2019_LA_T_4506029.flac,1,1,0,1,0,LA_0081,A01,asvspoof2019,asvspoof2019,Bisher/ASVspoof_2019_LA,asvspoof2019_LA_T_4506029,none
data\raw\sanchit-gandhi_gtzan\gtzan_real__home_sanchit_.cache_datasets_downloads_extracted_f729783d70a4541cc4c9d5649655490a9c660280bdbecddfe38a8a806c73f60e_genres_hiphop_hiphop.wav,1,0,1,0,1,gtzan_4_3a82,MusicGen_Sim,gtzan_fake_sim,fakemusic_sim,sim/MusicGen,gtzan_real__home_sanchit_.cache_datasets_downloads_extracted_f729783d70a4541cc4c9d5649655490a9c660280bdbecddfe38a8a806c73f60e_genres_hiphop_hiphop.00098_fake,none
data\raw\sanchit-gandhi_gtzan\gtzan_real__home_sanchit_.cache_datasets_downloads_extracted_f729783d70a4541cc4c9d5649655490a9c660280bdbecddfe38a8a806c73f60e_genres_disco_disco.wav,0,0,0,0,1,gtzan_3_0d68,GTZAN_genre_3,gtzan_real,gtzan_real,sanchit-gandhi/gtzan,gtzan_real__home_sanchit_.cache_datasets_downloads_extracted_f729783d70a4541cc4c9d5649655490a9c660280bdbecddfe38a8a806c73f60e_genres_disco_disco.00097,none
data\raw\sanchit-gandhi_gtzan\gtzan_real__home_sanchit_.cache_datasets_downloads_extracted_f729783d70a4541cc4c9d5649655490a9c660280bdbecddfe38a8a806c73f60e_genres_pop_pop.wav,0,0,0,0,1,gtzan_7_a3bd,GTZAN_genre_7,gtzan_real,gtzan_real,sanchit-gandhi/gtzan,gtzan_real__home_sanchit_.cache_datasets_downloads_extracted_f729783d70a4541cc4c9d5649655490a9c660280bdbecddfe38a8a806c73f60e_genres_pop_pop.00058,none
data\raw\sanchit-gandhi_gtzan\gtzan_real__home_sanchit_.cache_datasets_downloads_extracted_f729783d70a4541cc4c9d5649655490a9c660280bdbecddfe38a8a806c73f60e_genres_pop_pop.wav,0,0,0,0,1,gtzan_7_85d4,GTZAN_genre_7,gtzan_real,gtzan_real,sanchit-gandhi/gtzan,gtzan_real__home_sanchit_.cache_datasets_downloads_extracted_f729783d70a4541cc4c9d5649655490a9c660280bdbecddfe38a8a806c73f60e_genres_pop_pop.00010,none
data\raw\Bisher_ASVspoof_2019_LA\asvspoof2019_LA_T_8707664.flac,1,1,0,1,0,LA_0086,A02,asvspoof2019,asvspoof2019,Bisher/ASVspoof_2019_LA,asvspoof2019_LA_T_8707664,none
data\raw\sanchit-gandhi_gtzan\gtzan_real__home_sanchit_.cache_datasets_downloads_extracted_f729783d70a4541cc4c9d5649655490a9c660280bdbecddfe38a8a806c73f60e_genres_reggae_reggae.wav,1,0,1,0,1,gtzan_8_d547,MusicGen_Sim,gtzan_fake_sim,fakemusic_sim,sim/MusicGen,gtzan_real__home_sanchit_.cache_datasets_downloads_extracted_f729783d70a4541cc4c9d5649655490a9c660280bdbecddfe38a8a806c73f60e_genres_reggae_reggae.00098_fake,none
data\raw\Bisher_ASVspoof_2019_LA\asvspoof2019_LA_T_2543905.flac,1,1,0,1,0,LA_0081,A02,asvspoof2019,asvspoof2019,Bisher/ASVspoof_2019_LA,asvspoof2019_LA_T_2543905,none
data\raw\openslr_librispeech_asr\librispeech_dev_174-50561-0018.flac,0,0,0,1,0,174,LibriSpeech,librispeech_dev,librispeech_dev,openslr/librispeech_asr,librispeech_dev_174-50561-0018,none
data\raw\ajaykarthick_wavefake-audio\wavefake_ajay_LJ019-0317.wav,1,1,0,1,0,wavefake_ea1552,WF3,wavefake_ajay,wavefake_ajay,ajaykarthick/wavefake-audio,wavefake_ajay_LJ019-0317,none
data\raw\sanchit-gandhi_gtzan\gtzan_real__home_sanchit_.cache_datasets_downloads_extracted_f729783d70a4541cc4c9d5649655490a9c660280bdbecddfe38a8a806c73f60e_genres_hiphop_hiphop.wav,1,0,1,0,1,gtzan_4_b7f8,MusicGen_Sim,gtzan_fake_sim,fakemusic_sim,sim/MusicGen,gtzan_real__home_sanchit_.cache_datasets_downloads_extracted_f729783d70a4541cc4c9d5649655490a9c660280bdbecddfe38a8a806c73f60e_genres_hiphop_hiphop.00024_fake,none
data\raw\openslr_librispeech_asr\librispeech_dev_3853-163249-0022.flac,0,0,0,1,0,3853,LibriSpeech,librispeech_dev,librispeech_dev,openslr/librispeech_asr,librispeech_dev_3853-163249-0022,none
data\raw\openslr_librispeech_asr\librispeech_dev_1462-170138-0014.flac,0,0,0,1,0,1462,LibriSpeech,librispeech_dev,librispeech_dev,openslr/librispeech_asr,librispeech_dev_1462-170138-0014,none
data\raw\Bisher_ASVspoof_2019_LA\asvspoof2019_LA_T_7598099.flac,1,1,0,1,0,LA_0091,A01,asvspoof2019,asvspoof2019,Bisher/ASVspoof_2019_LA,asvspoof2019_LA_T_7598099,none
data\raw\Bisher_ASVspoof_2019_LA\asvspoof2019_LA_T_5194064.flac,1,1,0,1,0,LA_0090,A02,asvspoof2019,asvspoof2019,Bisher/ASVspoof_2019_LA,asvspoof2019_LA_T_5194064,none
data\raw\ajaykarthick_wavefake-audio\wavefake_ajay_LJ009-0225.wav,1,1,0,1,0,wavefake_d8ca70,WF7,wavefake_ajay,wavefake_ajay,ajaykarthick/wavefake-audio,wavefake_ajay_LJ009-0225,none
data\raw\openslr_librispeech_asr\librispeech_dev_3170-137482-0011.flac,0,0,0,1,0,3170,LibriSpeech,librispeech_dev,librispeech_dev,openslr/librispeech_asr,librispeech_dev_3170-137482-0011,none
data\raw\openslr_librispeech_asr\librispeech_dev_5694-64025-0005.flac,0,0,0,1,0,5694,LibriSpeech,librispeech_dev,librispeech_dev,openslr/librispeech_asr,librispeech_dev_5694-64025-0005,none
data\raw\Bisher_ASVspoof_2019_LA\asvspoof2019_LA_T_8074390.flac,1,1,0,1,0,LA_0092,A01,asvspoof2019,asvspoof2019,Bisher/ASVspoof_2019_LA,asvspoof2019_LA_T_8074390,none
data\raw\Bisher_ASVspoof_2019_LA\asvspoof2019_LA_T_1056690.flac,1,1,0,1,0,LA_0091,A02,asvspoof2019,asvspoof2019,Bisher/ASVspoof_2019_LA,asvspoof2019_LA_T_1056690,none
data\raw\sanchit-gandhi_gtzan\gtzan_real__home_sanchit_.cache_datasets_downloads_extracted_f729783d70a4541cc4c9d5649655490a9c660280bdbecddfe38a8a806c73f60e_genres_disco_disco.wav,1,0,1,0,1,gtzan_3_7d1f,MusicGen_Sim,gtzan_fake_sim,fakemusic_sim,sim/MusicGen,gtzan_real__home_sanchit_.cache_datasets_downloads_extracted_f729783d70a4541cc4c9d5649655490a9c660280bdbecddfe38a8a806c73f60e_genres_disco_disco.00047_fake,none
data\raw\openslr_librispeech_asr\librispeech_dev_1988-147956-0026.flac,0,0,0,1,0,1988,LibriSpeech,librispeech_dev,librispeech_dev,openslr/librispeech_asr,librispeech_dev_1988-147956-0026,none
data\raw\sanchit-gandhi_gtzan\gtzan_real__home_sanchit_.cache_datasets_downloads_extracted_f729783d70a4541cc4c9d5649655490a9c660280bdbecddfe38a8a806c73f60e_genres_rock_rock.wav,0,0,0,0,1,gtzan_9_f4c9,GTZAN_genre_9,gtzan_real,gtzan_real,sanchit-gandhi/gtzan,gtzan_real__home_sanchit_.cache_datasets_downloads_extracted_f729783d70a4541cc4c9d5649655490a9c660280bdbecddfe38a8a806c73f60e_genres_rock_rock.00063,none
data\raw\openslr_librispeech_asr\librispeech_dev_6345-93306-0015.flac,0,0,0,1,0,6345,LibriSpeech,librispeech_dev,librispeech_dev,openslr/librispeech_asr,librispeech_dev_6345-93306-0015,none
data\raw\sanchit-gandhi_gtzan\gtzan_real__home_sanchit_.cache_datasets_downloads_extracted_f729783d70a4541cc4c9d5649655490a9c660280bdbecddfe38a8a806c73f60e_genres_reggae_reggae.wav,1,0,1,0,1,gtzan_8_d7eb,MusicGen_Sim,gtzan_fake_sim,fakemusic_sim,sim/MusicGen,gtzan_real__home_sanchit_.cache_datasets_downloads_extracted_f729783d70a4541cc4c9d5649655490a9c660280bdbecddfe38a8a806c73f60e_genres_reggae_reggae.00062_fake,none
data\raw\openslr_librispeech_asr\librispeech_dev_174-50561-0009.flac,0,0,0,1,0,174,LibriSpeech,librispeech_dev,librispeech_dev,openslr/librispeech_asr,librispeech_dev_174-50561-0009,none
data\raw\sanchit-gandhi_gtzan\gtzan_real__home_sanchit_.cache_datasets_downloads_extracted_f729783d70a4541cc4c9d5649655490a9c660280bdbecddfe38a8a806c73f60e_genres_hiphop_hiphop.wav,1,0,1,0,1,gtzan_4_45cc,MusicGen_Sim,gtzan_fake_sim,fakemusic_sim,sim/MusicGen,gtzan_real__home_sanchit_.cache_datasets_downloads_extracted_f729783d70a4541cc4c9d5649655490a9c660280bdbecddfe38a8a806c73f60e_genres_hiphop_hiphop.00062_fake,none
data\raw\sanchit-gandhi_gtzan\gtzan_real__home_sanchit_.cache_datasets_downloads_extracted_f729783d70a4541cc4c9d5649655490a9c660280bdbecddfe38a8a806c73f60e_genres_rock_rock.wav,0,0,0,0,1,gtzan_9_dc03,GTZAN_genre_9,gtzan_real,gtzan_real,sanchit-gandhi/gtzan,gtzan_real__home_sanchit_.cache_datasets_downloads_extracted_f729783d70a4541cc4c9d5649655490a9c660280bdbecddfe38a8a806c73f60e_genres_rock_rock.00030,none
data\raw\sanchit-gandhi_gtzan\gtzan_real__home_sanchit_.cache_datasets_downloads_extracted_f729783d70a4541cc4c9d5649655490a9c660280bdbecddfe38a8a806c73f60e_genres_jazz_jazz.wav,0,0,0,0,1,gtzan_5_c756,GTZAN_genre_5,gtzan_real,gtzan_real,sanchit-gandhi/gtzan,gtzan_real__home_sanchit_.cache_datasets_downloads_extracted_f729783d70a4541cc4c9d5649655490a9c660280bdbecddfe38a8a806c73f60e_genres_jazz_jazz.00084,none
data\raw\Bisher_ASVspoof_2019_LA\asvspoof2019_LA_T_7149832.flac,1,1,0,1,0,LA_0092,A02,asvspoof2019,asvspoof2019,Bisher/ASVspoof_2019_LA,asvspoof2019_LA_T_7149832,none
data\raw\sanchit-gandhi_gtzan\gtzan_real__home_sanchit_.cache_datasets_downloads_extracted_f729783d70a4541cc4c9d5649655490a9c660280bdbecddfe38a8a806c73f60e_genres_rock_rock.wav,0,0,0,0,1,gtzan_9_21df,GTZAN_genre_9,gtzan_real,gtzan_real,sanchit-gandhi/gtzan,gtzan_real__home_sanchit_.cache_datasets_downloads_extracted_f729783d70a4541cc4c9d5649655490a9c660280bdbecddfe38a8a806c73f60e_genres_rock_rock.00096,none
data\raw\ajaykarthick_wavefake-audio\wavefake_ajay_LJ028-0375.wav,1,1,0,1,0,wavefake_35a215,R,wavefake_ajay,wavefake_ajay,ajaykarthick/wavefake-audio,wavefake_ajay_LJ028-0375,none
data\raw\sanchit-gandhi_gtzan\gtzan_real__home_sanchit_.cache_datasets_downloads_extracted_f729783d70a4541cc4c9d5649655490a9c660280bdbecddfe38a8a806c73f60e_genres_jazz_jazz.wav,1,0,1,0,1,gtzan_5_9b54,MusicGen_Sim,gtzan_fake_sim,fakemusic_sim,sim/MusicGen,gtzan_real__home_sanchit_.cache_datasets_downloads_extracted_f729783d70a4541cc4c9d5649655490a9c660280bdbecddfe38a8a806c73f60e_genres_jazz_jazz.00064_fake,none
data\raw\Bisher_ASVspoof_2019_LA\asvspoof2019_LA_T_5832521.flac,1,1,0,1,0,LA_0093,A01,asvspoof2019,asvspoof2019,Bisher/ASVspoof_2019_LA,asvspoof2019_LA_T_5832521,none
data\raw\openslr_librispeech_asr\librispeech_dev_2078-142845-0010.flac,0,0,0,1,0,2078,LibriSpeech,librispeech_dev,librispeech_dev,openslr/librispeech_asr,librispeech_dev_2078-142845-0010,none
data\raw\ajaykarthick_wavefake-audio\wavefake_ajay_LJ045-0153.wav,1,1,0,1,0,wavefake_f420f5,WF6,wavefake_ajay,wavefake_ajay,ajaykarthick/wavefake-audio,wavefake_ajay_LJ045-0153,none
data\raw\ajaykarthick_wavefake-audio\wavefake_ajay_LJ020-0072.wav,1,1,0,1,0,wavefake_66fd4d,WF1,wavefake_ajay,wavefake_ajay,ajaykarthick/wavefake-audio,wavefake_ajay_LJ020-0072,none
data\raw\sanchit-gandhi_gtzan\gtzan_real__home_sanchit_.cache_datasets_downloads_extracted_f729783d70a4541cc4c9d5649655490a9c660280bdbecddfe38a8a806c73f60e_genres_reggae_reggae.wav,1,0,1,0,1,gtzan_8_6cde,MusicGen_Sim,gtzan_fake_sim,fakemusic_sim,sim/MusicGen,gtzan_real__home_sanchit_.cache_datasets_downloads_extracted_f729783d70a4541cc4c9d5649655490a9c660280bdbecddfe38a8a806c73f60e_genres_reggae_reggae.00023_fake,none
data\raw\sanchit-gandhi_gtzan\gtzan_real__home_sanchit_.cache_datasets_downloads_extracted_f729783d70a4541cc4c9d5649655490a9c660280bdbecddfe38a8a806c73f60e_genres_disco_disco.wav,1,0,1,0,1,gtzan_3_0d68,MusicGen_Sim,gtzan_fake_sim,fakemusic_sim,sim/MusicGen,gtzan_real__home_sanchit_.cache_datasets_downloads_extracted_f729783d70a4541cc4c9d5649655490a9c660280bdbecddfe38a8a806c73f60e_genres_disco_disco.00097_fake,none
data\raw\ajaykarthick_wavefake-audio\wavefake_ajay_LJ008-0279.wav,1,1,0,1,0,wavefake_9de094,WF3,wavefake_ajay,wavefake_ajay,ajaykarthick/wavefake-audio,wavefake_ajay_LJ008-0279,none
data\raw\sanchit-gandhi_gtzan\gtzan_real__home_sanchit_.cache_datasets_downloads_extracted_f729783d70a4541cc4c9d5649655490a9c660280bdbecddfe38a8a806c73f60e_genres_country_country.wav,0,0,0,0,1,gtzan_2_1be9,GTZAN_genre_2,gtzan_real,gtzan_real,sanchit-gandhi/gtzan,gtzan_real__home_sanchit_.cache_datasets_downloads_extracted_f729783d70a4541cc4c9d5649655490a9c660280bdbecddfe38a8a806c73f60e_genres_country_country.00077,none
data\raw\openslr_librispeech_asr\librispeech_dev_3536-8226-0001.flac,0,0,0,1,0,3536,LibriSpeech,librispeech_dev,librispeech_dev,openslr/librispeech_asr,librispeech_dev_3536-8226-0001,none
data\raw\ajaykarthick_wavefake-audio\wavefake_ajay_LJ008-0294.wav,1,1,0,1,0,wavefake_570ae5,WF6,wavefake_ajay,wavefake_ajay,ajaykarthick/wavefake-audio,wavefake_ajay_LJ008-0294,none
data\raw\openslr_librispeech_asr\librispeech_dev_2803-154320-0011.flac,0,0,0,1,0,2803,LibriSpeech,librispeech_dev,librispeech_dev,openslr/librispeech_asr,librispeech_dev_2803-154320-0011,none
data\raw\ajaykarthick_wavefake-audio\wavefake_ajay_LJ034-0037.wav,1,1,0,1,0,wavefake_db7a43,R,wavefake_ajay,wavefake_ajay,ajaykarthick/wavefake-audio,wavefake_ajay_LJ034-0037,none
data\raw\ajaykarthick_wavefake-audio\wavefake_ajay_LJ027-0137.wav,1,1,0,1,0,wavefake_2718f3,WF6,wavefake_ajay,wavefake_ajay,ajaykarthick/wavefake-audio,wavefake_ajay_LJ027-0137,none
data\raw\ajaykarthick_wavefake-audio\wavefake_ajay_LJ043-0049.wav,1,1,0,1,0,wavefake_1ee1a1,WF5,wavefake_ajay,wavefake_ajay,ajaykarthick/wavefake-audio,wavefake_ajay_LJ043-0049,none
data\raw\openslr_librispeech_asr\librispeech_dev_2902-9008-0014.flac,0,0,0,1,0,2902,LibriSpeech,librispeech_dev,librispeech_dev,openslr/librispeech_asr,librispeech_dev_2902-9008-0014,none
data\raw\sanchit-gandhi_gtzan\gtzan_real__home_sanchit_.cache_datasets_downloads_extracted_f729783d70a4541cc4c9d5649655490a9c660280bdbecddfe38a8a806c73f60e_genres_metal_metal.wav,0,0,0,0,1,gtzan_6_cf1f,GTZAN_genre_6,gtzan_real,gtzan_real,sanchit-gandhi/gtzan,gtzan_real__home_sanchit_.cache_datasets_downloads_extracted_f729783d70a4541cc4c9d5649655490a9c660280bdbecddfe38a8a806c73f60e_genres_metal_metal.00044,none
data\raw\openslr_librispeech_asr\librispeech_dev_1673-143397-0003.flac,0,0,0,1,0,1673,LibriSpeech,librispeech_dev,librispeech_dev,openslr/librispeech_asr,librispeech_dev_1673-143397-0003,none
data\raw\Bisher_ASVspoof_2019_LA\asvspoof2019_LA_T_2135119.flac,1,1,0,1,0,LA_0092,A01,asvspoof2019,asvspoof2019,Bisher/ASVspoof_2019_LA,asvspoof2019_LA_T_2135119,none
data\raw\Bisher_ASVspoof_2019_LA\asvspoof2019_LA_T_5938163.flac,1,1,0,1,0,LA_0096,A02,asvspoof2019,asvspoof2019,Bisher/ASVspoof_2019_LA,asvspoof2019_LA_T_5938163,none
data\raw\sanchit-gandhi_gtzan\gtzan_real__home_sanchit_.cache_datasets_downloads_extracted_f729783d70a4541cc4c9d5649655490a9c660280bdbecddfe38a8a806c73f60e_genres_blues_blues.wav,1,0,1,0,1,gtzan_0_e509,MusicGen_Sim,gtzan_fake_sim,fakemusic_sim,sim/MusicGen,gtzan_real__home_sanchit_.cache_datasets_downloads_extracted_f729783d70a4541cc4c9d5649655490a9c660280bdbecddfe38a8a806c73f60e_genres_blues_blues.00003_fake,none
data\raw\ajaykarthick_wavefake-audio\wavefake_ajay_LJ048-0156.wav,1,1,0,1,0,wavefake_016540,WF2,wavefake_ajay,wavefake_ajay,ajaykarthick/wavefake-audio,wavefake_ajay_LJ048-0156,none
data\raw\ajaykarthick_wavefake-audio\wavefake_ajay_LJ043-0029.wav,1,1,0,1,0,wavefake_242c26,WF2,wavefake_ajay,wavefake_ajay,ajaykarthick/wavefake-audio,wavefake_ajay_LJ043-0029,none
data\raw\Bisher_ASVspoof_2019_LA\asvspoof2019_LA_T_3986222.flac,1,1,0,1,0,LA_0090,A01,asvspoof2019,asvspoof2019,Bisher/ASVspoof_2019_LA,asvspoof2019_LA_T_3986222,none
data\raw\ajaykarthick_wavefake-audio\wavefake_ajay_LJ048-0186.wav,1,1,0,1,0,wavefake_a8d47e,R,wavefake_ajay,wavefake_ajay,ajaykarthick/wavefake-audio,wavefake_ajay_LJ048-0186,none
data\raw\openslr_librispeech_asr\librispeech_dev_2902-9006-0001.flac,0,0,0,1,0,2902,LibriSpeech,librispeech_dev,librispeech_dev,openslr/librispeech_asr,librispeech_dev_2902-9006-0001,none
data\raw\sanchit-gandhi_gtzan\gtzan_real__home_sanchit_.cache_datasets_downloads_extracted_f729783d70a4541cc4c9d5649655490a9c660280bdbecddfe38a8a806c73f60e_genres_country_country.wav,0,0,0,0,1,gtzan_2_a0a0,GTZAN_genre_2,gtzan_real,gtzan_real,sanchit-gandhi/gtzan,gtzan_real__home_sanchit_.cache_datasets_downloads_extracted_f729783d70a4541cc4c9d5649655490a9c660280bdbecddfe38a8a806c73f60e_genres_country_country.00002,none
data\raw\Bisher_ASVspoof_2019_LA\asvspoof2019_LA_T_2651172.flac,1,1,0,1,0,LA_0087,A01,asvspoof2019,asvspoof2019,Bisher/ASVspoof_2019_LA,asvspoof2019_LA_T_2651172,none
data\raw\sanchit-gandhi_gtzan\gtzan_real__home_sanchit_.cache_datasets_downloads_extracted_f729783d70a4541cc4c9d5649655490a9c660280bdbecddfe38a8a806c73f60e_genres_reggae_reggae.wav,0,0,0,0,1,gtzan_8_abbd,GTZAN_genre_8,gtzan_real,gtzan_real,sanchit-gandhi/gtzan,gtzan_real__home_sanchit_.cache_datasets_downloads_extracted_f729783d70a4541cc4c9d5649655490a9c660280bdbecddfe38a8a806c73f60e_genres_reggae_reggae.00061,none
data\raw\sanchit-gandhi_gtzan\gtzan_real__home_sanchit_.cache_datasets_downloads_extracted_f729783d70a4541cc4c9d5649655490a9c660280bdbecddfe38a8a806c73f60e_genres_reggae_reggae.wav,0,0,0,0,1,gtzan_8_8cfc,GTZAN_genre_8,gtzan_real,gtzan_real,sanchit-gandhi/gtzan,gtzan_real__home_sanchit_.cache_datasets_downloads_extracted_f729783d70a4541cc4c9d5649655490a9c660280bdbecddfe38a8a806c73f60e_genres_reggae_reggae.00010,none
data\raw\ajaykarthick_wavefake-audio\wavefake_ajay_LJ015-0113.wav,1,1,0,1,0,wavefake_31e31e,WF5,wavefake_ajay,wavefake_ajay,ajaykarthick/wavefake-audio,wavefake_ajay_LJ015-0113,none
data\raw\ajaykarthick_wavefake-audio\wavefake_ajay_LJ019-0302.wav,1,1,0,1,0,wavefake_6fb089,WF2,wavefake_ajay,wavefake_ajay,ajaykarthick/wavefake-audio,wavefake_ajay_LJ019-0302,none
data\raw\openslr_librispeech_asr\librispeech_dev_3853-163249-0042.flac,0,0,0,1,0,3853,LibriSpeech,librispeech_dev,librispeech_dev,openslr/librispeech_asr,librispeech_dev_3853-163249-0042,none
data\raw\ajaykarthick_wavefake-audio\wavefake_ajay_LJ029-0180.wav,1,1,0,1,0,wavefake_4b46ea,WF2,wavefake_ajay,wavefake_ajay,ajaykarthick/wavefake-audio,wavefake_ajay_LJ029-0180,none
data\raw\sanchit-gandhi_gtzan\gtzan_real__home_sanchit_.cache_datasets_downloads_extracted_f729783d70a4541cc4c9d5649655490a9c660280bdbecddfe38a8a806c73f60e_genres_metal_metal.wav,1,0,1,0,1,gtzan_6_f50d,MusicGen_Sim,gtzan_fake_sim,fakemusic_sim,sim/MusicGen,gtzan_real__home_sanchit_.cache_datasets_downloads_extracted_f729783d70a4541cc4c9d5649655490a9c660280bdbecddfe38a8a806c73f60e_genres_metal_metal.00022_fake,none
data\raw\ajaykarthick_wavefake-audio\wavefake_ajay_LJ043-0073.wav,1,1,0,1,0,wavefake_c37654,WF6,wavefake_ajay,wavefake_ajay,ajaykarthick/wavefake-audio,wavefake_ajay_LJ043-0073,none
