split,path,voice_fake,voice_present,segment_count,segment_scores,segment_spread
val_a,MIX::data\raw\openslr_librispeech_asr\librispeech_dev_777-126732-0028.flac|data/raw/gtzan_unique_v2/disco.00059.wav,0,1,3,"[0.6940096020698547, 0.6935086250305176, 0.7019405364990234]",0.00843191146850586
val_a,data\raw\openslr_librispeech_asr\librispeech_dev_3170-137482-0035.flac,0,1,2,"[0.7660634517669678, 0.76500004529953]",0.0010634064674377441
val_a,MIX::data\raw\openslr_librispeech_asr\librispeech_dev_777-126732-0035.flac|data\raw\fake_music_generated\fake_music_MusicGen_0114.wav,0,1,1,[0.7485306859016418],0.0
val_a,MIX::data\raw\openslr_librispeech_asr\librispeech_dev_6295-64301-0027.flac|data\raw\fake_music_generated\fake_music_MusicGen_0152.wav,0,1,1,[0.7136273980140686],0.0
val_a,data\raw\openslr_librispeech_asr\librispeech_dev_3170-137482-0044.flac,0,1,2,"[0.7544904947280884, 0.7620124816894531]",0.007521986961364746
val_a,MIX::data\raw\openslr_librispeech_asr\librispeech_dev_777-126732-0074.flac|data/raw/gtzan_unique_v2/blues.00019.wav,0,1,3,"[0.6418492794036865, 0.6807225346565247, 0.6499959826469421]",0.038873255252838135
val_a,data\raw\fake_music_generated\fake_music_MusicGen_0066.wav,0,0,1,[0.7371768355369568],0.0
val_a,data\raw\fake_music_generated\fake_music_MusicGen_0170.wav,0,0,1,[0.717175304889679],0.0
val_a,MIX::data\raw\ajaykarthick_wavefake-audio\wavefake_ajay_LJ019-0394.wav|data\raw\fake_music_generated\fake_music_MusicGen_0174.wav,1,1,1,[0.7661731839179993],0.0
val_a,data/raw/gtzan_unique_v2/rock.00033.wav,0,0,3,"[0.7059999704360962, 0.7026382088661194, 0.692672610282898]",0.013327360153198242
val_a,data\raw\Bisher_ASVspoof_2019_LA\asvspoof2019_LA_T_5305063.flac,1,1,1,[0.680462658405304],0.0
val_a,data/raw/gtzan_unique_v2/pop.00085.wav,0,0,3,"[0.7061470746994019, 0.7130799889564514, 0.7219473123550415]",0.01580023765563965
val_a,data\raw\fake_music_generated\fake_music_MusicGen_0252.wav,0,0,1,[0.7370949983596802],0.0
val_a,MIX::data\raw\ajaykarthick_wavefake-audio\wavefake_ajay_LJ008-0315.wav|data\raw\fake_music_generated\fake_music_MusicGen_0144.wav,1,1,2,"[0.7464796304702759, 0.7644484639167786]",0.017968833446502686
val_a,data\raw\ajaykarthick_wavefake-audio\wavefake_ajay_LJ029-0186_WF4_2.wav,1,1,2,"[0.7956031560897827, 0.7889289855957031]",0.00667417049407959
val_a,data/raw/gtzan_unique_v2/jazz.00050.wav,0,0,3,"[0.7219781875610352, 0.708184540271759, 0.723621129989624]",0.01543658971786499
val_a,MIX::data\raw\ajaykarthick_wavefake-audio\wavefake_ajay_LJ009-0248.wav|data/raw/gtzan_unique_v2/pop.00028.wav,1,1,3,"[0.7586200833320618, 0.6846193671226501, 0.7015498280525208]",0.07400071620941162
val_a,MIX::data\raw\openslr_librispeech_asr\librispeech_dev_777-126732-0045.flac|data\raw\fake_music_generated\fake_music_MusicGen_0144.wav,0,1,2,"[0.6288682818412781, 0.5846577882766724]",0.04421049356460571
val_a,MIX::data\raw\openslr_librispeech_asr\librispeech_dev_3000-15664-0007.flac|data/raw/gtzan_unique_v2/country.00069.wav,0,1,3,"[0.6424837112426758, 0.6511245369911194, 0.6529208421707153]",0.01043713092803955
val_a,data/raw/gtzan_unique_v2/hiphop.00075.wav,0,0,3,"[0.6880351305007935, 0.6934781670570374, 0.6943194270133972]",0.00628429651260376
val_a,MIX::data\raw\Bisher_ASVspoof_2019_LA\asvspoof2019_LA_T_6013298.flac|data\raw\fake_music_generated\fake_music_MusicGen_0202.wav,0,1,1,[0.7274953126907349],0.0
val_a,data/raw/gtzan_unique_v2/classical.00028.wav,0,0,3,"[0.6782964468002319, 0.6683065891265869, 0.6786895394325256]",0.01038295030593872
val_a,data\raw\Bisher_ASVspoof_2019_LA\asvspoof2019_LA_T_5520907.flac,0,1,1,[0.6705594062805176],0.0
val_a,MIX::data\raw\openslr_librispeech_asr\librispeech_dev_777-126732-0039.flac|data/raw/gtzan_unique_v2/jazz.00012.wav,0,1,3,"[0.7250065207481384, 0.6475780606269836, 0.6539822220802307]",0.07742846012115479
val_a,data\raw\fake_music_generated\fake_music_MusicGen_0296.wav,0,0,1,[0.7319642901420593],0.0
val_a,data/raw/gtzan_unique_v2/reggae.00048.wav,0,0,3,"[0.6874470710754395, 0.6834393739700317, 0.6867569088935852]",0.004007697105407715
val_a,data\raw\fake_music_generated\fake_music_MusicGen_0090.wav,0,0,1,[0.7281561493873596],0.0
val_a,MIX::data\raw\openslr_librispeech_asr\librispeech_dev_1993-147149-0012.flac|data\raw\fake_music_generated\fake_music_MusicGen_0152.wav,0,1,2,"[0.7175441980361938, 0.7387990355491638]",0.02125483751296997
val_a,MIX::data\raw\openslr_librispeech_asr\librispeech_dev_3170-137482-0001.flac|data/raw/gtzan_unique_v2/country.00040.wav,0,1,3,"[0.7462149262428284, 0.7461093664169312, 0.7236039638519287]",0.022610962390899658
val_a,MIX::data\raw\Bisher_ASVspoof_2019_LA\asvspoof2019_LA_T_1600066.flac|data/raw/gtzan_unique_v2/disco.00066.wav,1,1,3,"[0.769730806350708, 0.7138479351997375, 0.736289381980896]",0.05588287115097046
val_a,data\raw\openslr_librispeech_asr\librispeech_dev_2035-147961-0009.flac,0,1,1,[0.7179548740386963],0.0
val_a,MIX::data\raw\openslr_librispeech_asr\librispeech_dev_777-126732-0028.flac|data/raw/gtzan_unique_v2/reggae.00011.wav,0,1,3,"[0.7371675372123718, 0.6766515970230103, 0.6844983696937561]",0.06051594018936157
val_a,data\raw\Bisher_ASVspoof_2019_LA\asvspoof2019_LA_T_5034418.flac,0,1,1,[0.6414836645126343],0.0
val_a,MIX::data\raw\ajaykarthick_wavefake-audio\wavefake_ajay_LJ008-0315.wav|data/raw/gtzan_unique_v2/jazz.00012.wav,1,1,3,"[0.7783015966415405, 0.6740297675132751, 0.6754487752914429]",0.10427182912826538
val_a,data\raw\ajaykarthick_wavefake-audio\wavefake_ajay_LJ019-0268_WF2_1.wav,1,1,2,"[0.7383855581283569, 0.7552533745765686]",0.01686781644821167
val_a,MIX::data\raw\Bisher_ASVspoof_2019_LA\asvspoof2019_LA_T_2059429.flac|data/raw/gtzan_unique_v2/blues.00074.wav,1,1,3,"[0.6637206077575684, 0.6820966005325317, 0.6516168713569641]",0.030479729175567627
val_a,data\raw\openslr_librispeech_asr\librispeech_dev_2277-149897-0035.flac,0,1,1,[0.7098761796951294],0.0
val_a,data\raw\openslr_librispeech_asr\librispeech_dev_1272-128104-0000.flac,0,1,1,[0.7894690036773682],0.0
val_a,MIX::data\raw\ajaykarthick_wavefake-audio\wavefake_ajay_LJ019-0394.wav|data\raw\fake_music_generated\fake_music_MusicGen_0144.wav,1,1,2,"[0.7318835854530334, 0.734524667263031]",0.0026410818099975586
val_a,MIX::data\raw\openslr_librispeech_asr\librispeech_dev_3170-137482-0040.flac|data\raw\fake_music_generated\fake_music_MusicGen_0040.wav,0,1,2,"[0.7030405402183533, 0.7650021910667419]",0.06196165084838867
val_a,MIX::data\raw\openslr_librispeech_asr\librispeech_dev_2035-152373-0017.flac|data/raw/gtzan_unique_v2/hiphop.00001.wav,0,1,3,"[0.6974080801010132, 0.6928331851959229, 0.7109473347663879]",0.018114149570465088
val_a,data\raw\openslr_librispeech_asr\librispeech_dev_6241-61943-0002.flac,0,1,1,[0.6467392444610596],0.0
val_a,MIX::data\raw\openslr_librispeech_asr\librispeech_dev_2035-152373-0013.flac|data\raw\fake_music_generated\fake_music_MusicGen_0252.wav,0,1,3,"[0.6563625931739807, 0.7363110780715942, 0.7587648034095764]",0.1024022102355957
val_a,MIX::data\raw\Bisher_ASVspoof_2019_LA\asvspoof2019_LA_T_1229215.flac|data/raw/gtzan_unique_v2/hiphop.00001.wav,1,1,3,"[0.7065452933311462, 0.7094524502754211, 0.698553740978241]",0.010898709297180176
val_a,data\raw\ajaykarthick_wavefake-audio\wavefake_ajay_LJ009-0269_WF2_1.wav,1,1,1,[0.7804073691368103],0.0
val_a,data\raw\openslr_librispeech_asr\librispeech_dev_777-126732-0038.flac,0,1,1,[0.680515468120575],0.0
val_a,MIX::data\raw\ajaykarthick_wavefake-audio\wavefake_ajay_LJ043-0048.wav|data\raw\fake_music_generated\fake_music_MusicGen_0156.wav,1,1,2,"[0.7527377009391785, 0.7300784587860107]",0.022659242153167725
val_a,MIX::data\raw\openslr_librispeech_asr\librispeech_dev_2277-149897-0035.flac|data\raw\fake_music_generated\fake_music_MusicGen_0090.wav,0,1,2,"[0.7116273641586304, 0.677099347114563]",0.03452801704406738
val_a,data\raw\openslr_librispeech_asr\librispeech_dev_2277-149874-0000.flac,0,1,2,"[0.7386006116867065, 0.7407183051109314]",0.0021176934242248535
val_a,data/raw/gtzan_unique_v2/jazz.00041.wav,0,0,3,"[0.7041248083114624, 0.6963992714881897, 0.6858492493629456]",0.018275558948516846
val_a,MIX::data\raw\Bisher_ASVspoof_2019_LA\asvspoof2019_LA_T_5520907.flac|data/raw/gtzan_unique_v2/disco.00059.wav,0,1,3,"[0.6949125528335571, 0.6974696516990662, 0.6964865326881409]",0.002557098865509033
val_a,data/raw/gtzan_unique_v2/classical.00024.wav,0,0,3,"[0.6670850515365601, 0.6679283380508423, 0.674583375453949]",0.007498323917388916
val_a,MIX::data\raw\Bisher_ASVspoof_2019_LA\asvspoof2019_LA_T_3132363.flac|data\raw\fake_music_generated\fake_music_MusicGen_0124.wav,1,1,2,"[0.7319027781486511, 0.7042271494865417]",0.027675628662109375
val_a,data/raw/gtzan_unique_v2/disco.00058.wav,0,0,3,"[0.700386643409729, 0.6716172695159912, 0.6943700313568115]",0.028769373893737793
val_a,MIX::data\raw\ajaykarthick_wavefake-audio\wavefake_ajay_LJ048-0137.wav|data/raw/gtzan_unique_v2/jazz.00008.wav,1,1,3,"[0.8118807077407837, 0.6550248265266418, 0.6612231135368347]",0.15685588121414185
val_a,MIX::data\raw\ajaykarthick_wavefake-audio\wavefake_ajay_LJ048-0156.wav|data\raw\fake_music_generated\fake_music_MusicGen_0220.wav,1,1,1,[0.7460909485816956],0.0
val_a,MIX::data\raw\openslr_librispeech_asr\librispeech_dev_1919-142785-0044.flac|data\raw\fake_music_generated\fake_music_MusicGen_0040.wav,0,1,2,"[0.7115506529808044, 0.7532318830490112]",0.04168123006820679
val_a,MIX::data\raw\Bisher_ASVspoof_2019_LA\asvspoof2019_LA_T_9012332.flac|data\raw\fake_music_generated\fake_music_MusicGen_0170.wav,1,1,1,[0.7182577848434448],0.0
val_a,MIX::data\raw\Bisher_ASVspoof_2019_LA\asvspoof2019_LA_T_5405802.flac|data/raw/gtzan_unique_v2/disco.00058.wav,1,1,3,"[0.6966934204101562, 0.674407958984375, 0.6741148233413696]",0.02257859706878662
val_a,data\raw\ajaykarthick_wavefake-audio\wavefake_ajay_LJ019-0361.wav,0,1,2,"[0.7964587807655334, 0.7556927800178528]",0.040766000747680664
val_a,data\raw\fake_music_generated\fake_music_MusicGen_0012.wav,0,0,1,[0.7258977890014648],0.0
val_a,MIX::data\raw\openslr_librispeech_asr\librispeech_dev_6295-244435-0026.flac|data/raw/gtzan_unique_v2/hiphop.00056.wav,0,1,3,"[0.7377623319625854, 0.6910672187805176, 0.7014029622077942]",0.04669511318206787
val_a,MIX::data\raw\openslr_librispeech_asr\librispeech_dev_3000-15664-0019.flac|data/raw/gtzan_unique_v2/rock.00041.wav,0,1,3,"[0.6511009931564331, 0.6427250504493713, 0.7282344102859497]",0.08550935983657837
val_a,MIX::data\raw\Bisher_ASVspoof_2019_LA\asvspoof2019_LA_T_5305063.flac|data\raw\fake_music_generated\fake_music_MusicGen_0220.wav,1,1,1,[0.7376483678817749],0.0
val_a,data\raw\openslr_librispeech_asr\librispeech_dev_2035-152373-0011.flac,0,1,2,"[0.7623889446258545, 0.7880944609642029]",0.02570551633834839
val_a,MIX::data\raw\Bisher_ASVspoof_2019_LA\asvspoof2019_LA_T_7070941.flac|data\raw\fake_music_generated\fake_music_MusicGen_0212.wav,1,1,1,[0.6173664331436157],0.0
val_a,data\raw\openslr_librispeech_asr\librispeech_dev_3170-137482-0033.flac,0,1,1,[0.6831128001213074],0.0
val_a,data\raw\Bisher_ASVspoof_2019_LA\asvspoof2019_LA_T_3029173.flac,1,1,1,[0.7907841205596924],0.0
val_a,data\raw\ajaykarthick_wavefake-audio\wavefake_ajay_LJ043-0071.wav,1,1,1,[0.760093092918396],0.0
val_a,data\raw\openslr_librispeech_asr\librispeech_dev_6295-64301-0026.flac,0,1,2,"[0.7779423594474792, 0.7577530145645142]",0.020189344882965088
val_a,data/raw/gtzan_unique_v2/classical.00089.wav,0,0,3,"[0.6423101425170898, 0.6295023560523987, 0.6487268805503845]",0.01922452449798584
val_a,MIX::data\raw\openslr_librispeech_asr\librispeech_dev_2035-147961-0009.flac|data\raw\fake_music_generated\fake_music_MusicGen_0040.wav,0,1,2,"[0.7481114864349365, 0.7622739672660828]",0.01416248083114624
val_a,MIX::data\raw\openslr_librispeech_asr\librispeech_dev_2277-149897-0010.flac|data/raw/gtzan_unique_v2/reggae.00011.wav,0,1,3,"[0.722428560256958, 0.691806435585022, 0.6827437877655029]",0.03968477249145508
val_a,MIX::data\raw\openslr_librispeech_asr\librispeech_dev_1919-142785-0015.flac|data\raw\fake_music_generated\fake_music_MusicGen_0002.wav,0,1,2,"[0.729910671710968, 0.7290000319480896]",0.000910639762878418
val_a,data/raw/gtzan_unique_v2/jazz.00089.wav,0,0,3,"[0.6550469994544983, 0.656999945640564, 0.674177348613739]",0.019130349159240723
val_a,MIX::data\raw\ajaykarthick_wavefake-audio\wavefake_ajay_LJ019-0370.wav|data/raw/gtzan_unique_v2/jazz.00011.wav,1,1,3,"[0.8027093410491943, 0.6544479727745056, 0.6418941617012024]",0.16081517934799194
val_a,data\raw\Bisher_ASVspoof_2019_LA\asvspoof2019_LA_T_3147515.flac,1,1,1,[0.7363543510437012],0.0
val_a,data\raw\fake_music_generated\fake_music_MusicGen_0220.wav,0,0,1,[0.7347062230110168],0.0
val_a,data/raw/gtzan_unique_v2/jazz.00012.wav,0,0,3,"[0.6658088564872742, 0.6704772114753723, 0.6673566102981567]",0.0046683549880981445
val_a,data\raw\Bisher_ASVspoof_2019_LA\asvspoof2019_LA_T_6992206.flac,1,1,1,[0.7242283821105957],0.0
val_a,MIX::data\raw\ajaykarthick_wavefake-audio\wavefake_ajay_LJ048-0137.wav|data/raw/gtzan_unique_v2/classical.00031.wav,1,1,3,"[0.6859592199325562, 0.6643320918083191, 0.6543964147567749]",0.03156280517578125
val_a,MIX::data\raw\openslr_librispeech_asr\librispeech_dev_6241-61946-0011.flac|data\raw\fake_music_generated\fake_music_MusicGen_0144.wav,0,1,2,"[0.7368561625480652, 0.7522360682487488]",0.015379905700683594
val_a,MIX::data\raw\openslr_librispeech_asr\librispeech_dev_2277-149896-0028.flac|data/raw/gtzan_unique_v2/rock.00042.wav,0,1,3,"[0.6685134172439575, 0.6682500243186951, 0.6569864749908447]",0.011526942253112793
val_a,data\raw\fake_music_generated\fake_music_MusicGen_0152.wav,0,0,1,[0.7354568839073181],0.0
val_a,data\raw\fake_music_generated\fake_music_MusicGen_0174.wav,0,0,1,[0.7390713095664978],0.0
val_a,MIX::data\raw\openslr_librispeech_asr\librispeech_dev_777-126732-0005.flac|data/raw/gtzan_unique_v2/country.00023.wav,0,1,3,"[0.6689910888671875, 0.6837644577026367, 0.6894868612289429]",0.02049577236175537
val_a,data\raw\fake_music_generated\fake_music_MusicGen_0002.wav,0,0,1,[0.7267391085624695],0.0
val_a,data\raw\ajaykarthick_wavefake-audio\wavefake_ajay_LJ019-0370.wav,1,1,1,[0.8048664331436157],0.0
val_a,data\raw\ajaykarthick_wavefake-audio\wavefake_ajay_LJ050-0244.wav,1,1,1,[0.7902364730834961],0.0
val_a,data\raw\fake_music_generated\fake_music_MusicGen_0064.wav,0,0,1,[0.7317602038383484],0.0
val_a,MIX::data\raw\Bisher_ASVspoof_2019_LA\asvspoof2019_LA_T_6193190.flac|data/raw/gtzan_unique_v2/reggae.00036.wav,1,1,3,"[0.6673278212547302, 0.6682079434394836, 0.7092244625091553]",0.04189664125442505
val_a,data\raw\fake_music_generated\fake_music_MusicGen_0156.wav,0,0,1,[0.7269733548164368],0.0
val_a,MIX::data\raw\Bisher_ASVspoof_2019_LA\asvspoof2019_LA_T_2572311.flac|data/raw/gtzan_unique_v2/pop.00018.wav,0,1,3,"[0.7193747758865356, 0.688947856426239, 0.6889663338661194]",0.03042691946029663
val_a,MIX::data\raw\ajaykarthick_wavefake-audio\wavefake_ajay_LJ050-0244.wav|data\raw\fake_music_generated\fake_music_MusicGen_0252.wav,1,1,1,[0.7408403754234314],0.0
val_a,MIX::data\raw\Bisher_ASVspoof_2019_LA\asvspoof2019_LA_T_2960848.flac|data/raw/gtzan_unique_v2/reggae.00021.wav,1,1,3,"[0.6576454043388367, 0.6583986878395081, 0.6609480977058411]",0.0033026933670043945
val_a,MIX::data\raw\ajaykarthick_wavefake-audio\wavefake_ajay_LJ008-0140.wav|data\raw\fake_music_generated\fake_music_MusicGen_0212.wav,1,1,2,"[0.7998954653739929, 0.7680703401565552]",0.031825125217437744
val_a,MIX::data\raw\Bisher_ASVspoof_2019_LA\asvspoof2019_LA_T_8727197.flac|data/raw/gtzan_unique_v2/country.00061.wav,1,1,3,"[0.6706749796867371, 0.6873297691345215, 0.6920892000198364]",0.021414220333099365
val_a,MIX::data\raw\ajaykarthick_wavefake-audio\wavefake_ajay_LJ020-0094.wav|data\raw\fake_music_generated\fake_music_MusicGen_0156.wav,0,1,2,"[0.7600415349006653, 0.7458489537239075]",0.014192581176757812
val_a,MIX::data\raw\Bisher_ASVspoof_2019_LA\asvspoof2019_LA_T_8813506.flac|data\raw\fake_music_generated\fake_music_MusicGen_0002.wav,1,1,2,"[0.7849172949790955, 0.7035810351371765]",0.08133625984191895
val_a,MIX::data\raw\ajaykarthick_wavefake-audio\wavefake_ajay_LJ017-0005.wav|data/raw/gtzan_unique_v2/jazz.00034.wav,1,1,3,"[0.7697029709815979, 0.7153894305229187, 0.7131566405296326]",0.05654633045196533
val_a,data/raw/gtzan_unique_v2/hiphop.00056.wav,0,0,3,"[0.6784295439720154, 0.679931104183197, 0.6795576810836792]",0.0015015602111816406
val_a,data\raw\Bisher_ASVspoof_2019_LA\asvspoof2019_LA_T_8707664.flac,1,1,1,[0.7613484263420105],0.0
val_a,MIX::data\raw\Bisher_ASVspoof_2019_LA\asvspoof2019_LA_T_9850135.flac|data/raw/gtzan_unique_v2/country.00076.wav,1,1,3,"[0.7005432844161987, 0.6966366171836853, 0.7999370694160461]",0.10330045223236084
val_a,MIX::data\raw\ajaykarthick_wavefake-audio\wavefake_ajay_LJ019-0394.wav|data\raw\fake_music_generated\fake_music_MusicGen_0156.wav,1,1,1,[0.7313911318778992],0.0
val_a,data\raw\fake_music_generated\fake_music_MusicGen_0114.wav,0,0,1,[0.7377352714538574],0.0
val_a,data\raw\ajaykarthick_wavefake-audio\wavefake_ajay_LJ008-0280.wav,1,1,2,"[0.7896465063095093, 0.782850444316864]",0.006796061992645264
val_a,data\raw\Bisher_ASVspoof_2019_LA\asvspoof2019_LA_T_1345489.flac,1,1,1,[0.6943779587745667],0.0
val_a,data\raw\ajaykarthick_wavefake-audio\wavefake_ajay_LJ050-0275.wav,1,1,2,"[0.8059698939323425, 0.8012188673019409]",0.004751026630401611
val_a,MIX::data\raw\openslr_librispeech_asr\librispeech_dev_1993-147149-0012.flac|data\raw\fake_music_generated\fake_music_MusicGen_0252.wav,0,1,2,"[0.7465656399726868, 0.7203840613365173]",0.026181578636169434
val_a,MIX::data\raw\openslr_librispeech_asr\librispeech_dev_6295-244435-0030.flac|data/raw/gtzan_unique_v2/blues.00007.wav,0,1,3,"[0.7024263739585876, 0.7050666213035583, 0.7015880942344666]",0.003478527069091797
val_a,data\raw\Bisher_ASVspoof_2019_LA\asvspoof2019_LA_T_2415895.flac,1,1,1,[0.6977378726005554],0.0
val_a,MIX::data\raw\openslr_librispeech_asr\librispeech_dev_777-126732-0038.flac|data/raw/gtzan_unique_v2/country.00040.wav,0,1,3,"[0.6852944493293762, 0.7064073085784912, 0.7069917321205139]",0.021697282791137695
val_a,data/raw/gtzan_unique_v2/jazz.00083.wav,0,0,3,"[0.6608512997627258, 0.6544445753097534, 0.670002281665802]",0.015557706356048584
val_a,MIX::data\raw\Bisher_ASVspoof_2019_LA\asvspoof2019_LA_T_2248914.flac|data\raw\fake_music_generated\fake_music_MusicGen_0174.wav,1,1,1,[0.7405188679695129],0.0
val_a,MIX::data\raw\ajaykarthick_wavefake-audio\wavefake_ajay_LJ008-0315.wav|data/raw/gtzan_unique_v2/pop.00085.wav,1,1,3,"[0.7032297253608704, 0.672452986240387, 0.7015419602394104]",0.0307767391204834
val_a,data\raw\openslr_librispeech_asr\librispeech_dev_6241-61943-0000.flac,0,1,1,[0.72012859582901],0.0
val_a,data\raw\fake_music_generated\fake_music_MusicGen_0202.wav,0,0,1,[0.7275729775428772],0.0
val_a,data\raw\fake_music_generated\fake_music_MusicGen_0144.wav,0,0,1,[0.735801100730896],0.0
val_a,MIX::data\raw\openslr_librispeech_asr\librispeech_dev_3000-15664-0029.flac|data\raw\fake_music_generated\fake_music_MusicGen_0130.wav,0,1,2,"[0.7414436340332031, 0.742896318435669]",0.0014526844024658203
val_a,MIX::data\raw\openslr_librispeech_asr\librispeech_dev_1272-141231-0001.flac|data\raw\fake_music_generated\fake_music_MusicGen_0012.wav,0,1,2,"[0.7319429516792297, 0.7261245846748352]",0.005818367004394531
val_a,MIX::data\raw\Bisher_ASVspoof_2019_LA\asvspoof2019_LA_T_7333217.flac|data\raw\fake_music_generated\fake_music_MusicGen_0066.wav,1,1,1,[0.7158435583114624],0.0
val_a,MIX::data\raw\ajaykarthick_wavefake-audio\wavefake_ajay_LJ050-0244.wav|data/raw/gtzan_unique_v2/blues.00092.wav,1,1,3,"[0.6359530091285706, 0.6261451244354248, 0.7943459749221802]",0.16820085048675537
val_a,data\raw\fake_music_generated\fake_music_MusicGen_0086.wav,0,0,1,[0.7442546486854553],0.0
val_a,data\raw\Bisher_ASVspoof_2019_LA\asvspoof2019_LA_T_8856985.flac,1,1,1,[0.6991307139396667],0.0
val_a,data/raw/gtzan_unique_v2/disco.00023.wav,0,0,3,"[0.7050392031669617, 0.7173318862915039, 0.7301651835441589]",0.025125980377197266
val_a,MIX::data\raw\Bisher_ASVspoof_2019_LA\asvspoof2019_LA_T_9850135.flac|data\raw\fake_music_generated\fake_music_MusicGen_0040.wav,1,1,2,"[0.7773721218109131, 0.7438755035400391]",0.03349661827087402
val_a,data\raw\openslr_librispeech_asr\librispeech_dev_1919-142785-0026.flac,0,1,1,[0.7320155501365662],0.0
val_a,data/raw/gtzan_unique_v2/classical.00073.wav,0,0,3,"[0.629463791847229, 0.6524652242660522, 0.6183348894119263]",0.03413033485412598
val_b,data\raw\Bisher_ASVspoof_2019_LA\asvspoof2019_LA_T_6013298.flac,0,1,1,[0.6684085130691528],0.0
val_b,MIX::data\raw\openslr_librispeech_asr\librispeech_dev_6295-244435-0030.flac|data\raw\fake_music_generated\fake_music_AudioLDM2_0255.wav,0,1,2,"[0.7298159599304199, 0.7225776314735413]",0.007238328456878662
val_b,data\raw\fake_music_generated\fake_music_MusicGen_0208.wav,0,0,1,[0.7414830923080444],0.0
val_b,MIX::data\raw\ajaykarthick_wavefake-audio\wavefake_ajay_LJ019-0381.wav|data/raw/gtzan_unique_v2/blues.00055.wav,1,1,3,"[0.7062100172042847, 0.6995927095413208, 0.6976006627082825]",0.008609354496002197
val_b,MIX::data\raw\ajaykarthick_wavefake-audio\wavefake_ajay_LJ048-0129.wav|data/raw/gtzan_unique_v2/metal.00004.wav,1,1,3,"[0.6836016774177551, 0.6837940812110901, 0.6843643188476562]",0.000762641429901123
val_b,data\raw\openslr_librispeech_asr\librispeech_dev_1919-142785-0028.flac,0,1,1,[0.7477744221687317],0.0
val_b,MIX::data\raw\ajaykarthick_wavefake-audio\wavefake_ajay_LJ027-0131.wav|data/raw/gtzan_unique_v2/rock.00097.wav,1,1,3,"[0.7901804447174072, 0.6462488770484924, 0.6462175846099854]",0.14396286010742188
val_b,MIX::data\raw\openslr_librispeech_asr\librispeech_dev_777-126732-0038.flac|data\raw\fake_music_generated\fake_music_AudioLDM2_0187.wav,0,1,1,[0.6954321265220642],0.0
val_b,MIX::data\raw\ajaykarthick_wavefake-audio\wavefake_ajay_LJ019-0394_WF7_1.wav|data\raw\fake_music_generated\fake_music_AudioLDM2_0099.wav,1,1,2,"[0.744091808795929, 0.7730576395988464]",0.02896583080291748
val_b,MIX::data\raw\openslr_librispeech_asr\librispeech_dev_777-126732-0049.flac|data/raw/gtzan_unique_v2/disco.00023.wav,0,1,3,"[0.6782809495925903, 0.6702689528465271, 0.6856368780136108]",0.01536792516708374
val_b,data\raw\openslr_librispeech_asr\librispeech_dev_6241-61946-0011.flac,0,1,2,"[0.7264693379402161, 0.767741858959198]",0.041272521018981934
val_b,data\raw\fake_music_generated\fake_music_AudioLDM2_0209.wav,0,0,1,[0.7385679483413696],0.0
val_b,MIX::data\raw\openslr_librispeech_asr\librispeech_dev_6295-244435-0026.flac|data/raw/gtzan_unique_v2/rock.00097.wav,0,1,3,"[0.7174758911132812, 0.7452782392501831, 0.7493659853935242]",0.03189009428024292
val_b,MIX::data\raw\openslr_librispeech_asr\librispeech_dev_777-126732-0038.flac|data\raw\fake_music_generated\fake_music_AudioLDM2_0119.wav,0,1,1,[0.7133857011795044],0.0
val_b,data\raw\fake_music_generated\fake_music_AudioLDM2_0111.wav,0,0,1,[0.7318199276924133],0.0
val_b,MIX::data\raw\ajaykarthick_wavefake-audio\wavefake_ajay_LJ008-0253.wav|data/raw/gtzan_unique_v2/rock.00042.wav,1,1,3,"[0.7481247782707214, 0.6640372276306152, 0.6466398239135742]",0.10148495435714722
val_b,MIX::data\raw\Bisher_ASVspoof_2019_LA\asvspoof2019_LA_T_1345489.flac|data/raw/gtzan_unique_v2/jazz.00008.wav,1,1,3,"[0.6999078989028931, 0.6223326921463013, 0.6268699765205383]",0.0775752067565918
val_b,data\raw\ajaykarthick_wavefake-audio\wavefake_ajay_LJ028-0437.wav,1,1,2,"[0.7900948524475098, 0.7778728604316711]",0.012221992015838623
val_b,MIX::data\raw\ajaykarthick_wavefake-audio\wavefake_ajay_LJ008-0148.wav|data/raw/gtzan_unique_v2/rock.00097.wav,1,1,3,"[0.6458182334899902, 0.6612464189529419, 0.6606188416481018]",0.01542818546295166
val_b,MIX::data\raw\openslr_librispeech_asr\librispeech_dev_1272-135031-0015.flac|data\raw\fake_music_generated\fake_music_AudioLDM2_0121.wav,0,1,2,"[0.7237119078636169, 0.737713098526001]",0.014001190662384033
val_b,MIX::data\raw\openslr_librispeech_asr\librispeech_dev_6241-61946-0011.flac|data\raw\fake_music_generated\fake_music_AudioLDM2_0253.wav,0,1,2,"[0.7136805057525635, 0.7376881241798401]",0.02400761842727661
val_b,MIX::data\raw\openslr_librispeech_asr\librispeech_dev_6295-244435-0030.flac|data/raw/gtzan_unique_v2/disco.00029.wav,0,1,3,"[0.7142350673675537, 0.6962137222290039, 0.7098883986473083]",0.018021345138549805
val_b,data\raw\ajaykarthick_wavefake-audio\wavefake_ajay_LJ048-0182.wav,1,1,1,[0.7912697196006775],0.0
val_b,data/raw/gtzan_unique_v2/hiphop.00056.wav,0,0,3,"[0.6784296631813049, 0.6799325942993164, 0.6795603036880493]",0.0015029311180114746
val_b,data\raw\ajaykarthick_wavefake-audio\wavefake_ajay_LJ019-0394_WF7_1.wav,1,1,1,[0.8025791645050049],0.0
val_b,data\raw\fake_music_generated\fake_music_AudioLDM2_0117.wav,0,0,1,[0.7391523122787476],0.0
val_b,MIX::data\raw\openslr_librispeech_asr\librispeech_dev_6295-64301-0028.flac|data/raw/gtzan_unique_v2/metal.00026.wav,0,1,3,"[0.7453810572624207, 0.7499264478683472, 0.7444834113121033]",0.0054430365562438965
val_b,data/raw/gtzan_unique_v2/jazz.00004.wav,0,0,3,"[0.686163604259491, 0.6781255006790161, 0.6978804469108582]",0.01975494623184204
val_b,data\raw\fake_music_generated\fake_music_AudioLDM2_0249.wav,0,0,1,[0.7285647392272949],0.0
val_b,MIX::data\raw\ajaykarthick_wavefake-audio\wavefake_ajay_LJ009-0269.wav|data\raw\fake_music_generated\fake_music_AudioLDM2_0021.wav,1,1,2,"[0.7620202302932739, 0.7308731079101562]",0.031147122383117676
val_b,data/raw/gtzan_unique_v2/metal.00053.wav,0,0,3,"[0.7656345963478088, 0.7744206190109253, 0.7622236609458923]",0.012196958065032959
val_b,MIX::data\raw\ajaykarthick_wavefake-audio\wavefake_ajay_LJ048-0132.wav|data\raw\fake_music_generated\fake_music_AudioLDM2_0233.wav,1,1,2,"[0.8149914741516113, 0.7863444685935974]",0.028647005558013916
val_b,MIX::data\raw\ajaykarthick_wavefake-audio\wavefake_ajay_LJ029-0174.wav|data\raw\fake_music_generated\fake_music_AudioLDM2_0271.wav,1,1,2,"[0.7369659543037415, 0.7272468209266663]",0.009719133377075195
val_b,MIX::data\raw\Bisher_ASVspoof_2019_LA\asvspoof2019_LA_T_7070941.flac|data/raw/gtzan_unique_v2/hiphop.00056.wav,1,1,3,"[0.7453247904777527, 0.7439795732498169, 0.666157066822052]",0.07916772365570068
val_b,MIX::data\raw\openslr_librispeech_asr\librispeech_dev_6295-64301-0028.flac|data\raw\fake_music_generated\fake_music_AudioLDM2_0119.wav,0,1,2,"[0.750401496887207, 0.7583480477333069]",0.007946550846099854
val_b,MIX::data\raw\ajaykarthick_wavefake-audio\wavefake_ajay_LJ028-0385.wav|data/raw/gtzan_unique_v2/jazz.00034.wav,1,1,3,"[0.7539494037628174, 0.727272093296051, 0.7033967971801758]",0.0505526065826416
val_b,MIX::data\raw\ajaykarthick_wavefake-audio\wavefake_ajay_LJ009-0251.wav|data\raw\fake_music_generated\fake_music_AudioLDM2_0123.wav,1,1,2,"[0.7310095429420471, 0.7280443906784058]",0.0029651522636413574
val_b,data\raw\ajaykarthick_wavefake-audio\wavefake_ajay_LJ050-0239.wav,1,1,1,[0.7400509715080261],0.0
val_b,data/raw/gtzan_unique_v2/blues.00026.wav,0,0,3,"[0.6693823337554932, 0.6804829239845276, 0.6836773753166199]",0.014295041561126709
val_b,data\raw\fake_music_generated\fake_music_AudioLDM2_0285.wav,0,0,1,[0.7334941029548645],0.0
val_b,data\raw\fake_music_generated\fake_music_AudioLDM2_0281.wav,0,0,1,[0.735442578792572],0.0
val_b,data\raw\openslr_librispeech_asr\librispeech_dev_2035-147961-0039.flac,0,1,1,[0.7697811126708984],0.0
val_b,MIX::data\raw\openslr_librispeech_asr\librispeech_dev_1272-135031-0018.flac|data\raw\fake_music_generated\fake_music_AudioLDM2_0191.wav,0,1,1,[0.7317491173744202],0.0
val_b,MIX::data\raw\ajaykarthick_wavefake-audio\wavefake_ajay_LJ009-0251.wav|data\raw\fake_music_generated\fake_music_AudioLDM2_0207.wav,1,1,2,"[0.7667759656906128, 0.7510012984275818]",0.015774667263031006
val_b,data/raw/gtzan_unique_v2/disco.00066.wav,0,0,3,"[0.716841459274292, 0.7226892709732056, 0.7204524278640747]",0.005847811698913574
val_b,data\raw\ajaykarthick_wavefake-audio\wavefake_ajay_LJ007-0201.wav,1,1,1,[0.785953164100647],0.0
val_b,MIX::data\raw\Bisher_ASVspoof_2019_LA\asvspoof2019_LA_T_4334140.flac|data/raw/gtzan_unique_v2/reggae.00036.wav,0,1,3,"[0.6865692734718323, 0.6896832585334778, 0.7699664831161499]",0.08339720964431763
val_b,MIX::data\raw\openslr_librispeech_asr\librispeech_dev_3170-137482-0044.flac|data/raw/gtzan_unique_v2/reggae.00041.wav,0,1,3,"[0.7506836652755737, 0.7089141607284546, 0.7337947487831116]",0.04176950454711914
val_b,data/raw/gtzan_unique_v2/reggae.00041.wav,0,0,3,"[0.6855602264404297, 0.6944526433944702, 0.7071244716644287]",0.021564245223999023
val_b,data\raw\fake_music_generated\fake_music_AudioLDM2_0001.wav,0,0,1,[0.7402870059013367],0.0
val_b,data/raw/gtzan_unique_v2/jazz.00034.wav,0,0,3,"[0.6880731582641602, 0.6969470381736755, 0.6999240517616272]",0.011850893497467041
val_b,MIX::data\raw\ajaykarthick_wavefake-audio\wavefake_ajay_LJ019-0280.wav|data\raw\fake_music_generated\fake_music_AudioLDM2_0117.wav,1,1,1,[0.7427399158477783],0.0
val_b,MIX::data\raw\ajaykarthick_wavefake-audio\wavefake_ajay_LJ043-0050.wav|data/raw/gtzan_unique_v2/jazz.00034.wav,1,1,3,"[0.6933860778808594, 0.6814888715744019, 0.6753785610198975]",0.018007516860961914
val_b,MIX::data\raw\openslr_librispeech_asr\librispeech_dev_6295-64301-0028.flac|data/raw/gtzan_unique_v2/classical.00042.wav,0,1,3,"[0.6951109170913696, 0.6932278871536255, 0.6867203712463379]",0.008390545845031738
val_b,data\raw\ajaykarthick_wavefake-audio\wavefake_ajay_LJ009-0260.wav,1,1,1,[0.6806367039680481],0.0
val_b,data\raw\ajaykarthick_wavefake-audio\wavefake_ajay_LJ028-0365.wav,1,1,1,[0.7706792950630188],0.0
val_b,data\raw\fake_music_generated\fake_music_AudioLDM2_0097.wav,0,0,1,[0.7327003479003906],0.0
val_b,data\raw\ajaykarthick_wavefake-audio\wavefake_ajay_LJ029-0133.wav,1,1,1,[0.7976024150848389],0.0
val_b,MIX::data\raw\openslr_librispeech_asr\librispeech_dev_6295-244435-0030.flac|data/raw/gtzan_unique_v2/classical.00001.wav,0,1,3,"[0.6144018769264221, 0.6468982696533203, 0.7477912902832031]",0.133389413356781
val_b,data\raw\openslr_librispeech_asr\librispeech_dev_1272-141231-0010.flac,0,1,2,"[0.7693918943405151, 0.7825414538383484]",0.013149559497833252
val_b,MIX::data\raw\ajaykarthick_wavefake-audio\wavefake_ajay_LJ050-0250.wav|data/raw/gtzan_unique_v2/hiphop.00052.wav,1,1,3,"[0.6840342283248901, 0.7469008564949036, 0.7980960011482239]",0.11406177282333374
val_b,data/raw/gtzan_unique_v2/rock.00042.wav,0,0,3,"[0.6924991011619568, 0.708167314529419, 0.6938478946685791]",0.015668213367462158
val_b,data\raw\fake_music_generated\fake_music_AudioLDM2_0185.wav,0,0,1,[0.7323987483978271],0.0
val_b,MIX::data\raw\Bisher_ASVspoof_2019_LA\asvspoof2019_LA_T_2265802.flac|data\raw\fake_music_generated\fake_music_AudioLDM2_0153.wav,1,1,1,[0.7005152106285095],0.0
val_b,MIX::data\raw\openslr_librispeech_asr\librispeech_dev_3000-15664-0037.flac|data/raw/gtzan_unique_v2/jazz.00019.wav,0,1,3,"[0.6957120895385742, 0.7199710011482239, 0.6872568130493164]",0.03271418809890747
val_b,data\raw\ajaykarthick_wavefake-audio\wavefake_ajay_LJ020-0062.wav,1,1,2,"[0.7913222908973694, 0.7915745377540588]",0.0002522468566894531
val_b,data\raw\Bisher_ASVspoof_2019_LA\asvspoof2019_LA_T_9850135.flac,1,1,1,[0.7812884449958801],0.0
val_b,MIX::data\raw\Bisher_ASVspoof_2019_LA\asvspoof2019_LA_T_6963013.flac|data\raw\fake_music_generated\fake_music_MusicGen_0064.wav,0,1,2,"[0.7293702960014343, 0.7790406942367554]",0.049670398235321045
val_b,data\raw\fake_music_generated\fake_music_AudioLDM2_0145.wav,0,0,1,[0.7484016418457031],0.0
val_b,data/raw/gtzan_unique_v2/disco.00059.wav,0,0,3,"[0.6800403594970703, 0.6807509064674377, 0.6864254474639893]",0.006385087966918945
val_b,data/raw/gtzan_unique_v2/country.00023.wav,0,0,3,"[0.6901732683181763, 0.6482459306716919, 0.6477707624435425]",0.04240250587463379
val_b,MIX::data\raw\openslr_librispeech_asr\librispeech_dev_777-126732-0045.flac|data\raw\fake_music_generated\fake_music_AudioLDM2_0075.wav,0,1,2,"[0.7740786075592041, 0.7255727648735046]",0.04850584268569946
val_b,data/raw/gtzan_unique_v2/classical.00031.wav,0,0,3,"[0.6294344067573547, 0.6393507122993469, 0.6335628032684326]",0.009916305541992188
val_b,data/raw/gtzan_unique_v2/rock.00097.wav,0,0,3,"[0.6675359606742859, 0.6954556107521057, 0.6950359344482422]",0.027919650077819824
val_b,MIX::data\raw\Bisher_ASVspoof_2019_LA\asvspoof2019_LA_T_4334140.flac|data/raw/gtzan_unique_v2/hiphop.00032.wav,0,1,3,"[0.6619806289672852, 0.6757619976997375, 0.6650747656822205]",0.013781368732452393
val_b,MIX::data\raw\openslr_librispeech_asr\librispeech_dev_3000-15664-0037.flac|data\raw\fake_music_generated\fake_music_AudioLDM2_0065.wav,0,1,2,"[0.7219617962837219, 0.7214504480361938]",0.0005113482475280762
val_b,MIX::data\raw\ajaykarthick_wavefake-audio\wavefake_ajay_LJ020-0089.wav|data\raw\fake_music_generated\fake_music_AudioLDM2_0101.wav,1,1,1,[0.7338438630104065],0.0
val_b,MIX::data\raw\ajaykarthick_wavefake-audio\wavefake_ajay_LJ020-0034.wav|data/raw/gtzan_unique_v2/reggae.00021.wav,1,1,3,"[0.7208817005157471, 0.6939354538917542, 0.6850148439407349]",0.03586685657501221
val_b,data\raw\Bisher_ASVspoof_2019_LA\asvspoof2019_LA_T_6963013.flac,0,1,1,[0.7646232843399048],0.0
val_b,MIX::data\raw\openslr_librispeech_asr\librispeech_dev_1993-147149-0028.flac|data/raw/gtzan_unique_v2/reggae.00021.wav,0,1,3,"[0.7284465432167053, 0.6648823618888855, 0.6716493368148804]",0.06356418132781982
val_b,data\raw\openslr_librispeech_asr\librispeech_dev_3170-137482-0044.flac,0,1,2,"[0.7550580501556396, 0.7628894448280334]",0.007831394672393799
val_b,MIX::data\raw\openslr_librispeech_asr\librispeech_dev_2035-152373-0007.flac|data/raw/gtzan_unique_v2/disco.00023.wav,0,1,3,"[0.757975697517395, 0.7499255537986755, 0.7007021903991699]",0.0572735071182251
val_b,data/raw/gtzan_unique_v2/disco.00086.wav,0,0,3,"[0.7163231372833252, 0.7303513288497925, 0.7288435697555542]",0.014028191566467285
val_b,data\raw\ajaykarthick_wavefake-audio\wavefake_ajay_LJ008-0287.wav,1,1,1,[0.8043832182884216],0.0
val_b,data\raw\openslr_librispeech_asr\librispeech_dev_1919-142785-0044.flac,0,1,1,[0.7340375185012817],0.0
val_b,MIX::data\raw\ajaykarthick_wavefake-audio\wavefake_ajay_LJ019-0381.wav|data\raw\fake_music_generated\fake_music_MusicGen_0212.wav,1,1,2,"[0.7387997508049011, 0.703086793422699]",0.03571295738220215
val_b,data\raw\Bisher_ASVspoof_2019_LA\asvspoof2019_LA_T_5520907.flac,0,1,1,[0.6939650177955627],0.0
val_b,data\raw\fake_music_generated\fake_music_AudioLDM2_0261.wav,0,0,1,[0.7287853360176086],0.0
val_b,data\raw\fake_music_generated\fake_music_AudioLDM2_0215.wav,0,0,1,[0.7351495027542114],0.0
val_b,MIX::data\raw\openslr_librispeech_asr\librispeech_dev_3000-15664-0010.flac|data\raw\fake_music_generated\fake_music_AudioLDM2_0173.wav,0,1,2,"[0.740705132484436, 0.7393143773078918]",0.0013907551765441895
val_b,data\raw\fake_music_generated\fake_music_AudioLDM2_0179.wav,0,0,1,[0.7317625284194946],0.0
val_b,MIX::data\raw\openslr_librispeech_asr\librispeech_dev_777-126732-0038.flac|data\raw\fake_music_generated\fake_music_MusicGen_0064.wav,0,1,2,"[0.7279656529426575, 0.7120779156684875]",0.015887737274169922
val_b,MIX::data\raw\ajaykarthick_wavefake-audio\wavefake_ajay_LJ028-0424.wav|data\raw\fake_music_generated\fake_music_AudioLDM2_0021.wav,1,1,2,"[0.7562578320503235, 0.7804349660873413]",0.024177134037017822
val_b,MIX::data\raw\ajaykarthick_wavefake-audio\wavefake_ajay_LJ019-0394_WF7_1.wav|data/raw/gtzan_unique_v2/hiphop.00052.wav,1,1,3,"[0.6752458214759827, 0.691102921962738, 0.7168896198272705]",0.04164379835128784
val_b,MIX::data\raw\ajaykarthick_wavefake-audio\wavefake_ajay_LJ028-0385.wav|data\raw\fake_music_generated\fake_music_AudioLDM2_0255.wav,1,1,1,[0.7429280877113342],0.0
val_b,MIX::data\raw\openslr_librispeech_asr\librispeech_dev_1272-141231-0010.flac|data/raw/gtzan_unique_v2/disco.00059.wav,0,1,3,"[0.724547266960144, 0.7195382714271545, 0.6885730028152466]",0.03597426414489746
val_b,data/raw/gtzan_unique_v2/country.00069.wav,0,0,3,"[0.6653624773025513, 0.6618950963020325, 0.6789765954017639]",0.017081499099731445
val_b,data/raw/gtzan_unique_v2/metal.00051.wav,0,0,3,"[0.7724937200546265, 0.7731751203536987, 0.7753186225891113]",0.0028249025344848633
val_b,data\raw\openslr_librispeech_asr\librispeech_dev_6241-61946-0004.flac,0,1,1,[0.7930799722671509],0.0
val_b,MIX::data\raw\ajaykarthick_wavefake-audio\wavefake_ajay_LJ019-0387.wav|data/raw/gtzan_unique_v2/rock.00099.wav,1,1,3,"[0.793718695640564, 0.6609030961990356, 0.6597572565078735]",0.13396143913269043
val_b,MIX::data\raw\Bisher_ASVspoof_2019_LA\asvspoof2019_LA_T_5520907.flac|data\raw\fake_music_generated\fake_music_AudioLDM2_0097.wav,0,1,1,[0.6794414520263672],0.0
val_b,data\raw\openslr_librispeech_asr\librispeech_dev_2277-149874-0007.flac,0,1,1,[0.742110013961792],0.0
val_b,data\raw\ajaykarthick_wavefake-audio\wavefake_ajay_LJ002-0039.wav,1,1,1,[0.7796491980552673],0.0
val_b,MIX::data\raw\ajaykarthick_wavefake-audio\wavefake_ajay_LJ043-0069.wav|data/raw/gtzan_unique_v2/jazz.00019.wav,1,1,3,"[0.7094675898551941, 0.7148312330245972, 0.7086323499679565]",0.006198883056640625
val_b,data\raw\ajaykarthick_wavefake-audio\wavefake_ajay_LJ043-0036.wav,0,1,2,"[0.7802653908729553, 0.7797876596450806]",0.00047773122787475586
val_b,data\raw\fake_music_generated\fake_music_AudioLDM2_0101.wav,0,0,1,[0.734079897403717],0.0
val_b,data\raw\openslr_librispeech_asr\librispeech_dev_1993-147964-0004.flac,0,1,1,[0.7567139267921448],0.0
val_b,MIX::data\raw\Bisher_ASVspoof_2019_LA\asvspoof2019_LA_T_4334140.flac|data/raw/gtzan_unique_v2/pop.00096.wav,0,1,3,"[0.6920920014381409, 0.7276220917701721, 0.7164285182952881]",0.03553009033203125
val_b,MIX::data\raw\ajaykarthick_wavefake-audio\wavefake_ajay_LJ008-0280.wav|data/raw/gtzan_unique_v2/jazz.00019.wav,1,1,3,"[0.6621641516685486, 0.6565002202987671, 0.6581739187240601]",0.005663931369781494
val_b,MIX::data\raw\ajaykarthick_wavefake-audio\wavefake_ajay_LJ020-0082.wav|data/raw/gtzan_unique_v2/reggae.00036.wav,1,1,3,"[0.716238260269165, 0.7283948063850403, 0.6822036504745483]",0.04619115591049194
val_b,data\raw\openslr_librispeech_asr\librispeech_dev_1919-142785-0047.flac,0,1,2,"[0.7277740836143494, 0.7385660409927368]",0.010791957378387451
val_b,data/raw/gtzan_unique_v2/jazz.00008.wav,0,0,3,"[0.6760232448577881, 0.6869688034057617, 0.6916636228561401]",0.01564037799835205
val_b,data\raw\fake_music_generated\fake_music_AudioLDM2_0017.wav,0,0,1,[0.7300728559494019],0.0
val_b,MIX::data\raw\Bisher_ASVspoof_2019_LA\asvspoof2019_LA_T_5520907.flac|data/raw/gtzan_unique_v2/rock.00042.wav,0,1,3,"[0.6678987741470337, 0.6695939898490906, 0.6619839072227478]",0.0076100826263427734
val_b,MIX::data\raw\openslr_librispeech_asr\librispeech_dev_777-126732-0012.flac|data\raw\fake_music_generated\fake_music_AudioLDM2_0271.wav,0,1,2,"[0.6596287488937378, 0.729767918586731]",0.07013916969299316
val_b,data\raw\openslr_librispeech_asr\librispeech_dev_2277-149896-0028.flac,0,1,1,[0.7030130624771118],0.0
val_b,data\raw\ajaykarthick_wavefake-audio\wavefake_ajay_LJ019-0268.wav,1,1,2,"[0.7398089170455933, 0.7569780349731445]",0.01716911792755127
val_b,MIX::data\raw\ajaykarthick_wavefake-audio\wavefake_ajay_LJ007-0180.wav|data\raw\fake_music_generated\fake_music_AudioLDM2_0169.wav,1,1,1,[0.745998740196228],0.0
val_b,MIX::data\raw\ajaykarthick_wavefake-audio\wavefake_ajay_LJ008-0253.wav|data\raw\fake_music_generated\fake_music_AudioLDM2_0163.wav,1,1,1,[0.7264958620071411],0.0
val_b,MIX::data\raw\ajaykarthick_wavefake-audio\wavefake_ajay_LJ019-0361.wav|data\raw\fake_music_generated\fake_music_AudioLDM2_0117.wav,0,1,2,"[0.7583070397377014, 0.748458981513977]",0.009848058223724365
val_b,MIX::data\raw\openslr_librispeech_asr\librispeech_dev_2035-147960-0013.flac|data\raw\fake_music_generated\fake_music_AudioLDM2_0231.wav,0,1,1,[0.7362472414970398],0.0
val_b,MIX::data\raw\ajaykarthick_wavefake-audio\wavefake_ajay_LJ008-0140.wav|data\raw\fake_music_generated\fake_music_AudioLDM2_0065.wav,1,1,2,"[0.7922876477241516, 0.7827686071395874]",0.009519040584564209
val_b,data\raw\ajaykarthick_wavefake-audio\wavefake_ajay_LJ048-0107.wav,1,1,1,[0.6955991983413696],0.0
val_b,data\raw\ajaykarthick_wavefake-audio\wavefake_ajay_LJ020-0034.wav,1,1,1,[0.6993181109428406],0.0
val_b,data\raw\ajaykarthick_wavefake-audio\wavefake_ajay_LJ048-0132.wav,1,1,1,[0.8065531253814697],0.0
val_b,MIX::data\raw\ajaykarthick_wavefake-audio\wavefake_ajay_LJ008-0287.wav|data\raw\fake_music_generated\fake_music_AudioLDM2_0253.wav,1,1,2,"[0.7417964339256287, 0.7411625981330872]",0.0006338357925415039
val_b,data\raw\openslr_librispeech_asr\librispeech_dev_777-126732-0012.flac,0,1,1,[0.7505918741226196],0.0
val_b,MIX::data\raw\Bisher_ASVspoof_2019_LA\asvspoof2019_LA_T_5520907.flac|data/raw/gtzan_unique_v2/classical.00001.wav,0,1,3,"[0.6808343529701233, 0.6240736246109009, 0.6510619521141052]",0.05676072835922241
val_c,MIX::data\raw\openslr_librispeech_asr\librispeech_dev_777-126732-0074.flac|data/raw/gtzan_unique_v2/blues.00019.wav,0,1,3,"[0.6198171377182007, 0.632881224155426, 0.6332400441169739]",0.013422906398773193
val_c,data\raw\Bisher_ASVspoof_2019_LA\asvspoof2019_LA_T_1755508.flac,1,1,1,[0.7392389178276062],0.0
val_c,data\raw\openslr_librispeech_asr\librispeech_dev_1272-128104-0010.flac,0,1,1,[0.714144766330719],0.0
val_c,MIX::data\raw\Bisher_ASVspoof_2019_LA\asvspoof2019_LA_T_3132363.flac|data\raw\fake_music_generated\fake_music_MusicGen_0124.wav,1,1,2,"[0.7116374969482422, 0.685025691986084]",0.026611804962158203
val_c,MIX::data\raw\Bisher_ASVspoof_2019_LA\asvspoof2019_LA_T_6013298.flac|data\raw\fake_music_generated\fake_music_MusicGen_0202.wav,0,1,1,[0.7056970000267029],0.0
val_c,data\raw\openslr_librispeech_asr\librispeech_dev_777-126732-0035.flac,0,1,1,[0.7485860586166382],0.0
val_c,data\raw\openslr_librispeech_asr\librispeech_dev_2035-147961-0037.flac,0,1,1,[0.731772243976593],0.0
val_c,MIX::data\raw\openslr_librispeech_asr\librispeech_dev_777-126732-0042.flac|data/raw/gtzan_unique_v2/jazz.00081.wav,0,1,3,"[0.6189317107200623, 0.6225411295890808, 0.6244129538536072]",0.005481243133544922
val_c,data\raw\Bisher_ASVspoof_2019_LA\asvspoof2019_LA_T_4124217.flac,1,1,2,"[0.7098391056060791, 0.7788248062133789]",0.0689857006072998
val_c,data/raw/gtzan_unique_v2/country.00092.wav,0,0,3,"[0.7088041305541992, 0.7000748515129089, 0.7026222944259644]",0.008729279041290283
val_c,data\raw\fake_music_generated\fake_music_MusicGen_0114.wav,0,0,1,[0.7148534059524536],0.0
val_c,data/raw/gtzan_unique_v2/jazz.00011.wav,0,0,3,"[0.6651957631111145, 0.6415925025939941, 0.6403389573097229]",0.0248568058013916
val_c,data\raw\Bisher_ASVspoof_2019_LA\asvspoof2019_LA_T_9007890.flac,1,1,1,[0.7075732946395874],0.0
val_c,data\raw\fake_music_generated\fake_music_MusicGen_0090.wav,0,0,1,[0.7077673077583313],0.0
val_c,MIX::data\raw\Bisher_ASVspoof_2019_LA\asvspoof2019_LA_T_9012332.flac|data\raw\fake_music_generated\fake_music_MusicGen_0170.wav,1,1,1,[0.6974282264709473],0.0
val_c,data\raw\ajaykarthick_wavefake-audio\wavefake_ajay_LJ029-0207.wav,1,1,1,[0.7264822721481323],0.0
val_c,data\raw\fake_music_generated\fake_music_MusicGen_0130.wav,0,0,1,[0.7169061899185181],0.0
val_c,MIX::data\raw\Bisher_ASVspoof_2019_LA\asvspoof2019_LA_T_5305063.flac|data\raw\fake_music_generated\fake_music_MusicGen_0220.wav,1,1,1,[0.7115521430969238],0.0
val_c,data\raw\openslr_librispeech_asr\librispeech_dev_777-126732-0013.flac,0,1,2,"[0.7222611904144287, 0.7067074775695801]",0.015553712844848633
val_c,MIX::data\raw\openslr_librispeech_asr\librispeech_dev_2277-149897-0035.flac|data\raw\fake_music_generated\fake_music_MusicGen_0090.wav,0,1,2,"[0.685841977596283, 0.6580016613006592]",0.02784031629562378
val_c,MIX::data\raw\Bisher_ASVspoof_2019_LA\asvspoof2019_LA_T_9850135.flac|data/raw/gtzan_unique_v2/country.00076.wav,1,1,3,"[0.6631263494491577, 0.6547331213951111, 0.7555060386657715]",0.1007729172706604
val_c,data\raw\openslr_librispeech_asr\librispeech_dev_1272-135031-0012.flac,0,1,1,[0.6492172479629517],0.0
val_c,MIX::data\raw\Bisher_ASVspoof_2019_LA\asvspoof2019_LA_T_2572311.flac|data/raw/gtzan_unique_v2/pop.00018.wav,0,1,3,"[0.6872172355651855, 0.6205784678459167, 0.6294819712638855]",0.0666387677192688
val_c,MIX::data\raw\ajaykarthick_wavefake-audio\wavefake_ajay_LJ019-0394.wav|data\raw\fake_music_generated\fake_music_MusicGen_0144.wav,1,1,2,"[0.6960967779159546, 0.7002319693565369]",0.004135191440582275
val_c,MIX::data\raw\openslr_librispeech_asr\librispeech_dev_3000-15664-0029.flac|data\raw\fake_music_generated\fake_music_MusicGen_0130.wav,0,1,2,"[0.7138550281524658, 0.7164909839630127]",0.002635955810546875
val_c,data/raw/gtzan_unique_v2/pop.00028.wav,0,0,3,"[0.6758928298950195, 0.6913688778877258, 0.7292098999023438]",0.05331707000732422
val_c,MIX::data\raw\openslr_librispeech_asr\librispeech_dev_1993-147149-0012.flac|data\raw\fake_music_generated\fake_music_MusicGen_0152.wav,0,1,2,"[0.6981340050697327, 0.7158113718032837]",0.017677366733551025
val_c,MIX::data\raw\ajaykarthick_wavefake-audio\wavefake_ajay_LJ048-0137.wav|data/raw/gtzan_unique_v2/classical.00031.wav,1,1,3,"[0.6330198645591736, 0.6308097839355469, 0.6176642179489136]",0.01535564661026001
val_c,MIX::data\raw\ajaykarthick_wavefake-audio\wavefake_ajay_LJ043-0048.wav|data\raw\fake_music_generated\fake_music_MusicGen_0156.wav,1,1,2,"[0.7179540395736694, 0.7058261632919312]",0.012127876281738281
val_c,data\raw\ajaykarthick_wavefake-audio\wavefake_ajay_LJ010-0005_WF6_2.wav,1,1,2,"[0.7618107795715332, 0.74269700050354]",0.019113779067993164
val_c,data\raw\ajaykarthick_wavefake-audio\wavefake_ajay_LJ009-0006.wav,1,1,2,"[0.7409118413925171, 0.747148334980011]",0.0062364935874938965
val_c,data\raw\fake_music_generated\fake_music_MusicGen_0012.wav,0,0,1,[0.7031183838844299],0.0
val_c,data\raw\fake_music_generated\fake_music_MusicGen_0156.wav,0,0,1,[0.7080767154693604],0.0
val_c,MIX::data\raw\Bisher_ASVspoof_2019_LA\asvspoof2019_LA_T_2662915.flac|data\raw\fake_music_generated\fake_music_MusicGen_0296.wav,0,1,1,[0.6985538601875305],0.0
val_c,data\raw\openslr_librispeech_asr\librispeech_dev_1919-142785-0022.flac,0,1,1,[0.6915062665939331],0.0
val_c,MIX::data\raw\Bisher_ASVspoof_2019_LA\asvspoof2019_LA_T_2960848.flac|data/raw/gtzan_unique_v2/reggae.00021.wav,1,1,3,"[0.6353124380111694, 0.631805419921875, 0.6375443935394287]",0.005738973617553711
val_c,data\raw\openslr_librispeech_asr\librispeech_dev_3170-137482-0028.flac,0,1,1,[0.6943025588989258],0.0
val_c,data\raw\openslr_librispeech_asr\librispeech_dev_777-126732-0012.flac,0,1,1,[0.7232478857040405],0.0
val_c,data/raw/gtzan_unique_v2/hiphop.00011.wav,0,0,3,"[0.6830183863639832, 0.6795797944068909, 0.6835665702819824]",0.003986775875091553
val_c,data\raw\ajaykarthick_wavefake-audio\wavefake_ajay_LJ029-0133.wav,1,1,1,[0.7505960464477539],0.0
val_c,MIX::data\raw\Bisher_ASVspoof_2019_LA\asvspoof2019_LA_T_7333217.flac|data\raw\fake_music_generated\fake_music_MusicGen_0124.wav,1,1,1,[0.7096238732337952],0.0
val_c,MIX::data\raw\ajaykarthick_wavefake-audio\wavefake_ajay_LJ019-0394.wav|data\raw\fake_music_generated\fake_music_MusicGen_0156.wav,1,1,1,[0.7109641432762146],0.0
val_c,MIX::data\raw\ajaykarthick_wavefake-audio\wavefake_ajay_LJ048-0137.wav|data/raw/gtzan_unique_v2/jazz.00008.wav,1,1,3,"[0.7727969884872437, 0.6190550327301025, 0.6186673045158386]",0.15412968397140503
val_c,data/raw/gtzan_unique_v2/hiphop.00099.wav,0,0,3,"[0.6587820053100586, 0.6618272662162781, 0.6632441282272339]",0.004462122917175293
val_c,MIX::data\raw\openslr_librispeech_asr\librispeech_dev_777-126732-0042.flac|data\raw\fake_music_generated\fake_music_MusicGen_0114.wav,0,1,2,"[0.6325333118438721, 0.6797562837600708]",0.04722297191619873
val_c,data\raw\Bisher_ASVspoof_2019_LA\asvspoof2019_LA_T_3147515.flac,1,1,1,[0.6978502869606018],0.0
val_c,MIX::data\raw\openslr_librispeech_asr\librispeech_dev_3000-15664-0019.flac|data/raw/gtzan_unique_v2/rock.00041.wav,0,1,3,"[0.6246846914291382, 0.6161527633666992, 0.6938369870185852]",0.07768422365188599
val_c,data/raw/gtzan_unique_v2/disco.00066.wav,0,0,3,"[0.6876458525657654, 0.6974664926528931, 0.6950286626815796]",0.009820640087127686
val_c,MIX::data\raw\ajaykarthick_wavefake-audio\wavefake_ajay_LJ019-0370.wav|data/raw/gtzan_unique_v2/jazz.00011.wav,1,1,3,"[0.746849775314331, 0.6195236444473267, 0.6143626570701599]",0.13248711824417114
val_c,data\raw\fake_music_generated\fake_music_MusicGen_0170.wav,0,0,1,[0.6949655413627625],0.0
val_c,data\raw\ajaykarthick_wavefake-audio\wavefake_ajay_LJ009-0269_WF2_1.wav,1,1,1,[0.7502023577690125],0.0
val_c,data\raw\fake_music_generated\fake_music_MusicGen_0124.wav,0,0,1,[0.7110121846199036],0.0
val_c,MIX::data\raw\ajaykarthick_wavefake-audio\wavefake_ajay_LJ019-0394.wav|data\raw\fake_music_generated\fake_music_MusicGen_0174.wav,1,1,1,[0.715197741985321],0.0
val_c,MIX::data\raw\openslr_librispeech_asr\librispeech_dev_6295-244435-0026.flac|data/raw/gtzan_unique_v2/blues.00043.wav,0,1,3,"[0.6586681604385376, 0.6660359501838684, 0.6604076623916626]",0.0073677897453308105
val_c,data/raw/gtzan_unique_v2/reggae.00011.wav,0,0,3,"[0.6230919361114502, 0.6286494731903076, 0.6304789185523987]",0.007386982440948486
val_c,data\raw\openslr_librispeech_asr\librispeech_dev_6295-244435-0030.flac,0,1,1,[0.6921941637992859],0.0
val_c,MIX::data\raw\Bisher_ASVspoof_2019_LA\asvspoof2019_LA_T_1229215.flac|data/raw/gtzan_unique_v2/hiphop.00001.wav,1,1,3,"[0.674924373626709, 0.6690190434455872, 0.6671264171600342]",0.007797956466674805
val_c,MIX::data\raw\Bisher_ASVspoof_2019_LA\asvspoof2019_LA_T_2059429.flac|data/raw/gtzan_unique_v2/blues.00074.wav,1,1,3,"[0.6239398717880249, 0.6369002461433411, 0.6105092167854309]",0.026391029357910156
val_c,data\raw\fake_music_generated\fake_music_MusicGen_0220.wav,0,0,1,[0.7149428129196167],0.0
val_c,MIX::data\raw\openslr_librispeech_asr\librispeech_dev_3170-137482-0001.flac|data/raw/gtzan_unique_v2/country.00040.wav,0,1,3,"[0.7164185643196106, 0.7137444019317627, 0.6803443431854248]",0.03607422113418579
val_c,MIX::data\raw\openslr_librispeech_asr\librispeech_dev_1919-142785-0044.flac|data\raw\fake_music_generated\fake_music_MusicGen_0040.wav,0,1,2,"[0.6772410273551941, 0.7061868906021118]",0.028945863246917725
val_c,MIX::data\raw\Bisher_ASVspoof_2019_LA\asvspoof2019_LA_T_8813506.flac|data\raw\fake_music_generated\fake_music_MusicGen_0002.wav,1,1,2,"[0.7540252208709717, 0.6852188110351562]",0.06880640983581543
val_c,data/raw/gtzan_unique_v2/jazz.00004.wav,0,0,3,"[0.6541664600372314, 0.6360435485839844, 0.6634851098060608]",0.027441561222076416
val_c,MIX::data\raw\openslr_librispeech_asr\librispeech_dev_3170-137482-0040.flac|data\raw\fake_music_generated\fake_music_MusicGen_0040.wav,0,1,2,"[0.6880525946617126, 0.7292464375495911]",0.04119384288787842
val_c,MIX::data\raw\openslr_librispeech_asr\librispeech_dev_777-126732-0005.flac|data/raw/gtzan_unique_v2/country.00023.wav,0,1,3,"[0.6283416748046875, 0.6415278315544128, 0.6596959829330444]",0.031354308128356934
val_c,MIX::data\raw\ajaykarthick_wavefake-audio\wavefake_ajay_LJ009-0223.wav|data/raw/gtzan_unique_v2/classical.00092.wav,0,1,3,"[0.6325751543045044, 0.6145668625831604, 0.5953755378723145]",0.03719961643218994
val_c,MIX::data\raw\Bisher_ASVspoof_2019_LA\asvspoof2019_LA_T_5520907.flac|data/raw/gtzan_unique_v2/disco.00059.wav,0,1,3,"[0.6714818477630615, 0.6738544702529907, 0.667868435382843]",0.005986034870147705
val_c,data\raw\Bisher_ASVspoof_2019_LA\asvspoof2019_LA_T_4334140.flac,0,1,1,[0.7382715940475464],0.0
val_c,data\raw\Bisher_ASVspoof_2019_LA\asvspoof2019_LA_T_3075213.flac,1,1,1,[0.7714482545852661],0.0
val_c,MIX::data\raw\openslr_librispeech_asr\librispeech_dev_777-126732-0038.flac|data/raw/gtzan_unique_v2/country.00040.wav,0,1,3,"[0.6703278422355652, 0.6811898946762085, 0.6855406761169434]",0.015212833881378174
val_c,data\raw\openslr_librispeech_asr\librispeech_dev_6241-61946-0011.flac,0,1,2,"[0.689508855342865, 0.722891092300415]",0.03338223695755005
val_c,MIX::data\raw\ajaykarthick_wavefake-audio\wavefake_ajay_LJ017-0005.wav|data/raw/gtzan_unique_v2/blues.00007.wav,1,1,3,"[0.6370822787284851, 0.6666730046272278, 0.6513893008232117]",0.029590725898742676
val_c,MIX::data\raw\openslr_librispeech_asr\librispeech_dev_2035-152373-0017.flac|data/raw/gtzan_unique_v2/hiphop.00001.wav,0,1,3,"[0.6570662260055542, 0.6579557061195374, 0.6717314124107361]",0.014665186405181885
val_c,MIX::data\raw\Bisher_ASVspoof_2019_LA\asvspoof2019_LA_T_1600066.flac|data/raw/gtzan_unique_v2/disco.00066.wav,1,1,3,"[0.7360802888870239, 0.6502014994621277, 0.6790031790733337]",0.08587878942489624
val_c,MIX::data\raw\ajaykarthick_wavefake-audio\wavefake_ajay_LJ048-0156.wav|data\raw\fake_music_generated\fake_music_MusicGen_0220.wav,1,1,1,[0.6940579414367676],0.0
val_c,MIX::data\raw\ajaykarthick_wavefake-audio\wavefake_ajay_LJ008-0140.wav|data\raw\fake_music_generated\fake_music_MusicGen_0212.wav,1,1,2,"[0.7590932846069336, 0.7297768592834473]",0.029316425323486328
val_c,MIX::data\raw\Bisher_ASVspoof_2019_LA\asvspoof2019_LA_T_2312030.flac|data/raw/gtzan_unique_v2/hiphop.00067.wav,1,1,3,"[0.6545385122299194, 0.6492466926574707, 0.6495513319969177]",0.0052918195724487305
val_c,data/raw/gtzan_unique_v2/rock.00042.wav,0,0,3,"[0.6689079999923706, 0.6811639666557312, 0.6702742576599121]",0.012255966663360596
val_c,MIX::data\raw\openslr_librispeech_asr\librispeech_dev_1272-141231-0001.flac|data\raw\fake_music_generated\fake_music_MusicGen_0012.wav,0,1,2,"[0.6966065168380737, 0.7024415135383606]",0.005834996700286865
val_c,data/raw/gtzan_unique_v2/classical.00028.wav,0,0,3,"[0.6487210392951965, 0.6407219767570496, 0.6522430181503296]",0.01152104139328003
val_c,MIX::data\raw\ajaykarthick_wavefake-audio\wavefake_ajay_LJ050-0244.wav|data\raw\fake_music_generated\fake_music_MusicGen_0252.wav,1,1,1,[0.7097052335739136],0.0
val_c,MIX::data\raw\ajaykarthick_wavefake-audio\wavefake_ajay_LJ009-0248.wav|data/raw/gtzan_unique_v2/pop.00028.wav,1,1,3,"[0.7095009684562683, 0.658187747001648, 0.6530804634094238]",0.05642050504684448
val_c,MIX::data\raw\Bisher_ASVspoof_2019_LA\asvspoof2019_LA_T_2248914.flac|data\raw\fake_music_generated\fake_music_MusicGen_0174.wav,1,1,1,[0.699741780757904],0.0
val_c,MIX::data\raw\openslr_librispeech_asr\librispeech_dev_777-126732-0045.flac|data\raw\fake_music_generated\fake_music_MusicGen_0144.wav,0,1,2,"[0.629572868347168, 0.5963470935821533]",0.03322577476501465
val_c,MIX::data\raw\ajaykarthick_wavefake-audio\wavefake_ajay_LJ008-0315.wav|data\raw\fake_music_generated\fake_music_MusicGen_0144.wav,1,1,2,"[0.7087450623512268, 0.7292789220809937]",0.020533859729766846
val_c,data\raw\fake_music_generated\fake_music_MusicGen_0212.wav,0,0,1,[0.7178540229797363],0.0
val_c,MIX::data\raw\ajaykarthick_wavefake-audio\wavefake_ajay_LJ017-0005.wav|data/raw/gtzan_unique_v2/jazz.00034.wav,1,1,3,"[0.730984091758728, 0.696560800075531, 0.6907243132591248]",0.04025977849960327
val_c,data\raw\openslr_librispeech_asr\librispeech_dev_3000-15664-0029.flac,0,1,1,[0.7154223918914795],0.0
val_c,data\raw\fake_music_generated\fake_music_MusicGen_0064.wav,0,0,1,[0.7095699906349182],0.0
val_c,data\raw\fake_music_generated\fake_music_MusicGen_0252.wav,0,0,1,[0.7140436768531799],0.0
val_c,MIX::data\raw\ajaykarthick_wavefake-audio\wavefake_ajay_LJ020-0094.wav|data\raw\fake_music_generated\fake_music_MusicGen_0156.wav,0,1,2,"[0.7125173211097717, 0.7020562887191772]",0.010461032390594482
val_c,data/raw/gtzan_unique_v2/hiphop.00020.wav,0,0,3,"[0.6704075932502747, 0.6652901768684387, 0.6662998199462891]",0.0051174163818359375
val_c,MIX::data\raw\openslr_librispeech_asr\librispeech_dev_2277-149897-0010.flac|data/raw/gtzan_unique_v2/reggae.00011.wav,0,1,3,"[0.6749678254127502, 0.6381192207336426, 0.629736065864563]",0.045231759548187256
val_c,MIX::data\raw\openslr_librispeech_asr\librispeech_dev_6295-244435-0030.flac|data/raw/gtzan_unique_v2/blues.00007.wav,0,1,3,"[0.664124071598053, 0.6712920069694519, 0.6579611301422119]",0.01333087682723999
val_c,MIX::data\raw\openslr_librispeech_asr\librispeech_dev_777-126732-0028.flac|data/raw/gtzan_unique_v2/reggae.00011.wav,0,1,3,"[0.7035336494445801, 0.6277276277542114, 0.6348642706871033]",0.07580602169036865
val_c,data\raw\fake_music_generated\fake_music_MusicGen_0066.wav,0,0,1,[0.7176239490509033],0.0
val_c,data\raw\ajaykarthick_wavefake-audio\wavefake_ajay_LJ050-0244.wav,1,1,1,[0.7531763911247253],0.0
val_c,data\raw\Bisher_ASVspoof_2019_LA\asvspoof2019_LA_T_4977330.flac,1,1,1,[0.745259165763855],0.0
val_c,data\raw\ajaykarthick_wavefake-audio\wavefake_ajay_LJ050-0257.wav,0,1,1,[0.7528753280639648],0.0
val_c,MIX::data\raw\openslr_librispeech_asr\librispeech_dev_6241-61943-0002.flac|data\raw\fake_music_generated\fake_music_MusicGen_0124.wav,0,1,1,[0.6984530091285706],0.0
val_c,MIX::data\raw\ajaykarthick_wavefake-audio\wavefake_ajay_LJ050-0244.wav|data/raw/gtzan_unique_v2/blues.00092.wav,1,1,3,"[0.6289517879486084, 0.6220365166664124, 0.7560465335845947]",0.13401001691818237
val_c,data\raw\ajaykarthick_wavefake-audio\wavefake_ajay_LJ009-0006_WF3_1.wav,1,1,2,"[0.740749716758728, 0.7469881176948547]",0.006238400936126709
val_c,data\raw\ajaykarthick_wavefake-audio\wavefake_ajay_LJ048-0182_WF3_1.wav,1,1,1,[0.756763219833374],0.0
val_c,data/raw/gtzan_unique_v2/rock.00058.wav,0,0,3,"[0.6511596441268921, 0.654719889163971, 0.6501848101615906]",0.004535079002380371
val_c,MIX::data\raw\Bisher_ASVspoof_2019_LA\asvspoof2019_LA_T_8727197.flac|data/raw/gtzan_unique_v2/country.00061.wav,1,1,3,"[0.6435881853103638, 0.6627374887466431, 0.6651731729507446]",0.02158498764038086
val_c,data/raw/gtzan_unique_v2/country.00061.wav,0,0,3,"[0.6383994221687317, 0.6712998151779175, 0.6745404601097107]",0.036141037940979004
val_c,MIX::data\raw\openslr_librispeech_asr\librispeech_dev_1919-142785-0004.flac|data/raw/gtzan_unique_v2/rock.00001.wav,0,1,3,"[0.6765528917312622, 0.6350479125976562, 0.6246562004089355]",0.05189669132232666
val_c,data\raw\openslr_librispeech_asr\librispeech_dev_6241-61946-0004.flac,0,1,1,[0.755096435546875],0.0
val_c,MIX::data\raw\openslr_librispeech_asr\librispeech_dev_6241-61946-0011.flac|data\raw\fake_music_generated\fake_music_MusicGen_0144.wav,0,1,2,"[0.7045918703079224, 0.7126646637916565]",0.00807279348373413
val_c,data\raw\fake_music_generated\fake_music_MusicGen_0086.wav,0,0,1,[0.7199307084083557],0.0
val_c,data\raw\fake_music_generated\fake_music_MusicGen_0208.wav,0,0,1,[0.7204107046127319],0.0
val_c,MIX::data\raw\openslr_librispeech_asr\librispeech_dev_1919-142785-0015.flac|data\raw\fake_music_generated\fake_music_MusicGen_0002.wav,0,1,2,"[0.704725444316864, 0.7048883438110352]",0.00016289949417114258
val_c,data\raw\Bisher_ASVspoof_2019_LA\asvspoof2019_LA_T_7070941.flac,1,1,1,[0.6482073068618774],0.0
val_c,data/raw/gtzan_unique_v2/reggae.00038.wav,0,0,3,"[0.6373097896575928, 0.6348538994789124, 0.6415809392929077]",0.006727039813995361
val_c,data\raw\Bisher_ASVspoof_2019_LA\asvspoof2019_LA_T_2572311.flac,0,1,1,[0.689130425453186],0.0
val_c,data\raw\Bisher_ASVspoof_2019_LA\asvspoof2019_LA_T_5034418.flac,0,1,1,[0.6580171585083008],0.0
val_c,MIX::data\raw\openslr_librispeech_asr\librispeech_dev_777-126732-0028.flac|data/raw/gtzan_unique_v2/disco.00059.wav,0,1,3,"[0.6452705264091492, 0.6395075917243958, 0.6469932794570923]",0.007485687732696533
val_c,MIX::data\raw\openslr_librispeech_asr\librispeech_dev_1993-147149-0012.flac|data\raw\fake_music_generated\fake_music_MusicGen_0252.wav,0,1,2,"[0.7193787097930908, 0.7006155848503113]",0.01876312494277954
val_c,MIX::data\raw\Bisher_ASVspoof_2019_LA\asvspoof2019_LA_T_3132363.flac|data\raw\fake_music_generated\fake_music_MusicGen_0174.wav,1,1,2,"[0.6635193228721619, 0.6784690618515015]",0.0149497389793396
val_c,data\raw\fake_music_generated\fake_music_MusicGen_0296.wav,0,0,1,[0.7083038091659546],0.0
val_c,data\raw\Bisher_ASVspoof_2019_LA\asvspoof2019_LA_T_2059429.flac,1,1,1,[0.7198231816291809],0.0
val_c,data/raw/gtzan_unique_v2/classical.00042.wav,0,0,3,"[0.6802008152008057, 0.6805944442749023, 0.6874290704727173]",0.007228255271911621
val_c,data/raw/gtzan_unique_v2/classical.00097.wav,0,0,3,"[0.6158490180969238, 0.608510434627533, 0.60258948802948]",0.013259530067443848
val_c,MIX::data\raw\Bisher_ASVspoof_2019_LA\asvspoof2019_LA_T_6193190.flac|data\raw\fake_music_generated\fake_music_MusicGen_0212.wav,1,1,2,"[0.7353546619415283, 0.7000922560691833]",0.03526240587234497
val_c,data\raw\fake_music_generated\fake_music_MusicGen_0200.wav,0,0,1,[0.714280366897583],0.0
val_c,MIX::data\raw\Bisher_ASVspoof_2019_LA\asvspoof2019_LA_T_5405802.flac|data/raw/gtzan_unique_v2/disco.00058.wav,1,1,3,"[0.6710606813430786, 0.6532331109046936, 0.6495769619941711]",0.02148371934890747
val_c,MIX::data\raw\ajaykarthick_wavefake-audio\wavefake_ajay_LJ008-0315.wav|data/raw/gtzan_unique_v2/jazz.00012.wav,1,1,3,"[0.7414973378181458, 0.6422414183616638, 0.6446850895881653]",0.09925591945648193
val_c,MIX::data\raw\Bisher_ASVspoof_2019_LA\asvspoof2019_LA_T_2572311.flac|data\raw\fake_music_generated\fake_music_MusicGen_0090.wav,0,1,2,"[0.6887021064758301, 0.6720854640007019]",0.016616642475128174
val_d,MIX::data\raw\openslr_librispeech_asr\librispeech_dev_3000-15664-0029.flac|data\raw\fake_music_generated\fake_music_MusicGen_0130.wav,0,1,2,"[0.739739716053009, 0.7444487810134888]",0.004709064960479736
val_d,MIX::data\raw\openslr_librispeech_asr\librispeech_dev_777-126732-0005.flac|data/raw/gtzan_unique_v2/country.00023.wav,0,1,3,"[0.6711454391479492, 0.6942868828773499, 0.6891533136367798]",0.023141443729400635
val_d,data/raw/gtzan_unique_v2/classical.00097.wav,0,0,3,"[0.6595638990402222, 0.6579808592796326, 0.6526991128921509]",0.006864786148071289
val_d,data\raw\fake_music_generated\fake_music_MusicGen_0118.wav,0,0,1,[0.7553106546401978],0.0
val_d,MIX::data\raw\openslr_librispeech_asr\librispeech_dev_2035-152373-0017.flac|data/raw/gtzan_unique_v2/hiphop.00001.wav,0,1,3,"[0.6859338879585266, 0.7103075981140137, 0.700613796710968]",0.02437371015548706
val_d,data\raw\openslr_librispeech_asr\librispeech_dev_1919-142785-0022.flac,0,1,1,[0.7204908132553101],0.0
val_d,MIX::data\raw\ajaykarthick_wavefake-audio\wavefake_ajay_LJ050-0244.wav|data/raw/gtzan_unique_v2/blues.00092.wav,1,1,3,"[0.656394898891449, 0.6553319692611694, 0.7332544326782227]",0.07792246341705322
val_d,MIX::data\raw\openslr_librispeech_asr\librispeech_dev_1993-147149-0012.flac|data\raw\fake_music_generated\fake_music_MusicGen_0152.wav,0,1,2,"[0.659210205078125, 0.6937848329544067]",0.03457462787628174
val_d,MIX::data\raw\Bisher_ASVspoof_2019_LA\asvspoof2019_LA_T_2059429.flac|data/raw/gtzan_unique_v2/blues.00074.wav,1,1,3,"[0.6670284867286682, 0.6527506113052368, 0.6700470447540283]",0.017296433448791504
val_d,MIX::data\raw\openslr_librispeech_asr\librispeech_dev_1919-142785-0015.flac|data\raw\fake_music_generated\fake_music_MusicGen_0002.wav,0,1,2,"[0.7398731708526611, 0.7401118874549866]",0.00023871660232543945
val_d,MIX::data\raw\Bisher_ASVspoof_2019_LA\asvspoof2019_LA_T_2248914.flac|data\raw\fake_music_generated\fake_music_MusicGen_0174.wav,1,1,1,[0.72344970703125],0.0
val_d,data\raw\openslr_librispeech_asr\librispeech_dev_1272-128104-0000.flac,0,1,1,[0.7866303324699402],0.0
val_d,MIX::data\raw\openslr_librispeech_asr\librispeech_dev_777-126732-0028.flac|data/raw/gtzan_unique_v2/reggae.00011.wav,0,1,3,"[0.7283012866973877, 0.6701277494430542, 0.6734508872032166]",0.058173537254333496
val_d,MIX::data\raw\openslr_librispeech_asr\librispeech_dev_777-126732-0039.flac|data/raw/gtzan_unique_v2/jazz.00012.wav,0,1,3,"[0.699665904045105, 0.6556649804115295, 0.6577011942863464]",0.04400092363357544
val_d,MIX::data\raw\Bisher_ASVspoof_2019_LA\asvspoof2019_LA_T_9012332.flac|data\raw\fake_music_generated\fake_music_MusicGen_0170.wav,1,1,1,[0.7397741675376892],0.0
val_d,MIX::data\raw\ajaykarthick_wavefake-audio\wavefake_ajay_LJ048-0156.wav|data\raw\fake_music_generated\fake_music_MusicGen_0220.wav,1,1,1,[0.6571572422981262],0.0
val_d,data\raw\openslr_librispeech_asr\librispeech_dev_777-126732-0038.flac,0,1,1,[0.6851529479026794],0.0
val_d,data/raw/gtzan_unique_v2/classical.00089.wav,0,0,3,"[0.6514452695846558, 0.6099844574928284, 0.625194251537323]",0.04146081209182739
val_d,MIX::data\raw\ajaykarthick_wavefake-audio\wavefake_ajay_LJ009-0248.wav|data/raw/gtzan_unique_v2/pop.00028.wav,1,1,3,"[0.694340705871582, 0.6537771821022034, 0.6582241058349609]",0.04056352376937866
val_d,MIX::data\raw\Bisher_ASVspoof_2019_LA\asvspoof2019_LA_T_5305063.flac|data\raw\fake_music_generated\fake_music_MusicGen_0220.wav,1,1,1,[0.7385634183883667],0.0
val_d,data\raw\openslr_librispeech_asr\librispeech_dev_777-126732-0020.flac,0,1,1,[0.6617101430892944],0.0
val_d,MIX::data\raw\openslr_librispeech_asr\librispeech_dev_1919-142785-0004.flac|data/raw/gtzan_unique_v2/rock.00001.wav,0,1,3,"[0.719348669052124, 0.678735077381134, 0.6721718311309814]",0.04717683792114258
val_d,data\raw\ajaykarthick_wavefake-audio\wavefake_ajay_LJ050-0233_WF2_1.wav,1,1,1,[0.7580835819244385],0.0
val_d,MIX::data\raw\Bisher_ASVspoof_2019_LA\asvspoof2019_LA_T_7333217.flac|data\raw\fake_music_generated\fake_music_MusicGen_0124.wav,1,1,1,[0.7401342391967773],0.0
val_d,data\raw\openslr_librispeech_asr\librispeech_dev_6295-64301-0028.flac,0,1,2,"[0.7598525285720825, 0.7752610445022583]",0.015408515930175781
val_d,MIX::data\raw\Bisher_ASVspoof_2019_LA\asvspoof2019_LA_T_2312030.flac|data/raw/gtzan_unique_v2/hiphop.00067.wav,1,1,3,"[0.6664285659790039, 0.6898778080940247, 0.6909136176109314]",0.02448505163192749
val_d,data/raw/gtzan_unique_v2/classical.00073.wav,0,0,3,"[0.6411429047584534, 0.6609739661216736, 0.6319563984870911]",0.02901756763458252
val_d,MIX::data\raw\ajaykarthick_wavefake-audio\wavefake_ajay_LJ019-0394.wav|data\raw\fake_music_generated\fake_music_MusicGen_0144.wav,1,1,2,"[0.7218651175498962, 0.7280089259147644]",0.006143808364868164
val_d,data\raw\fake_music_generated\fake_music_MusicGen_0296.wav,0,0,1,[0.7437929511070251],0.0
val_d,data\raw\fake_music_generated\fake_music_MusicGen_0212.wav,0,0,1,[0.7492364645004272],0.0
val_d,data/raw/gtzan_unique_v2/classical.00056.wav,0,0,3,"[0.7649216651916504, 0.7738415002822876, 0.7616701126098633]",0.012171387672424316
val_d,data\raw\openslr_librispeech_asr\librispeech_dev_2277-149874-0002.flac,0,1,1,[0.7434500455856323],0.0
val_d,data\raw\ajaykarthick_wavefake-audio\wavefake_ajay_LJ030-0005.wav,1,1,2,"[0.7459589838981628, 0.741420567035675]",0.004538416862487793
val_d,data\raw\openslr_librispeech_asr\librispeech_dev_2035-147961-0016.flac,0,1,1,[0.6881372928619385],0.0
val_d,data\raw\Bisher_ASVspoof_2019_LA\asvspoof2019_LA_T_2248914.flac,1,1,1,[0.743020236492157],0.0
val_d,data\raw\openslr_librispeech_asr\librispeech_dev_2277-149896-0028.flac,0,1,1,[0.6750200390815735],0.0
val_d,MIX::data\raw\ajaykarthick_wavefake-audio\wavefake_ajay_LJ048-0137.wav|data/raw/gtzan_unique_v2/classical.00031.wav,1,1,3,"[0.6798020005226135, 0.7032554149627686, 0.6708101034164429]",0.032445311546325684
val_d,MIX::data\raw\ajaykarthick_wavefake-audio\wavefake_ajay_LJ009-0223.wav|data/raw/gtzan_unique_v2/classical.00092.wav,0,1,3,"[0.6586524248123169, 0.5942038297653198, 0.598639726638794]",0.06444859504699707
val_d,data/raw/gtzan_unique_v2/disco.00086.wav,0,0,3,"[0.7339927554130554, 0.7508953809738159, 0.7537921667098999]",0.019799411296844482
val_d,data\raw\fake_music_generated\fake_music_MusicGen_0002.wav,0,0,1,[0.7428191900253296],0.0
val_d,MIX::data\raw\openslr_librispeech_asr\librispeech_dev_6295-244435-0026.flac|data/raw/gtzan_unique_v2/blues.00043.wav,0,1,3,"[0.6950061917304993, 0.7047690153121948, 0.6929013729095459]",0.011867642402648926
val_d,data\raw\openslr_librispeech_asr\librispeech_dev_2277-149897-0013.flac,0,1,1,[0.7277660369873047],0.0
val_d,data\raw\Bisher_ASVspoof_2019_LA\asvspoof2019_LA_T_3055456.flac,1,1,1,[0.6595631837844849],0.0
val_d,data/raw/gtzan_unique_v2/jazz.00012.wav,0,0,3,"[0.6622065901756287, 0.6617439389228821, 0.6585290431976318]",0.003677546977996826
val_d,data/raw/gtzan_unique_v2/rock.00027.wav,0,0,3,"[0.6888110041618347, 0.6920038461685181, 0.6683837175369263]",0.023620128631591797
val_d,data\raw\openslr_librispeech_asr\librispeech_dev_777-126732-0013.flac,0,1,2,"[0.73796546459198, 0.7266288995742798]",0.011336565017700195
val_d,MIX::data\raw\openslr_librispeech_asr\librispeech_dev_2035-147961-0009.flac|data\raw\fake_music_generated\fake_music_MusicGen_0040.wav,0,1,2,"[0.704295814037323, 0.715185284614563]",0.01088947057723999
val_d,data\raw\fake_music_generated\fake_music_MusicGen_0174.wav,0,0,1,[0.746004045009613],0.0
val_d,data/raw/gtzan_unique_v2/pop.00028.wav,0,0,3,"[0.7290066480636597, 0.7396535873413086, 0.7687976360321045]",0.039790987968444824
val_d,MIX::data\raw\Bisher_ASVspoof_2019_LA\asvspoof2019_LA_T_5405802.flac|data/raw/gtzan_unique_v2/disco.00058.wav,1,1,3,"[0.7196004390716553, 0.7037433385848999, 0.7025065422058105]",0.017093896865844727
val_d,data\raw\fake_music_generated\fake_music_MusicGen_0040.wav,0,0,1,[0.7548548579216003],0.0
val_d,data\raw\ajaykarthick_wavefake-audio\wavefake_ajay_LJ002-0029.wav,1,1,1,[0.7252259850502014],0.0
val_d,data\raw\openslr_librispeech_asr\librispeech_dev_6295-244435-0013.flac,0,1,1,[0.7393769025802612],0.0
val_d,data\raw\fake_music_generated\fake_music_MusicGen_0152.wav,0,0,1,[0.7511616349220276],0.0
val_d,data\raw\openslr_librispeech_asr\librispeech_dev_6295-244435-0033.flac,0,1,2,"[0.7352827191352844, 0.7475253343582153]",0.012242615222930908
val_d,MIX::data\raw\openslr_librispeech_asr\librispeech_dev_2277-149897-0010.flac|data/raw/gtzan_unique_v2/reggae.00011.wav,0,1,3,"[0.6890852451324463, 0.6678482294082642, 0.6650367379188538]",0.02404850721359253
val_d,data/raw/gtzan_unique_v2/classical.00029.wav,0,0,3,"[0.651800274848938, 0.6691247820854187, 0.6769512295722961]",0.025150954723358154
val_d,data/raw/gtzan_unique_v2/rock.00033.wav,0,0,3,"[0.7102090716362, 0.7176811099052429, 0.7250820994377136]",0.014873027801513672
val_d,MIX::data\raw\Bisher_ASVspoof_2019_LA\asvspoof2019_LA_T_5520907.flac|data/raw/gtzan_unique_v2/disco.00059.wav,0,1,3,"[0.7322257161140442, 0.7355961799621582, 0.713050901889801]",0.022545278072357178
val_d,MIX::data\raw\openslr_librispeech_asr\librispeech_dev_6295-244435-0026.flac|data/raw/gtzan_unique_v2/hiphop.00056.wav,0,1,3,"[0.745880126953125, 0.6992000341415405, 0.7042819857597351]",0.04668009281158447
val_d,data\raw\fake_music_generated\fake_music_MusicGen_0144.wav,0,0,1,[0.7485888600349426],0.0
val_d,data/raw/gtzan_unique_v2/classical.00024.wav,0,0,3,"[0.6774337887763977, 0.685256838798523, 0.6813362836837769]",0.007823050022125244
val_d,data\raw\openslr_librispeech_asr\librispeech_dev_6295-64301-0027.flac,0,1,1,[0.7554383277893066],0.0
val_d,MIX::data\raw\Bisher_ASVspoof_2019_LA\asvspoof2019_LA_T_2960848.flac|data/raw/gtzan_unique_v2/reggae.00021.wav,1,1,3,"[0.679241418838501, 0.6768315434455872, 0.6782909035682678]",0.0024098753929138184
val_d,MIX::data\raw\openslr_librispeech_asr\librispeech_dev_1993-147149-0012.flac|data\raw\fake_music_generated\fake_music_MusicGen_0252.wav,0,1,2,"[0.7063364386558533, 0.6909091472625732]",0.01542729139328003
val_d,data\raw\openslr_librispeech_asr\librispeech_dev_3170-137482-0044.flac,0,1,2,"[0.7641376256942749, 0.7735934853553772]",0.009455859661102295
val_d,MIX::data\raw\Bisher_ASVspoof_2019_LA\asvspoof2019_LA_T_2662915.flac|data\raw\fake_music_generated\fake_music_MusicGen_0296.wav,0,1,1,[0.7058362364768982],0.0
val_d,data\raw\Bisher_ASVspoof_2019_LA\asvspoof2019_LA_T_8813506.flac,1,1,1,[0.7780486941337585],0.0
val_d,data\raw\ajaykarthick_wavefake-audio\wavefake_ajay_LJ048-0173.wav,1,1,1,[0.7427253723144531],0.0
val_d,MIX::data\raw\Bisher_ASVspoof_2019_LA\asvspoof2019_LA_T_3132363.flac|data\raw\fake_music_generated\fake_music_MusicGen_0174.wav,1,1,2,"[0.6698952317237854, 0.6660202145576477]",0.0038750171661376953
val_d,data\raw\Bisher_ASVspoof_2019_LA\asvspoof2019_LA_T_9850135.flac,1,1,1,[0.7938554883003235],0.0
val_d,data\raw\fake_music_generated\fake_music_MusicGen_0200.wav,0,0,1,[0.7513551115989685],0.0
val_d,MIX::data\raw\Bisher_ASVspoof_2019_LA\asvspoof2019_LA_T_7333217.flac|data\raw\fake_music_generated\fake_music_MusicGen_0066.wav,1,1,1,[0.7036234736442566],0.0
val_d,MIX::data\raw\ajaykarthick_wavefake-audio\wavefake_ajay_LJ020-0094.wav|data\raw\fake_music_generated\fake_music_MusicGen_0156.wav,0,1,2,"[0.7092171311378479, 0.694130539894104]",0.015086591243743896
val_d,MIX::data\raw\openslr_librispeech_asr\librispeech_dev_6241-61946-0011.flac|data\raw\fake_music_generated\fake_music_MusicGen_0144.wav,0,1,2,"[0.7284359335899353, 0.7355409860610962]",0.007105052471160889
val_d,MIX::data\raw\Bisher_ASVspoof_2019_LA\asvspoof2019_LA_T_8727197.flac|data/raw/gtzan_unique_v2/country.00061.wav,1,1,3,"[0.6899681091308594, 0.7090325951576233, 0.7114374041557312]",0.021469295024871826
val_d,MIX::data\raw\openslr_librispeech_asr\librispeech_dev_3170-137482-0040.flac|data\raw\fake_music_generated\fake_music_MusicGen_0040.wav,0,1,2,"[0.7107650637626648, 0.7337648272514343]",0.02299976348876953
val_d,data\raw\ajaykarthick_wavefake-audio\wavefake_ajay_LJ019-0370.wav,1,1,1,[0.7414981126785278],0.0
val_d,data\raw\fake_music_generated\fake_music_MusicGen_0252.wav,0,0,1,[0.745910108089447],0.0
val_d,MIX::data\raw\openslr_librispeech_asr\librispeech_dev_777-126732-0028.flac|data/raw/gtzan_unique_v2/disco.00059.wav,0,1,3,"[0.6693429946899414, 0.6662688851356506, 0.6703454852104187]",0.004076600074768066
val_d,MIX::data\raw\ajaykarthick_wavefake-audio\wavefake_ajay_LJ008-0140.wav|data\raw\fake_music_generated\fake_music_MusicGen_0212.wav,1,1,2,"[0.7323075532913208, 0.7098738551139832]",0.022433698177337646
val_d,MIX::data\raw\openslr_librispeech_asr\librispeech_dev_1272-141231-0001.flac|data\raw\fake_music_generated\fake_music_MusicGen_0012.wav,0,1,2,"[0.7298344969749451, 0.7369809746742249]",0.007146477699279785
val_d,MIX::data\raw\Bisher_ASVspoof_2019_LA\asvspoof2019_LA_T_9850135.flac|data\raw\fake_music_generated\fake_music_MusicGen_0040.wav,1,1,2,"[0.7808811664581299, 0.7370948791503906]",0.04378628730773926
val_d,MIX::data\raw\ajaykarthick_wavefake-audio\wavefake_ajay_LJ017-0005.wav|data/raw/gtzan_unique_v2/jazz.00034.wav,1,1,3,"[0.708950936794281, 0.6667781472206116, 0.6793211102485657]",0.042172789573669434
val_d,data\raw\Bisher_ASVspoof_2019_LA\asvspoof2019_LA_T_3318941.flac,1,1,1,[0.6590595245361328],0.0
val_d,MIX::data\raw\openslr_librispeech_asr\librispeech_dev_777-126732-0038.flac|data/raw/gtzan_unique_v2/country.00040.wav,0,1,3,"[0.6417736411094666, 0.6511426568031311, 0.6822032928466797]",0.040429651737213135
val_d,MIX::data\raw\Bisher_ASVspoof_2019_LA\asvspoof2019_LA_T_6013298.flac|data\raw\fake_music_generated\fake_music_MusicGen_0202.wav,0,1,1,[0.7369749546051025],0.0
val_d,data\raw\ajaykarthick_wavefake-audio\wavefake_ajay_LJ050-0234.wav,1,1,2,"[0.7500154972076416, 0.7399886250495911]",0.010026872158050537
val_d,MIX::data\raw\Bisher_ASVspoof_2019_LA\asvspoof2019_LA_T_2572311.flac|data\raw\fake_music_generated\fake_music_MusicGen_0090.wav,0,1,2,"[0.6874074935913086, 0.6673263907432556]",0.02008110284805298
val_d,data\raw\ajaykarthick_wavefake-audio\wavefake_ajay_LJ050-0278.wav,1,1,2,"[0.7184887528419495, 0.7137258052825928]",0.0047629475593566895
val_d,MIX::data\raw\openslr_librispeech_asr\librispeech_dev_1919-142785-0044.flac|data\raw\fake_music_generated\fake_music_MusicGen_0040.wav,0,1,2,"[0.7103344798088074, 0.6994186043739319]",0.010915875434875488
val_d,MIX::data\raw\Bisher_ASVspoof_2019_LA\asvspoof2019_LA_T_1600066.flac|data/raw/gtzan_unique_v2/disco.00066.wav,1,1,3,"[0.7473852038383484, 0.6739271879196167, 0.6865069270133972]",0.07345801591873169
val_d,MIX::data\raw\Bisher_ASVspoof_2019_LA\asvspoof2019_LA_T_6518010.flac|data/raw/gtzan_unique_v2/blues.00092.wav,1,1,3,"[0.6873655915260315, 0.6807367205619812, 0.6752253770828247]",0.012140214443206787
val_d,MIX::data\raw\openslr_librispeech_asr\librispeech_dev_3000-15664-0007.flac|data/raw/gtzan_unique_v2/country.00069.wav,0,1,3,"[0.6605475544929504, 0.6621150374412537, 0.6663007140159607]",0.005753159523010254
val_d,data\raw\openslr_librispeech_asr\librispeech_dev_3000-15664-0026.flac,0,1,1,[0.669849157333374],0.0
val_d,MIX::data\raw\Bisher_ASVspoof_2019_LA\asvspoof2019_LA_T_2572311.flac|data/raw/gtzan_unique_v2/pop.00018.wav,0,1,3,"[0.6930282115936279, 0.6566597819328308, 0.6567732691764832]",0.03636842966079712
val_d,MIX::data\raw\openslr_librispeech_asr\librispeech_dev_2277-149897-0035.flac|data\raw\fake_music_generated\fake_music_MusicGen_0090.wav,0,1,2,"[0.6738892197608948, 0.6436430215835571]",0.030246198177337646
val_d,MIX::data\raw\Bisher_ASVspoof_2019_LA\asvspoof2019_LA_T_6193190.flac|data\raw\fake_music_generated\fake_music_MusicGen_0212.wav,1,1,2,"[0.7179367542266846, 0.6823559403419495]",0.03558081388473511
val_d,MIX::data\raw\ajaykarthick_wavefake-audio\wavefake_ajay_LJ019-0370.wav|data/raw/gtzan_unique_v2/jazz.00011.wav,1,1,3,"[0.7224060297012329, 0.6320217251777649, 0.6382660269737244]",0.09038430452346802
val_d,data\raw\Bisher_ASVspoof_2019_LA\asvspoof2019_LA_T_2005149.flac,1,1,1,[0.7282518744468689],0.0
val_d,data\raw\fake_music_generated\fake_music_MusicGen_0114.wav,0,0,1,[0.7476930618286133],0.0
val_d,MIX::data\raw\Bisher_ASVspoof_2019_LA\asvspoof2019_LA_T_7070941.flac|data\raw\fake_music_generated\fake_music_MusicGen_0212.wav,1,1,1,[0.6155137419700623],0.0
val_d,MIX::data\raw\openslr_librispeech_asr\librispeech_dev_3170-137482-0001.flac|data/raw/gtzan_unique_v2/country.00040.wav,0,1,3,"[0.7429726719856262, 0.7216115593910217, 0.6668993234634399]",0.07607334852218628
val_d,data/raw/gtzan_unique_v2/reggae.00049.wav,0,0,3,"[0.7077141404151917, 0.7084953784942627, 0.7172858715057373]",0.009571731090545654
val_d,MIX::data\raw\openslr_librispeech_asr\librispeech_dev_777-126732-0042.flac|data\raw\fake_music_generated\fake_music_MusicGen_0114.wav,0,1,2,"[0.6332530975341797, 0.6771239042282104]",0.04387080669403076
val_d,MIX::data\raw\openslr_librispeech_asr\librispeech_dev_777-126732-0035.flac|data\raw\fake_music_generated\fake_music_MusicGen_0114.wav,0,1,1,[0.6807599663734436],0.0
val_d,data\raw\ajaykarthick_wavefake-audio\wavefake_ajay_LJ009-0248.wav,1,1,1,[0.6896779537200928],0.0
val_d,MIX::data\raw\ajaykarthick_wavefake-audio\wavefake_ajay_LJ008-0315.wav|data/raw/gtzan_unique_v2/pop.00085.wav,1,1,3,"[0.7132316827774048, 0.658711314201355, 0.6307156682014465]",0.08251601457595825
val_d,data\raw\Bisher_ASVspoof_2019_LA\asvspoof2019_LA_T_7070941.flac,1,1,1,[0.6380628943443298],0.0
val_d,data/raw/gtzan_unique_v2/jazz.00083.wav,0,0,3,"[0.6767516136169434, 0.6924132704734802, 0.676708996295929]",0.01570427417755127
val_d,MIX::data\raw\ajaykarthick_wavefake-audio\wavefake_ajay_LJ017-0005.wav|data/raw/gtzan_unique_v2/blues.00007.wav,1,1,3,"[0.7113214731216431, 0.7049733996391296, 0.6933345794677734]",0.01798689365386963
val_d,data\raw\fake_music_generated\fake_music_MusicGen_0208.wav,0,0,1,[0.7557500600814819],0.0
val_d,MIX::data\raw\ajaykarthick_wavefake-audio\wavefake_ajay_LJ008-0315.wav|data\raw\fake_music_generated\fake_music_MusicGen_0144.wav,1,1,2,"[0.7022658586502075, 0.7197996973991394]",0.017533838748931885
val_d,MIX::data\raw\ajaykarthick_wavefake-audio\wavefake_ajay_LJ048-0137.wav|data/raw/gtzan_unique_v2/jazz.00008.wav,1,1,3,"[0.7581304311752319, 0.6631821393966675, 0.6498857140541077]",0.10824471712112427
val_d,data\raw\fake_music_generated\fake_music_MusicGen_0202.wav,0,0,1,[0.7432645559310913],0.0
val_d,data/raw/gtzan_unique_v2/blues.00094.wav,0,0,3,"[0.7139262557029724, 0.6920363306999207, 0.6874690651893616]",0.02645719051361084
val_d,MIX::data\raw\Bisher_ASVspoof_2019_LA\asvspoof2019_LA_T_9012332.flac|data\raw\fake_music_generated\fake_music_MusicGen_0114.wav,1,1,1,[0.6454612016677856],0.0
val_d,MIX::data\raw\ajaykarthick_wavefake-audio\wavefake_ajay_LJ019-0394.wav|data\raw\fake_music_generated\fake_music_MusicGen_0156.wav,1,1,1,[0.7406311631202698],0.0
val_d,data\raw\fake_music_generated\fake_music_MusicGen_0064.wav,0,0,1,[0.7462835907936096],0.0
val_d,MIX::data\raw\openslr_librispeech_asr\librispeech_dev_2277-149896-0028.flac|data/raw/gtzan_unique_v2/rock.00042.wav,0,1,3,"[0.6899000406265259, 0.6768885254859924, 0.6742638349533081]",0.015636205673217773
val_d,data\raw\openslr_librispeech_asr\librispeech_dev_1919-142785-0049.flac,0,1,2,"[0.7060374617576599, 0.6797516942024231]",0.026285767555236816
val_d,MIX::data\raw\Bisher_ASVspoof_2019_LA\asvspoof2019_LA_T_6193190.flac|data/raw/gtzan_unique_v2/reggae.00036.wav,1,1,3,"[0.663559079170227, 0.671001136302948, 0.6745520830154419]",0.010993003845214844
val_d,MIX::data\raw\Bisher_ASVspoof_2019_LA\asvspoof2019_LA_T_8813506.flac|data\raw\fake_music_generated\fake_music_MusicGen_0002.wav,1,1,2,"[0.7735837697982788, 0.7023115754127502]",0.07127219438552856
val_d,data\raw\Bisher_ASVspoof_2019_LA\asvspoof2019_LA_T_6869984.flac,1,1,1,[0.7626883387565613],0.0
val_d,data/raw/gtzan_unique_v2/blues.00034.wav,0,0,3,"[0.7165903449058533, 0.7187942266464233, 0.6907451748847961]",0.028049051761627197
val_d,data\raw\fake_music_generated\fake_music_MusicGen_0130.wav,0,0,1,[0.7541995048522949],0.0
val_d,data\raw\fake_music_generated\fake_music_MusicGen_0066.wav,0,0,1,[0.75142502784729],0.0
val_d,data/raw/gtzan_unique_v2/jazz.00041.wav,0,0,3,"[0.7297059297561646, 0.7216300368309021, 0.7131070494651794]",0.016598880290985107
