split,calibration_fold,source,generator,is_mixed,y_file_fake,y_voice_fake,y_music_fake,y_voice_present,y_music_present,df,df_primary,df_second,df_has_second,df_used,duration_sec,vf,mf,vfile,mfile,vp_model,mp_model,vp_panns,mp_panns
codec_lp35,codec_lp35,librispeech_dev,LibriSpeech,False,0.0,0.0,0.0,1.0,0.0,0.013021841365970078,0.013021841365970078,,False,True,2.3,0.6749720573425293,0.37901175022125244,0.6983256936073303,0.36317652463912964,0.9852786064147949,0.08699031174182892,0.8789805769920349,0.04111998528242111
codec_lp35,codec_lp35,gtzan_real_v2,GTZAN_genre_1,False,0.0,0.0,0.0,0.0,1.0,0.22102673638830056,0.1920307217322517,0.2500227510443494,True,True,30.013375,0.5928570032119751,2.2961951628985844e-07,0.6050034165382385,2.1616635592636158e-07,0.7978221774101257,0.9999999403953552,0.02234419621527195,0.7262229323387146
codec_lp35,codec_lp35,asvspoof2019,bonafide,False,0.0,0.0,0.0,1.0,0.0,0.02097444615326104,0.02097444615326104,,False,True,4.2175,0.7101598381996155,0.4581998884677887,0.724088728427887,0.45775163173675537,0.9810999035835266,0.07033763080835342,0.7586214542388916,0.018734276294708252
codec_lp35,codec_lp35,gtzan_real_v2,GTZAN_genre_5,False,0.0,0.0,0.0,0.0,1.0,0.3109170087911095,0.421174845897493,0.20065917168472605,True,True,30.013375,0.6431061029434204,0.00031890900572761893,0.6412357091903687,0.00030598838930018246,0.5730810165405273,0.9999346137046814,0.017808698117733,0.6757364273071289
codec_lp35,codec_lp35,librispeech_dev,LibriSpeech,False,0.0,0.0,0.0,1.0,0.0,0.009358018525658785,0.009358018525658785,,False,True,6.77,0.6919769048690796,0.5076705813407898,0.700349748134613,0.5167845487594604,0.9354284405708313,0.10716131329536438,0.8329507112503052,0.024132201448082924
codec_lp35,codec_lp35,asvspoof2019,A02,False,1.0,1.0,0.0,1.0,0.0,0.9997014311587471,0.9997014311587471,,False,True,4.6824375,0.7296580076217651,0.4228504002094269,0.7394853830337524,0.4225150942802429,0.9699110984802246,0.06527181714773178,0.7805300951004028,0.017980149015784264
codec_lp35,codec_lp35,gtzan_real_v2,GTZAN_genre_7,False,0.0,0.0,0.0,0.0,1.0,0.36038542177369215,0.3559411044081453,0.36482973913923905,True,True,30.0001875,0.7102434635162354,0.00012324856652412564,0.6910043954849243,0.00011878046643687412,0.413960725069046,0.9997743964195251,0.024872563779354095,0.841461718082428
codec_lp35,codec_lp35,librispeech_dev,LibriSpeech,False,0.0,0.0,0.0,1.0,0.0,0.011071643300262326,0.011071643300262326,,False,True,3.625,0.7155684232711792,0.48785045742988586,0.7256877422332764,0.49144694209098816,0.9777697920799255,0.11764762550592422,0.8843030333518982,0.012960940599441528
codec_lp35,codec_lp35,asvspoof2019,A02,False,1.0,1.0,0.0,1.0,0.0,0.9993493444212984,0.9993493444212984,,False,True,4.198375,0.70924973487854,0.4144362807273865,0.7235029339790344,0.4084557592868805,0.9812125563621521,0.054832130670547485,0.7347029447555542,0.017409099265933037
codec_lp35,codec_lp35,wavefake_ajay,WF6,False,1.0,1.0,0.0,1.0,0.0,0.9949794372425529,0.9949794372425529,,False,True,5.538,0.7585262656211853,0.5150752067565918,0.7681744694709778,0.5264889001846313,0.9828312397003174,0.1012016013264656,0.8289108872413635,0.03398134931921959
codec_lp35,codec_lp35,split_internal_mix,mix::A01::MusicGen,True,1.0,1.0,1.0,1.0,1.0,0.9401896177238076,0.8855724403293044,0.9948067951183109,True,True,7.489,0.7091243863105774,0.9998636245727539,0.7115412950515747,0.999853253364563,0.6570080518722534,0.9999260902404785,0.01423437800258398,0.04887375235557556
codec_lp35,codec_lp35,wavefake_ajay,WF5,False,1.0,1.0,0.0,1.0,0.0,0.998847018856608,0.9988246424132772,0.9988693952999388,True,True,7.6161875,0.7526739239692688,0.5327392220497131,0.7620294690132141,0.545839250087738,0.9786562919616699,0.09565619379281998,0.8031905293464661,0.0325709730386734
codec_lp35,codec_lp35,wavefake_ajay,WF1,False,1.0,1.0,0.0,1.0,0.0,0.999140200129744,0.999140200129744,,False,True,6.09525,0.7270145416259766,0.49098625779151917,0.7381454110145569,0.49746930599212646,0.9741102457046509,0.11277015507221222,0.780048131942749,0.037658028304576874
codec_lp35,codec_lp35,fake_music_generated,MusicGen,False,1.0,0.0,1.0,0.0,1.0,0.8723165871543795,0.8723165871543795,,False,True,5.8945,0.7168589234352112,0.9997727274894714,0.7117170691490173,0.9997590184211731,0.5854808688163757,0.9997953772544861,0.012943006120622158,0.04982088878750801
codec_lp35,codec_lp35,librispeech_dev,LibriSpeech,False,0.0,0.0,0.0,1.0,0.0,0.032882537661137363,0.031001864994300642,0.03476321032797409,True,True,18.86,0.6925960779190063,0.5486732721328735,0.701055645942688,0.5577513575553894,0.923643946647644,0.13035428524017334,0.8527953624725342,0.020798474550247192
codec_lp35,codec_lp35,asvspoof2019,A01,False,1.0,1.0,0.0,1.0,0.0,0.999792357993293,0.999792357993293,,False,True,4.818,0.7746471762657166,0.39516913890838623,0.7806944847106934,0.39378631114959717,0.967810869216919,0.04517725110054016,0.7581133842468262,0.03408067300915718
codec_lp35,codec_lp35,librispeech_dev,LibriSpeech,False,0.0,0.0,0.0,1.0,0.0,0.11372235448615808,0.11372235448615808,,False,True,2.54,0.6438887715339661,0.22920502722263336,0.6717243790626526,0.20994824171066284,0.9643216729164124,0.0965999886393547,0.7547054290771484,0.03562113642692566
codec_lp35,codec_lp35,librispeech_dev,LibriSpeech,False,0.0,0.0,0.0,1.0,0.0,0.0874583085221612,0.11865831932238662,0.056258297721935795,True,True,15.835,0.6707020998001099,0.5841407775878906,0.6809109449386597,0.5915442109107971,0.9243945479393005,0.16356569528579712,0.8267364501953125,0.01921464316546917
codec_lp35,codec_lp35,fake_music_generated,MusicGen,False,1.0,0.0,1.0,0.0,1.0,0.872632836090524,0.872632836090524,,False,True,5.12375,0.7204201221466064,0.9997265934944153,0.7142860889434814,0.9997116923332214,0.5789628028869629,0.9997320771217346,0.016005774959921837,0.03716500476002693
codec_lp35,codec_lp35,gtzan_real_v2,GTZAN_genre_2,False,0.0,0.0,0.0,0.0,1.0,0.5621802080386162,0.5466390148508528,0.5777214012263798,True,True,30.013375,0.6729360818862915,2.849139590921368e-08,0.662347137928009,2.6246839368582187e-08,0.5016834735870361,1.0,0.019192829728126526,0.8166472315788269
codec_lp35,codec_lp35,fake_music_generated,MusicGen,False,1.0,0.0,1.0,0.0,1.0,0.9128040823608584,0.9128040823608584,,False,True,5.2974375,0.7212561964988708,0.9999445676803589,0.7178798317909241,0.9999395608901978,0.599260687828064,0.9999707937240601,0.016586909070611,0.09387155622243881
codec_lp35,codec_lp35,librispeech_dev,LibriSpeech,False,0.0,0.0,0.0,1.0,0.0,0.13063784368985212,0.13063784368985212,,False,True,6.88,0.7084882259368896,0.23465865850448608,0.720487117767334,0.2300655096769333,0.9706258773803711,0.27240824699401855,0.7196375727653503,0.017965367063879967
codec_lp35,codec_lp35,librispeech_dev,LibriSpeech,False,0.0,0.0,0.0,1.0,0.0,0.02331432243142148,0.023519237949785377,0.023109406913057587,True,True,9.18,0.697172999382019,0.2981497049331665,0.7076296806335449,0.287935733795166,0.979517936706543,0.1677098274230957,0.8181014060974121,0.0273121390491724
codec_lp35,codec_lp35,gtzan_real_v2,GTZAN_genre_2,False,0.0,0.0,0.0,0.0,1.0,0.15891527177248246,0.2025111251602273,0.11531941838473765,True,True,30.013375,0.6657422184944153,2.5006102077895775e-05,0.6572439670562744,2.3907095965114422e-05,0.5074849724769592,0.9999614357948303,0.015151336789131165,0.8993762135505676
codec_lp35,codec_lp35,fake_music_generated,MusicGen,False,1.0,0.0,1.0,0.0,1.0,0.888604134426491,0.888604134426491,,False,True,4.4595,0.7109307050704956,0.9998689889907837,0.7071223855018616,0.9998586177825928,0.5997448563575745,0.9999262094497681,0.014066807925701141,0.04636825621128082
codec_lp35,codec_lp35,librispeech_dev,LibriSpeech,False,0.0,0.0,0.0,1.0,0.0,0.014036669997509757,0.014036669997509757,,False,True,2.6,0.6735659837722778,0.48028379678726196,0.6929042935371399,0.4758320152759552,0.9770094752311707,0.08814847469329834,0.8112356066703796,0.0432211197912693
codec_lp35,codec_lp35,gtzan_real_v2,GTZAN_genre_9,False,0.0,0.0,0.0,0.0,1.0,0.8201572020277105,0.848841351548012,0.791473052507409,True,True,30.0,0.6567031145095825,5.536895059776725e-06,0.6447998285293579,5.230794158705976e-06,0.4945625960826874,0.9999887347221375,0.02318424917757511,0.8426322340965271
codec_lp35,codec_lp35,gtzan_real_v2,GTZAN_genre_6,False,0.0,0.0,0.0,0.0,1.0,0.38827377201618174,0.39894974470854816,0.3775977993238153,True,True,30.0001875,0.7048685550689697,0.00010255131201120093,0.6842498779296875,9.873013914329931e-05,0.38626089692115784,0.9998323917388916,0.13789094984531403,0.8675338625907898
codec_lp35,codec_lp35,librispeech_dev,LibriSpeech,False,0.0,0.0,0.0,1.0,0.0,0.009977170149040865,0.00829668534617461,0.01165765495190712,True,True,12.94,0.7307626008987427,0.5355762243270874,0.7403578758239746,0.5387828350067139,0.9741698503494263,0.15482312440872192,0.7869471311569214,0.026501117274165154
codec_lp35,codec_lp35,librispeech_dev,LibriSpeech,False,0.0,0.0,0.0,1.0,0.0,0.015386657675160367,0.015386657675160367,,False,True,4.415,0.7298462390899658,0.6415290236473083,0.7384335398674011,0.6538870930671692,0.9636002779006958,0.14098016917705536,0.7627793550491333,0.03999003395438194
codec_lp35,codec_lp35,librispeech_dev,LibriSpeech,False,0.0,0.0,0.0,1.0,0.0,0.01612815714207198,0.01612815714207198,,False,True,3.9,0.6990576982498169,0.41309526562690735,0.7108710408210754,0.40927913784980774,0.9690975546836853,0.08900029212236404,0.8818461894989014,0.01908743381500244
codec_lp35,codec_lp35,wavefake_ajay,WF1,False,1.0,1.0,0.0,1.0,0.0,0.9989995906359019,0.9991252423270878,0.9988739389447161,True,True,7.186625,0.7738871574401855,0.5281299948692322,0.7801283597946167,0.5412070155143738,0.9794213771820068,0.11618921160697937,0.7883224487304688,0.051903948187828064
codec_lp35,codec_lp35,asvspoof2019,A01,False,1.0,1.0,0.0,1.0,0.0,0.9997517325086991,0.9997517325086991,,False,True,3.3994375,0.7367996573448181,0.3996272087097168,0.7495267987251282,0.39426735043525696,0.9784506559371948,0.03168744221329689,0.79483562707901,0.013271483592689037
codec_lp35,codec_lp35,wavefake_ajay,WF4,False,1.0,1.0,0.0,1.0,0.0,0.9997007600494027,0.9997007600494027,,False,True,6.699,0.7546865940093994,0.5626430511474609,0.7609310150146484,0.5759857892990112,0.9697457551956177,0.11209595203399658,0.8004747033119202,0.04475361481308937
codec_lp35,codec_lp35,gtzan_real_v2,GTZAN_genre_1,False,0.0,0.0,0.0,0.0,1.0,0.18175820630181505,0.18157371329110814,0.18194269931252194,True,True,30.013375,0.6223019361495972,1.6329962818417698e-05,0.6317477226257324,1.5185870324785355e-05,0.7499366402626038,0.9999340176582336,0.01767595298588276,0.7426074147224426
codec_lp35,codec_lp35,wavefake_ajay,R,False,0.0,0.0,0.0,1.0,0.0,0.1780551662428651,0.3078674744013235,0.04824285808440668,True,True,9.9685,0.7420483827590942,0.47390902042388916,0.7522795796394348,0.4790040850639343,0.9796227216720581,0.12051587551832199,0.8001527190208435,0.0481240376830101
codec_lp35,codec_lp35,librispeech_dev,LibriSpeech,False,0.0,0.0,0.0,1.0,0.0,0.06659167393974201,0.06659167393974201,,False,True,5.015,0.752619206905365,0.24608354270458221,0.7597156167030334,0.24066027998924255,0.971035897731781,0.16595803201198578,0.8210046887397766,0.021096792072057724
codec_lp35,codec_lp35,librispeech_dev,LibriSpeech,False,0.0,0.0,0.0,1.0,0.0,0.016330609887831863,0.016330609887831863,,False,True,3.34,0.6725021600723267,0.11266748607158661,0.6933602094650269,0.10375412553548813,0.9512616991996765,0.20360486209392548,0.7603378295898438,0.018374066799879074
codec_lp35,codec_lp35,librispeech_dev,LibriSpeech,False,0.0,0.0,0.0,1.0,0.0,0.0388315438752068,0.0388315438752068,,False,True,5.73,0.7151431441307068,0.2626068890094757,0.7274107336997986,0.2522489130496979,0.9669645428657532,0.12359324842691422,0.8151485919952393,0.021574117243289948
codec_lp35,codec_lp35,wavefake_ajay,WF6,False,1.0,1.0,0.0,1.0,0.0,0.9777362589018742,0.9777362589018742,,False,True,2.7631875,0.6965711116790771,0.445328950881958,0.7095032334327698,0.44073811173439026,0.9786387085914612,0.0705593004822731,0.8824209570884705,0.026453278958797455
codec_lp35,codec_lp35,asvspoof2019,A01,False,1.0,1.0,0.0,1.0,0.0,0.9997994336157907,0.9997994336157907,,False,True,2.6111875,0.7121286988258362,0.44507744908332825,0.728152871131897,0.4383620321750641,0.9875950813293457,0.0289204902946949,0.79946368932724,0.0379115454852581
codec_lp35,codec_lp35,gtzan_real_v2,GTZAN_genre_0,False,0.0,0.0,0.0,0.0,1.0,0.21873468846806787,0.22311265039473804,0.21435672654139773,True,True,30.013375,0.6160680055618286,7.08962616045028e-05,0.6347970962524414,6.600291089853272e-05,0.801199734210968,0.9997472167015076,0.04680093005299568,0.6887874603271484
codec_lp35,codec_lp35,gtzan_real_v2,GTZAN_genre_0,False,0.0,0.0,0.0,0.0,1.0,0.32422519022082985,0.31353146889593936,0.33491891154572034,True,True,30.013375,0.6438820362091064,2.609848024803796e-06,0.6422327756881714,2.46593845076859e-06,0.5620817542076111,0.9999945759773254,0.01618761382997036,0.9148635268211365
codec_lp35,codec_lp35,gtzan_real_v2,GTZAN_genre_9,False,0.0,0.0,0.0,0.0,1.0,0.15790497343103738,0.1527873819330071,0.1630225649290677,True,True,30.013375,0.7085984945297241,2.2798448640060087e-07,0.688898503780365,2.1298026808835857e-07,0.37769564986228943,0.999999463558197,0.023001186549663544,0.8984231948852539
codec_lp35,codec_lp35,librispeech_dev,LibriSpeech,False,0.0,0.0,0.0,1.0,0.0,0.01981427181623287,0.030512044737193104,0.00911649889527264,True,True,15.545,0.6904501914978027,0.2645578980445862,0.7048298716545105,0.2529880702495575,0.9526144862174988,0.13876067101955414,0.8062744140625,0.020328110083937645
codec_lp35,codec_lp35,gtzan_real_v2,GTZAN_genre_1,False,0.0,0.0,0.0,0.0,1.0,0.29123612996912557,0.2868095361317915,0.29566272380645964,True,True,30.013375,0.6405272483825684,6.780504691050737e-07,0.641119122505188,6.426214440580225e-07,0.6128783822059631,0.9999991059303284,0.021162986755371094,0.7021670937538147
codec_lp35,codec_lp35,librispeech_dev,LibriSpeech,False,0.0,0.0,0.0,1.0,0.0,0.02080575072092571,0.01434816991678587,0.02726333152506555,True,True,7.3,0.7126127481460571,0.6093918681144714,0.7173159122467041,0.6224429607391357,0.9313548803329468,0.1361033171415329,0.77735435962677,0.027119489386677742
codec_lp35,codec_lp35,split_internal_mix,mix::A02::GTZAN_genre_4,True,1.0,1.0,0.0,1.0,1.0,0.10143200805178977,0.11611664023939121,0.08674737586418833,True,True,30.675,0.6519798040390015,0.00038492001476697624,0.6466201543807983,0.0003751744225155562,0.5482656955718994,0.9986346364021301,0.10060534626245499,0.8368900418281555
codec_lp35,codec_lp35,gtzan_real_v2,GTZAN_genre_9,False,0.0,0.0,0.0,0.0,1.0,0.4194252038937143,0.547105424798301,0.29174498298912754,True,True,30.013375,0.6761095523834229,0.00016802108439151198,0.6599414348602295,0.0001624080614419654,0.4506617486476898,0.9996265769004822,0.021868174895644188,0.8203709721565247
codec_lp35,codec_lp35,split_internal_mix,mix::LibriSpeech::GTZAN_genre_9,True,0.0,0.0,0.0,1.0,1.0,0.0669597957583597,0.08391773773596113,0.05000185378075825,True,True,39.183375,0.6571694016456604,0.2778586149215698,0.6638412475585938,0.2833397388458252,0.6764913201332092,0.7006719708442688,0.29224061965942383,0.5832121968269348
codec_lp35,codec_lp35,gtzan_real_v2,GTZAN_genre_8,False,0.0,0.0,0.0,0.0,1.0,0.6904814782223035,0.6319648683113515,0.7489980881332556,True,True,30.0001875,0.6700000762939453,9.309977758675814e-05,0.6688724756240845,8.947294554673135e-05,0.6099874377250671,0.9997586607933044,0.01952936500310898,0.8648144602775574
codec_lp35,codec_lp35,librispeech_dev,LibriSpeech,False,0.0,0.0,0.0,1.0,0.0,0.02653922335847562,0.02653922335847562,,False,True,6.015,0.7287649512290955,0.635673999786377,0.7332988381385803,0.6394832134246826,0.9506217837333679,0.15123070776462555,0.7411525249481201,0.021939340978860855
codec_lp35,codec_lp35,gtzan_real_v2,GTZAN_genre_5,False,0.0,0.0,0.0,0.0,1.0,0.47551392102075624,0.3349129834674486,0.6161148585740639,True,True,30.013375,0.693351149559021,0.00011596743570407853,0.6751284599304199,0.00011497682135086507,0.408904105424881,0.9999430179595947,0.020102962851524353,0.7187914252281189
codec_lp35,codec_lp35,fake_music_generated,MusicGen,False,1.0,0.0,1.0,0.0,1.0,0.7851808369307055,0.7851808369307055,,False,True,4.8913125,0.7183738350868225,0.9998602867126465,0.712965190410614,0.9998494386672974,0.5928924679756165,0.9999128580093384,0.015244611538946629,0.08867961913347244
codec_lp35,codec_lp35,librispeech_dev,LibriSpeech,False,0.0,0.0,0.0,1.0,0.0,0.022965538825060063,0.022965538825060063,,False,True,5.28,0.7041608691215515,0.5824231505393982,0.711448073387146,0.5824878215789795,0.9784625768661499,0.20459450781345367,0.7666313052177429,0.023817477747797966
codec_lp35,codec_lp35,asvspoof2019,A02,False,1.0,1.0,0.0,1.0,0.0,0.9992810945166375,0.9992810945166375,,False,True,4.53225,0.7115932106971741,0.4808084964752197,0.7211600542068481,0.48523905873298645,0.9602932333946228,0.04151582717895508,0.7620144486427307,0.019730810075998306
codec_lp35,codec_lp35,librispeech_dev,LibriSpeech,False,0.0,0.0,0.0,1.0,0.0,0.018662920329024363,0.016469770209114575,0.020856070448934155,True,True,13.4,0.6898559331893921,0.14494512975215912,0.7022455930709839,0.13723936676979065,0.9346050024032593,0.23867031931877136,0.7738597393035889,0.016751479357481003
codec_lp35,codec_lp35,asvspoof2019,A02,False,1.0,1.0,0.0,1.0,0.0,0.9991949165951254,0.9991949165951254,,False,True,3.8805,0.7071605920791626,0.4600670039653778,0.7154500484466553,0.4621540606021881,0.9612374901771545,0.0373847633600235,0.7831742167472839,0.015100942924618721
codec_lp35,codec_lp35,librispeech_dev,LibriSpeech,False,0.0,0.0,0.0,1.0,0.0,0.030508853563727456,0.030508853563727456,,False,True,2.4449375,0.6396080255508423,0.3821447789669037,0.657100260257721,0.367896169424057,0.9386536478996277,0.07883364707231522,0.8612683415412903,0.036683935672044754
codec_lp35,codec_lp35,wavefake_ajay,WF2,False,1.0,1.0,0.0,1.0,0.0,0.9988129852381025,0.9986036778026668,0.9990222926735381,True,True,9.41575,0.7471210956573486,0.5816594362258911,0.754228949546814,0.593459963798523,0.9692785143852234,0.0969427153468132,0.809741199016571,0.04376206547021866
codec_lp35,codec_lp35,librispeech_dev,LibriSpeech,False,0.0,0.0,0.0,1.0,0.0,0.014416964647757564,0.014416964647757564,,False,True,6.4,0.707297146320343,0.26950404047966003,0.7174051403999329,0.2595977187156677,0.9370786547660828,0.1059124544262886,0.7426941990852356,0.021735429763793945
codec_lp35,codec_lp35,gtzan_real_v2,GTZAN_genre_7,False,0.0,0.0,0.0,0.0,1.0,0.6594774734077297,0.8104967519854223,0.5084581948300371,True,True,30.0001875,0.6861995458602905,0.00029183170408941805,0.6714438199996948,0.0002829392906278372,0.5271082520484924,0.9986422061920166,0.027262268587946892,0.8720304369926453
codec_lp35,codec_lp35,wavefake_ajay,WF1,False,1.0,1.0,0.0,1.0,0.0,0.9887446874053991,0.9843215705500661,0.9931678042607323,True,True,8.347625,0.7503859996795654,0.49479925632476807,0.7566242218017578,0.5024275779724121,0.972649335861206,0.09723798930644989,0.8103904724121094,0.032714296132326126
codec_lp35,codec_lp35,gtzan_real_v2,GTZAN_genre_2,False,0.0,0.0,0.0,0.0,1.0,0.6421877556486071,0.9212599840346729,0.3631155272625412,True,True,30.013375,0.693549394607544,3.814695617165853e-07,0.6796606779098511,3.622847088990966e-07,0.45782867074012756,0.9999993443489075,0.026391630992293358,0.8902134895324707
codec_lp35,codec_lp35,asvspoof2019,A01,False,1.0,1.0,0.0,1.0,0.0,0.99968481154604,0.99968481154604,,False,True,1.6331875,0.6476483345031738,0.367482990026474,0.6756229400634766,0.34784242510795593,0.9717760682106018,0.03570425882935524,0.6875072121620178,0.03664075955748558
codec_lp35,codec_lp35,gtzan_real_v2,GTZAN_genre_9,False,0.0,0.0,0.0,0.0,1.0,0.4570660900808488,0.6805048156342806,0.2336273645274171,True,True,30.013375,0.7087268829345703,6.278976911744394e-07,0.6883805394172668,5.901298436583602e-07,0.38208338618278503,0.9999992251396179,0.014550179243087769,0.8182845115661621
codec_lp35,codec_lp35,wavefake_ajay,WF2,False,1.0,1.0,0.0,1.0,0.0,0.9960943428105626,0.9967182783329918,0.9954704072881334,True,True,9.20675,0.7494704723358154,0.5117521286010742,0.7559970021247864,0.5232157707214355,0.9671626091003418,0.09267281740903854,0.8154644966125488,0.0411684587597847
codec_lp35,codec_lp35,asvspoof2019,A01,False,1.0,1.0,0.0,1.0,0.0,0.9997324259316371,0.9997324259316371,,False,True,1.18475,0.6594025492668152,0.41855496168136597,0.6868467330932617,0.401231974363327,0.9825610518455505,0.027726221829652786,0.8097846508026123,0.03523601219058037
codec_lp35,codec_lp35,librispeech_dev,LibriSpeech,False,0.0,0.0,0.0,1.0,0.0,0.037359692286974965,0.037359692286974965,,False,True,2.71,0.6747405529022217,0.3456556499004364,0.692752480506897,0.3284379541873932,0.9788432121276855,0.07582828402519226,0.8569076061248779,0.025787463411688805
codec_lp35,codec_lp35,split_internal_mix,mix::LibriSpeech::MusicGen,True,1.0,0.0,1.0,1.0,1.0,0.8073955305394673,0.8073955305394673,,False,True,4.4595,0.6987720727920532,0.9996248483657837,0.6864770650863647,0.9995997548103333,0.5064923167228699,0.99979168176651,0.6729766130447388,0.052419889718294144
codec_lp35,codec_lp35,split_internal_mix,mix::A02::MusicGen,True,1.0,1.0,1.0,1.0,1.0,0.9961660198674163,0.9926410028909434,0.9996910368438893,True,True,10.575,0.7169790267944336,0.8765795230865479,0.7282276153564453,0.8769502639770508,0.887884259223938,0.641692578792572,0.4813448190689087,0.05971415340900421
codec_lp35,codec_lp35,gtzan_real_v2,GTZAN_genre_0,False,0.0,0.0,0.0,0.0,1.0,0.5590842830081031,0.5837941119283606,0.5343744540878457,True,True,30.013375,0.6590994596481323,7.732806750482268e-08,0.6554369926452637,7.105447963340339e-08,0.5561267137527466,0.9999998211860657,0.02207050286233425,0.7482647895812988
codec_lp35,codec_lp35,gtzan_real_v2,GTZAN_genre_1,False,0.0,0.0,0.0,0.0,1.0,0.40433588995478154,0.1808518989534778,0.6278198809560852,True,True,30.013375,0.6235185861587524,0.00027702911756932735,0.6345609426498413,0.0002639259910210967,0.8550578951835632,0.9991275668144226,0.01687210611999035,0.6425926089286804
codec_lp35,codec_lp35,gtzan_real_v2,GTZAN_genre_1,False,0.0,0.0,0.0,0.0,1.0,0.16795249783358518,0.20917223466065893,0.1267327610065114,True,True,30.013375,0.599993884563446,4.664016284294803e-09,0.6059650182723999,4.2266590227768575e-09,0.8088352680206299,1.0,0.027003848925232887,0.6063711643218994
codec_lp35,codec_lp35,asvspoof2019,bonafide,False,0.0,0.0,0.0,1.0,0.0,0.07125400364207458,0.07125400364207458,,False,True,2.0015625,0.6330799460411072,0.39443862438201904,0.6618636250495911,0.37686270475387573,0.967463493347168,0.04543700069189072,0.8834345936775208,0.019497662782669067
codec_lp35,codec_lp35,librispeech_dev,LibriSpeech,False,0.0,0.0,0.0,1.0,0.0,0.006046648754518147,0.008118802777575145,0.003974494731461149,True,True,9.26,0.7236441373825073,0.28555363416671753,0.7303521037101746,0.27849137783050537,0.9711335897445679,0.1564684957265854,0.8246322274208069,0.03987903892993927
codec_lp35,codec_lp35,wavefake_ajay,R,False,0.0,0.0,0.0,1.0,0.0,0.9964431747960181,0.9964431747960181,,False,True,7.848375,0.7682610154151917,0.49794498085975647,0.7741929292678833,0.5078542828559875,0.979684591293335,0.11421430855989456,0.7974801659584045,0.04572227597236633
codec_lp35,codec_lp35,wavefake_ajay,R,False,0.0,0.0,0.0,1.0,0.0,0.17210814868293414,0.09350918672343267,0.2507071106424356,True,True,8.052875,0.7277990579605103,0.5249453186988831,0.7369910478591919,0.5342609882354736,0.9714702367782593,0.11787194013595581,0.7950030565261841,0.04149675741791725
codec_lp35,codec_lp35,split_internal_mix,mix::A01::GTZAN_genre_0,True,1.0,1.0,0.0,1.0,1.0,0.7743986246056558,0.6771667351049568,0.8716305141063548,True,True,31.5228125,0.6870717406272888,8.993782103061676e-06,0.6734659075737,8.477329174638726e-06,0.46366408467292786,0.9999769330024719,0.02000490017235279,0.861833393573761
codec_lp35,codec_lp35,librispeech_dev,LibriSpeech,False,0.0,0.0,0.0,1.0,0.0,0.015414080677171822,0.015414080677171822,,False,True,6.94,0.72773677110672,0.6149393320083618,0.7349994778633118,0.6239523887634277,0.9532285928726196,0.14713029563426971,0.8165684938430786,0.046566326171159744
codec_lp35,codec_lp35,asvspoof2019,A02,False,1.0,1.0,0.0,1.0,0.0,0.996703338378349,0.996703338378349,,False,True,2.427625,0.6219791769981384,0.41029638051986694,0.6405656337738037,0.39364802837371826,0.9457700848579407,0.03335244208574295,0.766001284122467,0.021863862872123718
codec_lp35,codec_lp35,split_internal_mix,mix::LibriSpeech::GTZAN_genre_0,True,0.0,0.0,0.0,1.0,1.0,0.3025472421698699,0.2951715707570437,0.3099229135826961,True,True,33.453375,0.6640820503234863,4.544238618109375e-05,0.6513901352882385,4.321663800510578e-05,0.48189446330070496,0.9999071955680847,0.024471551179885864,0.867180585861206
codec_lp35,codec_lp35,split_internal_mix,mix::R::GTZAN_genre_1,True,0.0,0.0,0.0,1.0,1.0,0.048948149801308766,0.026873267835773967,0.07102303176684356,True,True,30.013375,0.6209397912025452,8.167881787812803e-06,0.6266402006149292,7.67938036005944e-06,0.8585456013679504,0.999978244304657,0.2999795377254486,0.6710537075996399
codec_lp35,codec_lp35,gtzan_real_v2,GTZAN_genre_3,False,0.0,0.0,0.0,0.0,1.0,0.3692411164069841,0.4784890059533608,0.2599932268606074,True,True,30.013375,0.7080618143081665,1.4836783179816848e-07,0.6888307332992554,1.3692196887404862e-07,0.3942148685455322,0.9999997019767761,0.018806567415595055,0.8325554728507996
codec_lp35,codec_lp35,gtzan_real_v2,GTZAN_genre_7,False,0.0,0.0,0.0,0.0,1.0,0.46987987382911317,0.38760011031584884,0.5521596373423775,True,True,30.0001875,0.7083130478858948,1.303519729844993e-05,0.6849845051765442,1.2360522305243649e-05,0.38666653633117676,0.9999775886535645,0.030147738754749298,0.8544034957885742
codec_lp35,codec_lp35,gtzan_real_v2,GTZAN_genre_3,False,0.0,0.0,0.0,0.0,1.0,0.5226046947516532,0.5349044635902114,0.5103049259130948,True,True,30.0001875,0.7017375230789185,1.7917484456120292e-06,0.6805387139320374,1.6739450074965134e-06,0.3889094591140747,0.9999954104423523,0.020154202356934547,0.8649539947509766
codec_lp35,codec_lp35,gtzan_real_v2,GTZAN_genre_2,False,0.0,0.0,0.0,0.0,1.0,0.5110589018877392,0.4363054158896174,0.5858123878858609,True,True,30.013375,0.6955742239952087,2.093431248795241e-06,0.6774131655693054,1.935931322805118e-06,0.41684579849243164,0.999993622303009,0.018872203305363655,0.8663490414619446
codec_lp35,codec_lp35,librispeech_dev,LibriSpeech,False,0.0,0.0,0.0,1.0,0.0,0.007818736592268826,0.007818736592268826,,False,True,6.71,0.6737940311431885,0.06521907448768616,0.6863675117492676,0.06265928596258163,0.8763992786407471,0.5076115131378174,0.7948781251907349,0.022794920951128006
codec_lp35,codec_lp35,librispeech_dev,LibriSpeech,False,0.0,0.0,0.0,1.0,0.0,0.006160950394735474,0.006160950394735474,,False,True,7.145,0.7151933312416077,0.5784033536911011,0.7214481830596924,0.589592456817627,0.9363839626312256,0.09874742478132248,0.8573607802391052,0.02976878732442856
codec_lp35,codec_lp35,wavefake_ajay,WF3,False,1.0,1.0,0.0,1.0,0.0,0.8129772533773074,0.9976285149933922,0.6283259917612226,True,True,8.1850625,0.7614952325820923,0.5323814153671265,0.7647837400436401,0.5437378883361816,0.972491979598999,0.121915802359581,0.8061558604240417,0.045775316655635834
codec_lp35,codec_lp35,librispeech_dev,LibriSpeech,False,0.0,0.0,0.0,1.0,0.0,0.011256903476086794,0.013217363268799815,0.009296443683373774,True,True,7.855,0.7012739777565002,0.591196596622467,0.7075269818305969,0.5875345468521118,0.9348220825195312,0.2861756980419159,0.8121473789215088,0.019565904513001442
codec_lp35,codec_lp35,gtzan_real_v2,GTZAN_genre_9,False,0.0,0.0,0.0,0.0,1.0,0.8110487875933321,0.7878772291036712,0.8342203460829929,True,True,30.013375,0.7000142931938171,3.954834028263576e-06,0.681439995765686,3.7204488307907013e-06,0.4107246398925781,0.999993622303009,0.028330648317933083,0.8385542035102844
codec_lp35,codec_lp35,split_internal_mix,mix::LibriSpeech::MusicGen,True,1.0,0.0,1.0,1.0,1.0,0.15843240257356989,0.01862772825457469,0.29823707689256507,True,True,11.3015625,0.6458556652069092,0.6559460759162903,0.654909610748291,0.6471815705299377,0.949365496635437,0.4815579354763031,0.7083431482315063,0.07693501561880112
codec_lp35,codec_lp35,asvspoof2019,A02,False,1.0,1.0,0.0,1.0,0.0,0.9997688566388032,0.9997688566388032,,False,True,5.2684375,0.7174237966537476,0.4674976170063019,0.71885746717453,0.4720469117164612,0.9169729351997375,0.052967291325330734,0.7900539636611938,0.03427812084555626
codec_lp35,codec_lp35,gtzan_real_v2,GTZAN_genre_4,False,0.0,0.0,0.0,0.0,1.0,0.22960920264110862,0.21995317017049637,0.23926523511172085,True,True,30.013375,0.6690970659255981,0.00010564495460130274,0.65446937084198,0.00010135198681382462,0.48631009459495544,0.9999211430549622,0.051837820559740067,0.8468428254127502
codec_lp35,codec_lp35,asvspoof2019,bonafide,False,0.0,0.0,0.0,1.0,0.0,0.06208187788852113,0.06208187788852113,,False,True,1.9585625,0.6409099102020264,0.3898378014564514,0.6564311981201172,0.3717327117919922,0.9581161737442017,0.03744284063577652,0.7676764130592346,0.030502693727612495
codec_lp35,codec_lp35,wavefake_ajay,WF5,False,1.0,1.0,0.0,1.0,0.0,0.9987771912719292,0.9985587106027602,0.9989956719410981,True,True,9.41575,0.7500628232955933,0.5722755193710327,0.7592899203300476,0.5841452479362488,0.9762667417526245,0.10625021159648895,0.8097411394119263,0.04376206547021866
codec_lp35,codec_lp35,split_internal_mix,mix::A01::GTZAN_genre_0,True,1.0,1.0,0.0,1.0,1.0,0.22121633978679797,0.13127614406232152,0.3111565355112744,True,True,31.942,0.629257321357727,0.0001093871978810057,0.6455963253974915,0.00010264074808219448,0.7488519549369812,0.9997020363807678,0.08971335738897324,0.7603868842124939
codec_lp35,codec_lp35,asvspoof2019,A02,False,1.0,1.0,0.0,1.0,0.0,0.9995850067760269,0.9995850067760269,,False,True,8.1293125,0.731482744216919,0.46060264110565186,0.7379165887832642,0.46968474984169006,0.9330194592475891,0.04498792067170143,0.657791256904602,0.036316245794296265
codec_lp35,codec_lp35,asvspoof2019,A02,False,1.0,1.0,0.0,1.0,0.0,0.9959318179043865,0.9959318179043865,,False,True,3.46025,0.6694375872612,0.39233100414276123,0.6906765699386597,0.3794475495815277,0.9756635427474976,0.0493624247610569,0.8252059817314148,0.013424193486571312
codec_lp35,codec_lp35,asvspoof2019,A02,False,1.0,1.0,0.0,1.0,0.0,0.9958222041110648,0.9958222041110648,,False,True,3.1421875,0.6615753173828125,0.3513454794883728,0.6840814352035522,0.33462807536125183,0.9756500720977783,0.04318210482597351,0.8122884035110474,0.013595623895525932
codec_lp35,codec_lp35,gtzan_real_v2,GTZAN_genre_2,False,0.0,0.0,0.0,0.0,1.0,0.8336328523086673,0.9279517561831577,0.7393139484341769,True,True,30.013375,0.693678081035614,6.553789717145264e-06,0.6770509481430054,6.1752657529723365e-06,0.4303343594074249,0.9999892115592957,0.01587655022740364,0.896612823009491
codec_lp35,codec_lp35,asvspoof2019,A02,False,1.0,1.0,0.0,1.0,0.0,0.9979374640643349,0.9979374640643349,,False,True,3.8740625,0.6768224239349365,0.4025338292121887,0.6949121356010437,0.39334627985954285,0.9697827100753784,0.052840422838926315,0.7859987616539001,0.01465514861047268
codec_lp35,codec_lp35,librispeech_dev,LibriSpeech,False,0.0,0.0,0.0,1.0,0.0,0.018057375001780236,0.01187638225687544,0.024238367746685033,True,True,12.225,0.6931324601173401,0.27640748023986816,0.7074713110923767,0.2667131721973419,0.9578145742416382,0.14956706762313843,0.8013023734092712,0.016916178166866302
codec_lp35,codec_lp35,gtzan_real_v2,GTZAN_genre_1,False,0.0,0.0,0.0,0.0,1.0,0.1980774163709928,0.16000603722724374,0.23614879551474185,True,True,30.013375,0.6207480430603027,1.5860832718317397e-05,0.6311646699905396,1.5441886716871522e-05,0.7345239520072937,0.9999944567680359,0.019720425829291344,0.7504512667655945
codec_lp35,codec_lp35,wavefake_ajay,WF4,False,1.0,1.0,0.0,1.0,0.0,0.9993114475573989,0.9993114475573989,,False,True,2.1826875,0.6874445080757141,0.48217129707336426,0.707854688167572,0.4767287075519562,0.9811299443244934,0.054546963423490524,0.7963947057723999,0.045714523643255234
codec_lp35,codec_lp35,wavefake_ajay,WF1,False,1.0,1.0,0.0,1.0,0.0,0.9987572574631559,0.9987572574631559,,False,True,7.3955625,0.7409387230873108,0.4978679418563843,0.7498533129692078,0.5077571272850037,0.966903567314148,0.10457692295312881,0.7727894186973572,0.03025832213461399
codec_lp35,codec_lp35,wavefake_ajay,R,False,0.0,0.0,0.0,1.0,0.0,0.3861253107656348,0.3861253107656348,,False,True,6.2533125,0.7523778080940247,0.4645960032939911,0.7609979510307312,0.4710155427455902,0.9799162149429321,0.11041364818811417,0.8283150792121887,0.03132712095975876
codec_lp35,codec_lp35,gtzan_real_v2,GTZAN_genre_8,False,0.0,0.0,0.0,0.0,1.0,0.3527574356510761,0.4221786754315846,0.28333619587056763,True,True,30.0001875,0.6639362573623657,0.0001380622707074508,0.6563844680786133,0.0001335207634838298,0.5214548707008362,0.9995319247245789,0.03141165152192116,0.8659602999687195
codec_lp35,codec_lp35,wavefake_ajay,WF3,False,1.0,1.0,0.0,1.0,0.0,0.9867541873400805,0.9808572442834237,0.9926511303967374,True,True,8.347625,0.7543514966964722,0.48994407057762146,0.7628915905952454,0.4982959032058716,0.9795506000518799,0.10857604444026947,0.8103904724121094,0.032714299857616425
codec_lp35,codec_lp35,asvspoof2019,A02,False,1.0,1.0,0.0,1.0,0.0,0.9964071537198533,0.9964071537198533,,False,True,2.6464375,0.6475285291671753,0.4045517146587372,0.6753806471824646,0.38879305124282837,0.9760689735412598,0.04356798157095909,0.7476555705070496,0.031383972615003586
codec_lp35,codec_lp35,split_internal_mix,mix::A02::MusicGen,True,1.0,1.0,1.0,1.0,1.0,0.9165951730660393,0.9886088699157516,0.8445814762163271,True,True,8.1493125,0.6690155267715454,0.9821321964263916,0.6886100769042969,0.982130765914917,0.8734780550003052,0.9060624837875366,0.3155594766139984,0.04966318607330322
codec_lp35,codec_lp35,split_internal_mix,mix::A02::MusicGen,True,1.0,1.0,1.0,1.0,1.0,0.9622894312458181,0.9622894312458181,,False,True,7.5749375,0.6363894939422607,0.9984720349311829,0.6567026376724243,0.9984679818153381,0.8589167594909668,0.997600257396698,0.6711691617965698,0.08981414884328842
codec_lp35,codec_lp35,librispeech_dev,LibriSpeech,False,0.0,0.0,0.0,1.0,0.0,0.015585340815290716,0.015585340815290716,,False,True,5.57,0.6957530379295349,0.3037586212158203,0.7029570937156677,0.2968418598175049,0.9643093347549438,0.19356751441955566,0.8781019449234009,0.02999064512550831
codec_lp35,codec_lp35,split_internal_mix,mix::bonafide::MusicGen,True,1.0,0.0,1.0,1.0,1.0,0.4496344055722393,0.11063375451044814,0.7886350566340306,True,True,9.268875,0.663735032081604,0.6935980916023254,0.6793546676635742,0.6892291307449341,0.9637736082077026,0.41951775550842285,0.6478850245475769,0.033489637076854706
codec_lp35,codec_lp35,gtzan_real_v2,GTZAN_genre_0,False,0.0,0.0,0.0,0.0,1.0,0.1585491188387387,0.16145870086512748,0.15563953681234993,True,True,30.013375,0.6692525148391724,0.00045964549644850194,0.6640637516975403,0.0004466602695174515,0.5364037156105042,0.998066246509552,0.18203677237033844,0.8871776461601257
codec_lp35,codec_lp35,asvspoof2019,A02,False,1.0,1.0,0.0,1.0,0.0,0.9945342426162396,0.9945342426162396,,False,True,2.4985,0.6353896856307983,0.4086379408836365,0.6594107747077942,0.3908190131187439,0.9699693322181702,0.039616309106349945,0.7530295252799988,0.024841273203492165
codec_lp35,codec_lp35,wavefake_ajay,WF5,False,1.0,1.0,0.0,1.0,0.0,0.9981149296273294,0.9981149296273294,,False,True,6.3275,0.7504703402519226,0.5405027270317078,0.7574804425239563,0.5524821877479553,0.972807765007019,0.09401329606771469,0.7813889980316162,0.04152537137269974
codec_lp35,codec_lp35,gtzan_real_v2,GTZAN_genre_5,False,0.0,0.0,0.0,0.0,1.0,0.5659388496030872,0.7602623750546186,0.3716153241515558,True,True,30.013375,0.6542625427246094,0.000120094686280936,0.6491170525550842,0.00011770437413360924,0.5355091094970703,0.9999111294746399,0.016675006598234177,0.7061967849731445
codec_lp35,codec_lp35,wavefake_ajay,WF6,False,1.0,1.0,0.0,1.0,0.0,0.9929263511746067,0.9968862691116261,0.9889664332375872,True,True,8.52175,0.7348974943161011,0.479451447725296,0.7430357336997986,0.4843374490737915,0.9752614498138428,0.08809852600097656,0.8140594959259033,0.033965256065130234
codec_lp35,codec_lp35,asvspoof2019,bonafide,False,0.0,0.0,0.0,1.0,0.0,0.062263654392822554,0.062263654392822554,,False,True,3.5368125,0.704246461391449,0.415372759103775,0.7159499526023865,0.40863311290740967,0.971832811832428,0.06298009306192398,0.8840745091438293,0.014655685983598232
codec_lp35,codec_lp35,split_internal_mix,mix::WF4::GTZAN_genre_0,True,1.0,1.0,0.0,1.0,1.0,0.15035479704618226,0.14915801578641355,0.151551578305951,True,True,33.3919375,0.6597723960876465,0.00022998382337391376,0.6596360206604004,0.00022200291277840734,0.5906522274017334,0.9995379447937012,0.04212197661399841,0.9047920107841492
codec_lp35,codec_lp35,gtzan_real_v2,GTZAN_genre_2,False,0.0,0.0,0.0,0.0,1.0,0.18780151019276056,0.08237521422886233,0.2932278061566588,True,True,30.013375,0.6428463459014893,8.97719409920228e-09,0.6393851041793823,8.214970037556668e-09,0.534351110458374,1.0,0.2542940080165863,0.718819797039032
codec_lp35,codec_lp35,gtzan_real_v2,GTZAN_genre_4,False,0.0,0.0,0.0,0.0,1.0,0.27993473422214743,0.26742607849169786,0.29244338995259694,True,True,30.6489375,0.6597179174423218,1.566616992931813e-05,0.6510051488876343,1.4931448276911397e-05,0.5310958027839661,0.999971866607666,0.045693498104810715,0.8379160761833191
codec_lp35,codec_lp35,librispeech_dev,LibriSpeech,False,0.0,0.0,0.0,1.0,0.0,0.021542946563534403,0.01239083449554657,0.030695058631522235,True,True,10.25,0.6874769926071167,0.04644308239221573,0.7021666765213013,0.04476621747016907,0.911920428276062,0.6736210584640503,0.7958783507347107,0.022826680913567543
codec_lp35,codec_lp35,split_internal_mix,mix::bonafide::MusicGen,True,1.0,0.0,1.0,1.0,1.0,0.6066174207175925,0.6066174207175925,,False,True,5.8256875,0.6974917054176331,0.763713538646698,0.704966127872467,0.7598199248313904,0.9493840932846069,0.6022348403930664,0.6429626941680908,0.6156617403030396
codec_lp35,codec_lp35,gtzan_real_v2,GTZAN_genre_8,False,0.0,0.0,0.0,0.0,1.0,0.4529160591775773,0.4465236663486798,0.45930845200647485,True,True,30.013375,0.6405059695243835,4.929421629640274e-05,0.6456137895584106,4.714695387519896e-05,0.6989607214927673,0.9998851418495178,0.01768110878765583,0.8963689804077148
codec_lp35,codec_lp35,librispeech_dev,LibriSpeech,False,0.0,0.0,0.0,1.0,0.0,0.046585790221089204,0.0600211898842245,0.0331503905579539,True,True,8.17,0.6792702078819275,0.5626752376556396,0.6879938840866089,0.5735254287719727,0.8878181576728821,0.10229039192199707,0.8284833431243896,0.017014261335134506
codec_lp35,codec_lp35,fake_music_generated,MusicGen,False,1.0,0.0,1.0,0.0,1.0,0.8824821194813797,0.8824821194813797,,False,True,4.48175,0.7144293189048767,0.9999301433563232,0.7099155783653259,0.9999239444732666,0.587642252445221,0.9999629259109497,0.019238244742155075,0.055878523737192154
codec_lp35,codec_lp35,gtzan_real_v2,GTZAN_genre_4,False,0.0,0.0,0.0,0.0,1.0,0.15849835433545673,0.2068656380195856,0.11013107065132786,True,True,29.932,0.6484709978103638,0.0016354522667825222,0.6504925489425659,0.0015977519797161222,0.5982170701026917,0.9953069090843201,0.12777473032474518,0.8802180290222168
codec_lp35,codec_lp35,wavefake_ajay,WF2,False,1.0,1.0,0.0,1.0,0.0,0.9966480568748751,0.9962297025174,0.9970664112323503,True,True,9.99625,0.7522579431533813,0.5069490075111389,0.7616884112358093,0.5162447690963745,0.9836214184761047,0.11579332500696182,0.8205029368400574,0.0408177375793457
codec_lp35,codec_lp35,librispeech_dev,LibriSpeech,False,0.0,0.0,0.0,1.0,0.0,0.011242808698954701,0.011242808698954701,,False,True,3.02,0.710503876209259,0.3259838819503784,0.7232551574707031,0.31320586800575256,0.9857386350631714,0.11729797720909119,0.8658339381217957,0.02739652805030346
codec_lp35,codec_lp35,asvspoof2019,A01,False,1.0,1.0,0.0,1.0,0.0,0.9991091585297939,0.9991091585297939,,False,True,2.3791875,0.7038980722427368,0.40460681915283203,0.7244781851768494,0.39388608932495117,0.9840606451034546,0.04062776267528534,0.7672219276428223,0.04235289245843887
codec_lp35,codec_lp35,librispeech_dev,LibriSpeech,False,0.0,0.0,0.0,1.0,0.0,0.010185234871700009,0.011851799706599084,0.008518670036800935,True,True,10.07,0.7217185497283936,0.3730430603027344,0.7346359491348267,0.3663005232810974,0.9792249202728271,0.09301534295082092,0.8102134466171265,0.01490950770676136
codec_lp35,codec_lp35,asvspoof2019,bonafide,False,0.0,0.0,0.0,1.0,0.0,0.05993903523118122,0.05993903523118122,,False,True,3.9654375,0.7424828410148621,0.4449229836463928,0.7523255348205566,0.44634243845939636,0.9847122430801392,0.0747222900390625,0.782263994216919,0.015865696594119072
codec_lp35,codec_lp35,librispeech_dev,LibriSpeech,False,0.0,0.0,0.0,1.0,0.0,0.006402228614480675,0.006402228614480675,,False,True,4.4,0.7127308249473572,0.5666590929031372,0.7225940227508545,0.5757006406784058,0.9545167088508606,0.07842261344194412,0.838779628276825,0.04285313934087753
codec_lp35,codec_lp35,asvspoof2019,A01,False,1.0,1.0,0.0,1.0,0.0,0.9998244413406234,0.9998244413406234,,False,True,1.870875,0.6870370507240295,0.42091935873031616,0.7111097574234009,0.4090832471847534,0.9842261672019958,0.03740929812192917,0.7705878019332886,0.03612995520234108
codec_lp35,codec_lp35,wavefake_ajay,R,False,0.0,0.0,0.0,1.0,0.0,0.5676086518497412,0.3583145244159264,0.7769027792835559,True,True,9.0745625,0.7386417984962463,0.5008236765861511,0.7497044801712036,0.5085420608520508,0.979322075843811,0.11818230152130127,0.8251702785491943,0.02972441352903843
codec_lp35,codec_lp35,asvspoof2019,A01,False,1.0,1.0,0.0,1.0,0.0,0.9997767299358532,0.9997767299358532,,False,True,3.417375,0.7371142506599426,0.5576826930046082,0.7504522204399109,0.5690151453018188,0.9729143977165222,0.03166690468788147,0.8790022134780884,0.012564465403556824
codec_lp35,codec_lp35,librispeech_dev,LibriSpeech,False,0.0,0.0,0.0,1.0,0.0,0.010493314118158037,0.008992945318000142,0.011993682918315932,True,True,12.535,0.720570981502533,0.3312793970108032,0.7288961410522461,0.323898583650589,0.9809601306915283,0.15988893806934357,0.794668436050415,0.02637224644422531
codec_lp35,codec_lp35,gtzan_real_v2,GTZAN_genre_9,False,0.0,0.0,0.0,0.0,1.0,0.5704986492437985,0.5916727110216929,0.549324587465904,True,True,30.4009375,0.7201660871505737,5.092281298857415e-07,0.6990889310836792,4.80232017707749e-07,0.36551448702812195,0.9999990463256836,0.02036334201693535,0.8480780124664307
codec_lp35,codec_lp35,wavefake_ajay,WF4,False,1.0,1.0,0.0,1.0,0.0,0.9992758979574893,0.9992758979574893,,False,True,4.66725,0.7402440905570984,0.5525470972061157,0.7503385543823242,0.5654057860374451,0.9717621803283691,0.10694317519664764,0.7848223447799683,0.03615497052669525
codec_lp35,codec_lp35,librispeech_dev,LibriSpeech,False,0.0,0.0,0.0,1.0,0.0,0.026826746935555038,0.041811546581312885,0.011841947289797193,True,True,16.54,0.6830700039863586,0.5288740396499634,0.7010023593902588,0.5239382982254028,0.9851617217063904,0.233258917927742,0.6796844601631165,0.02364009991288185
codec_lp35,codec_lp35,wavefake_ajay,WF5,False,1.0,1.0,0.0,1.0,0.0,0.9705130260239544,0.9705130260239544,,False,True,3.61075,0.752265989780426,0.4628636837005615,0.7615895867347717,0.4662553668022156,0.9877848625183105,0.0951753631234169,0.8549286723136902,0.0196305513381958
codec_lp35,codec_lp35,gtzan_real_v2,GTZAN_genre_2,False,0.0,0.0,0.0,0.0,1.0,0.5097795497193455,0.5249424667414347,0.4946166326972562,True,True,30.013375,0.6557754278182983,1.882329314639719e-08,0.6477146148681641,1.7523984041645235e-08,0.5104979872703552,1.0,0.018524734303355217,0.8068663477897644
codec_lp35,codec_lp35,gtzan_real_v2,GTZAN_genre_9,False,0.0,0.0,0.0,0.0,1.0,0.12160248602503429,0.15960398475938015,0.08360098729068842,True,True,30.013375,0.6530126333236694,1.9535715978236112e-07,0.6450177431106567,1.820206136926572e-07,0.5006207227706909,0.9999998211860657,0.06381969898939133,0.8308476805686951
codec_lp35,codec_lp35,librispeech_dev,LibriSpeech,False,0.0,0.0,0.0,1.0,0.0,0.02956483215925101,0.010119928549768295,0.04900973576873373,True,True,27.88,0.6939918994903564,0.5032526254653931,0.7086946964263916,0.495841920375824,0.9846522212028503,0.22315485775470734,0.6864444613456726,0.02456566132605076
codec_lp35,codec_lp35,librispeech_dev,LibriSpeech,False,0.0,0.0,0.0,1.0,0.0,0.019966279251087127,0.024187968510987173,0.015744589991187077,True,True,10.17,0.6886214017868042,0.49605292081832886,0.7033151388168335,0.48988065123558044,0.9837855100631714,0.2611398696899414,0.7723551988601685,0.028169013559818268
codec_lp35,codec_lp35,librispeech_dev,LibriSpeech,False,0.0,0.0,0.0,1.0,0.0,0.013075805739124126,0.01393407651287187,0.012217534965376383,True,True,12.985,0.7186362743377686,0.2743792235851288,0.730720579624176,0.26613110303878784,0.9664186239242554,0.11405651271343231,0.7795270681381226,0.021525582298636436
codec_lp35,codec_lp35,gtzan_real_v2,GTZAN_genre_4,False,0.0,0.0,0.0,0.0,1.0,0.24521539071533632,0.28407832881102607,0.2063524526196466,True,True,30.013375,0.6386102437973022,0.0004327337082941085,0.6478581428527832,0.00041414605220779777,0.7444961071014404,0.9987838864326477,0.21538178622722626,0.803755521774292
codec_lp35,codec_lp35,librispeech_dev,LibriSpeech,False,0.0,0.0,0.0,1.0,0.0,0.01728696211128962,0.023541731011087075,0.011032193211492165,True,True,10.65,0.7221174240112305,0.3339649438858032,0.7334654927253723,0.32747697830200195,0.9629794359207153,0.08936423063278198,0.7421150207519531,0.02377193793654442
codec_lp35,codec_lp35,librispeech_dev,LibriSpeech,False,0.0,0.0,0.0,1.0,0.0,0.021788246250982562,0.021788246250982562,,False,True,2.04,0.6464184522628784,0.3755767345428467,0.6710613965988159,0.36006250977516174,0.96269690990448,0.08147631585597992,0.8936465978622437,0.028473421931266785
codec_lp35,codec_lp35,librispeech_dev,LibriSpeech,False,0.0,0.0,0.0,1.0,0.0,0.00862005647667578,0.010014234792597283,0.007225878160754274,True,True,10.81,0.696891188621521,0.23088182508945465,0.7063056230545044,0.2252269685268402,0.9359005689620972,0.18666182458400726,0.8066065311431885,0.023732071742415428
codec_lp35,codec_lp35,librispeech_dev,LibriSpeech,False,0.0,0.0,0.0,1.0,0.0,0.0148894404144016,0.016539411757054135,0.013239469071749064,True,True,15.15,0.7136240005493164,0.38976895809173584,0.7214532494544983,0.3850933909416199,0.9735832810401917,0.1170247346162796,0.8308812975883484,0.030078161507844925
codec_lp35,codec_lp35,gtzan_real_v2,GTZAN_genre_8,False,0.0,0.0,0.0,0.0,1.0,0.5204596240976495,0.6414874849049421,0.39943176329035684,True,True,30.013375,0.6759335994720459,7.005100542301079e-06,0.6617881059646606,6.629061317653395e-06,0.45638641715049744,0.9999848008155823,0.05423014983534813,0.8821218609809875
codec_lp35,codec_lp35,librispeech_dev,LibriSpeech,False,0.0,0.0,0.0,1.0,0.0,0.05171973750429986,0.05171973750429986,,False,True,2.59,0.6553252935409546,0.4015311002731323,0.6790083646774292,0.3870069980621338,0.9787710309028625,0.0688062459230423,0.7374433279037476,0.02093154937028885
codec_lp35,codec_lp35,gtzan_real_v2,GTZAN_genre_1,False,0.0,0.0,0.0,0.0,1.0,0.5694511341372902,0.6755271028236153,0.4633751654509651,True,True,30.013375,0.6331267356872559,4.540102236205712e-05,0.6481037735939026,4.249686389812268e-05,0.9046721458435059,0.9999456405639648,0.01383064966648817,0.7721824645996094
codec_lp35,codec_lp35,wavefake_ajay,WF4,False,1.0,1.0,0.0,1.0,0.0,0.9991467043446818,0.9991467043446818,,False,True,3.3785625,0.7206754684448242,0.4372767210006714,0.7310702204704285,0.4342714548110962,0.979532778263092,0.09245504438877106,0.8219438195228577,0.019109811633825302
codec_lp35,codec_lp35,wavefake_ajay,R,False,0.0,0.0,0.0,1.0,0.0,0.09796369259047644,0.09796369259047644,,False,True,4.9994375,0.7504540085792542,0.4856555461883545,0.7586830854415894,0.4939853250980377,0.9783570170402527,0.10055097937583923,0.8044489026069641,0.031819459050893784
codec_lp35,codec_lp35,librispeech_dev,LibriSpeech,False,0.0,0.0,0.0,1.0,0.0,0.00815251157711755,0.00815251157711755,,False,True,6.76,0.724130392074585,0.23970606923103333,0.7337849736213684,0.2350807934999466,0.955564022064209,0.17753228545188904,0.8476079702377319,0.03351626917719841
codec_lp35,codec_lp35,asvspoof2019,A02,False,1.0,1.0,0.0,1.0,0.0,0.9953157292893554,0.9953157292893554,,False,True,1.975625,0.6249271035194397,0.3793207108974457,0.6541920900344849,0.35822951793670654,0.9653360247612,0.03856494650244713,0.8122000694274902,0.024350419640541077
codec_lp35,codec_lp35,asvspoof2019,bonafide,False,0.0,0.0,0.0,1.0,0.0,0.020829440332890796,0.020829440332890796,,False,True,4.0055,0.70628821849823,0.43886125087738037,0.7162229418754578,0.43931466341018677,0.9591187834739685,0.06941646337509155,0.799176812171936,0.020123062655329704
codec_lp35,codec_lp35,split_internal_mix,mix::LibriSpeech::GTZAN_genre_5,True,0.0,0.0,0.0,1.0,1.0,0.6052307224780049,0.5565697477524227,0.653891697203587,True,True,30.013375,0.6240904927253723,5.144052920513786e-06,0.6284879446029663,4.870198608841747e-06,0.6282594203948975,0.9999980926513672,0.01954609341919422,0.7280833125114441
codec_lp35,codec_lp35,gtzan_real_v2,GTZAN_genre_9,False,0.0,0.0,0.0,0.0,1.0,0.5463031531164693,0.6697423842730865,0.422863921959852,True,True,30.013375,0.6273922324180603,9.106997822527774e-07,0.6319515705108643,8.426021622653934e-07,0.6072196960449219,0.9999989867210388,0.02154378779232502,0.8273764252662659
codec_lp35,codec_lp35,fake_music_generated,MusicGen,False,1.0,0.0,1.0,0.0,1.0,0.9136730633253768,0.9136730633253768,,False,True,5.1795625,0.7180234789848328,0.9998424053192139,0.7123060822486877,0.9998311996459961,0.5836015939712524,0.9998782873153687,0.01683375984430313,0.019345130771398544
codec_lp35,codec_lp35,gtzan_real_v2,GTZAN_genre_0,False,0.0,0.0,0.0,0.0,1.0,0.332136741382396,0.2872665434741625,0.3770069392906295,True,True,30.013375,0.6644561290740967,4.368496229290031e-05,0.6522480249404907,4.1724779293872416e-05,0.48627769947052,0.9999122619628906,0.02035018987953663,0.8804051876068115
codec_lp35,codec_lp35,librispeech_dev,LibriSpeech,False,0.0,0.0,0.0,1.0,0.0,0.06005684266637746,0.07497207696076465,0.04514160837199027,True,True,17.665,0.6908479332923889,0.5360538363456726,0.6947861909866333,0.544195294380188,0.895058810710907,0.12158146500587463,0.7994817495346069,0.022891562432050705
codec_lp35,codec_lp35,gtzan_real_v2,GTZAN_genre_2,False,0.0,0.0,0.0,0.0,1.0,0.09881203403496913,0.09250447198316065,0.10511959608677762,True,True,30.013375,0.6618539690971375,2.109411099127101e-07,0.6556055545806885,1.970595917555329e-07,0.518940269947052,0.9999998211860657,0.021757738664746284,0.8690297603607178
codec_lp35,codec_lp35,gtzan_real_v2,GTZAN_genre_3,False,0.0,0.0,0.0,0.0,1.0,0.6262968642947996,0.47896808503492755,0.7736256435546717,True,True,30.013375,0.6907103061676025,1.6777333655682014e-07,0.6765042543411255,1.5535079000983387e-07,0.4594822824001312,0.9999997615814209,0.020299790427088737,0.838728129863739
codec_lp35,codec_lp35,gtzan_real_v2,GTZAN_genre_7,False,0.0,0.0,0.0,0.0,1.0,0.3811819003722401,0.3616797438541009,0.4006840568903792,True,True,30.0001875,0.7084637880325317,7.677308531128801e-06,0.689092755317688,7.3898945629480295e-06,0.3853112459182739,0.9999974370002747,0.026651954278349876,0.7869551181793213
codec_lp35,codec_lp35,gtzan_real_v2,GTZAN_genre_7,False,0.0,0.0,0.0,0.0,1.0,0.5909583146700189,0.5356564385152824,0.6462601908247554,True,True,30.0001875,0.6688253283500671,5.497973324963823e-05,0.6563626527786255,5.320716809364967e-05,0.48740556836128235,0.9999335408210754,0.024684026837348938,0.8584652543067932
codec_lp35,codec_lp35,librispeech_dev,LibriSpeech,False,0.0,0.0,0.0,1.0,0.0,0.00908377236709624,0.011008066618477896,0.007159478115714584,True,True,11.12,0.7161985039710999,0.34703245759010315,0.7241128087043762,0.34199219942092896,0.9685699939727783,0.15287232398986816,0.831256628036499,0.030466647818684578
codec_lp35,codec_lp35,librispeech_dev,LibriSpeech,False,0.0,0.0,0.0,1.0,0.0,0.010302267271349719,0.010302267271349719,,False,True,5.85,0.7017354965209961,0.2996443808078766,0.7089589834213257,0.29074394702911377,0.9687327742576599,0.1563398689031601,0.8379814028739929,0.02810666523873806
codec_lp35,codec_lp35,librispeech_dev,LibriSpeech,False,0.0,0.0,0.0,1.0,0.0,0.011340838820721658,0.011340838820721658,,False,True,5.585,0.7467619180679321,0.35703518986701965,0.751848042011261,0.3535257577896118,0.9768873453140259,0.14560972154140472,0.8545185923576355,0.03768547251820564
codec_lp35,codec_lp35,librispeech_dev,LibriSpeech,False,0.0,0.0,0.0,1.0,0.0,0.02517855495652168,0.02517855495652168,,False,True,4.29,0.6958688497543335,0.5284367799758911,0.7017925977706909,0.5383641123771667,0.9283219575881958,0.11202356964349747,0.8318129181861877,0.028933916240930557
codec_lp35,codec_lp35,asvspoof2019,A01,False,1.0,1.0,0.0,1.0,0.0,0.9997519707588373,0.9997519707588373,,False,True,0.928625,0.644517183303833,0.38235771656036377,0.6726518869400024,0.36028775572776794,0.9789590239524841,0.033083464950323105,0.8440532684326172,0.029374897480010986
codec_lp35,codec_lp35,wavefake_ajay,WF3,False,1.0,1.0,0.0,1.0,0.0,0.9954604091299193,0.9954604091299193,,False,True,8.04575,0.7409533262252808,0.600683331489563,0.7480794191360474,0.6120892763137817,0.9696177244186401,0.1497185379266739,0.7525439262390137,0.0379750020802021
codec_lp35,codec_lp35,librispeech_dev,LibriSpeech,False,0.0,0.0,0.0,1.0,0.0,0.023393551802418738,0.023861709139553343,0.022925394465284132,True,True,16.98,0.6778900027275085,0.551234245300293,0.6904759407043457,0.5453125238418579,0.9775704145431519,0.15441642701625824,0.7492376565933228,0.02219247817993164
codec_lp35,codec_lp35,gtzan_real_v2,GTZAN_genre_7,False,0.0,0.0,0.0,0.0,1.0,0.35923849651409806,0.40811187345335104,0.3103651195748451,True,True,30.0001875,0.6781932711601257,3.5514577234607714e-07,0.6604807376861572,3.3161944656967535e-07,0.43120718002319336,0.999999463558197,0.05444842576980591,0.8551158905029297
codec_lp35,codec_lp35,librispeech_dev,LibriSpeech,False,0.0,0.0,0.0,1.0,0.0,0.011380030602422467,0.011380030602422467,,False,True,3.41,0.6777949333190918,0.1444513201713562,0.6914665699005127,0.13322767615318298,0.9515161514282227,0.14917773008346558,0.8095945119857788,0.015478878282010555
codec_lp35,codec_lp35,wavefake_ajay,WF2,False,1.0,1.0,0.0,1.0,0.0,0.9986406587400762,0.9986406587400762,,False,True,3.3436875,0.7470223903656006,0.4946470260620117,0.7565845847129822,0.4988718628883362,0.9827553629875183,0.07778699696063995,0.8881801962852478,0.01615537516772747
codec_lp35,codec_lp35,librispeech_dev,LibriSpeech,False,0.0,0.0,0.0,1.0,0.0,0.013551941537910082,0.013551941537910082,,False,True,3.585,0.699233889579773,0.35655924677848816,0.7068568468093872,0.3425179719924927,0.9797138571739197,0.11005710810422897,0.8524922132492065,0.021344393491744995
codec_lp35,codec_lp35,librispeech_dev,LibriSpeech,False,0.0,0.0,0.0,1.0,0.0,0.00826273973498877,0.011045165437395062,0.005480314032582477,True,True,8.69,0.7250486016273499,0.49267643690109253,0.7327989339828491,0.49905264377593994,0.9512807130813599,0.10847969353199005,0.7991760969161987,0.03455694019794464
codec_lp35,codec_lp35,asvspoof2019,A02,False,1.0,1.0,0.0,1.0,0.0,0.9979445395769455,0.9979445395769455,,False,True,3.5378125,0.6690825819969177,0.4447205066680908,0.6830373406410217,0.4398057162761688,0.959324061870575,0.04590984433889389,0.7265979051589966,0.01727459579706192
codec_lp35,codec_lp35,wavefake_ajay,WF6,False,1.0,1.0,0.0,1.0,0.0,0.9968437208375331,0.9965403400480158,0.9971471016270506,True,True,9.99625,0.7482818365097046,0.5074595212936401,0.7553811073303223,0.5157042145729065,0.9781609773635864,0.10394441336393356,0.8205029368400574,0.0408177487552166
codec_lp35,codec_lp35,librispeech_dev,LibriSpeech,False,0.0,0.0,0.0,1.0,0.0,0.02292374266891272,0.014991187564051857,0.030856297773773585,True,True,16.67,0.7542798519134521,0.6589474081993103,0.7600771188735962,0.6675333976745605,0.9698678255081177,0.18030738830566406,0.7999764680862427,0.030327867716550827
codec_lp35,codec_lp35,gtzan_real_v2,GTZAN_genre_9,False,0.0,0.0,0.0,0.0,1.0,0.3599931827336859,0.3591709343451431,0.36081543112222875,True,True,30.013375,0.6732577085494995,9.687601959740277e-06,0.6583201885223389,9.193394362227991e-06,0.4966095983982086,0.9999813437461853,0.01783508062362671,0.8422535061836243
codec_lp35,codec_lp35,asvspoof2019,A02,False,1.0,1.0,0.0,1.0,0.0,0.9996344664491138,0.9996344664491138,,False,True,4.632375,0.7282161116600037,0.44797682762145996,0.7363261580467224,0.4492685794830322,0.9721410274505615,0.055547501891851425,0.7486492991447449,0.02359791100025177
codec_lp35,codec_lp35,asvspoof2019,A02,False,1.0,1.0,0.0,1.0,0.0,0.9958546353345847,0.9958546353345847,,False,True,4.064875,0.682257890701294,0.44268321990966797,0.696190357208252,0.43675699830055237,0.9742274880409241,0.04040105640888214,0.7383891940116882,0.015362904407083988
codec_lp35,codec_lp35,gtzan_real_v2,GTZAN_genre_6,False,0.0,0.0,0.0,0.0,1.0,0.2762912795981013,0.2976240559321884,0.25495850326401426,True,True,30.0001875,0.6860948801040649,1.5212810922093922e-06,0.6662094593048096,1.4322979495773325e-06,0.4172320067882538,0.9999976754188538,0.019249139353632927,0.9215137958526611
codec_lp35,codec_lp35,gtzan_real_v2,GTZAN_genre_3,False,0.0,0.0,0.0,0.0,1.0,0.2938992047899641,0.21353444807170238,0.37426396150822583,True,True,30.013375,0.6904721260070801,0.0003067630750592798,0.6719696521759033,0.0003001241711899638,0.429858922958374,0.9994767308235168,0.019815856590867043,0.8935462832450867
codec_lp35,codec_lp35,librispeech_dev,LibriSpeech,False,0.0,0.0,0.0,1.0,0.0,0.009100282931965426,0.005784389798274375,0.012416176065656478,True,True,11.975,0.718303382396698,0.31178098917007446,0.7246183156967163,0.3030282258987427,0.9730494618415833,0.1502746343612671,0.8412976861000061,0.02935110591351986
