id,path,file_fake,voice_fake,music_fake,voice_present,music_present,speaker_id,generator,source,dataset,hf_id,original_id,split_group_id,source_url,version,license,allowed_for_competition,redistribution_allowed,commercial_restriction,dataset_name,content_hash,near_duplicate_group,audio_sha256,generation_seed,generator_family,recommended_split,generated_by,external_assets_used,base_voice_id,base_music_id,duration_sec,sample_rate,peak,rms,dc_offset,clipping_fraction,mix_snr_db,FILE_FAKE_PROB,VOICE_FAKE_PROB,MUSIC_FAKE_PROB,VOICE_PRESENT_PROB,MUSIC_PRESENT_PROB
proc_voice_val_unseen_generator_00000__phase_locked_unseen,data/generated_v8/audio/val_unseen_generator/voice/proc_voice_val_unseen_generator_00000__phase_locked_unseen.wav,1,1,0,1,0,proc_val_unseen_generator_speaker_39,proc_voice_phase_locked_unseen,project_procedural_v8,procedural_v8,,proc_voice_val_unseen_generator_00000,proc::voice::val_unseen_generator::00000,LOCAL:tools/procedural_audio_v8.py,procedural-v8.1,PROJECT_AUTHORED_PROCEDURAL_OUTPUT_NO_EXTERNAL_ASSETS,YES,YES_PROJECT_OWNED,NO_EXTERNAL_RESTRICTION,procedural_v8,f78b18fa4a3174ad3850d6acfc7ae09621915081df6ae788aa1b6d28a23d0459,proc::voice::val_unseen_generator::00000,a57beb3627ee9a82a86abfe882a2c2541adbbef83157f160c9f0c5381c6c8efe,23694908,proc_voice_phase_locked_unseen,val_unseen_generator,numpy_scipy_project_generator,NO,,,6.99,16000,0.74704707,0.385705,-5.975e-05,0.0,,0.5551776338396808,0.8028239390796288,0.01803876832127571,0.11804739758372307,0.8732458800077438
proc_voice_val_unseen_generator_00001__phase_locked_unseen,data/generated_v8/audio/val_unseen_generator/voice/proc_voice_val_unseen_generator_00001__phase_locked_unseen.wav,1,1,0,1,0,proc_val_unseen_generator_speaker_40,proc_voice_phase_locked_unseen,project_procedural_v8,procedural_v8,,proc_voice_val_unseen_generator_00001,proc::voice::val_unseen_generator::00001,LOCAL:tools/procedural_audio_v8.py,procedural-v8.1,PROJECT_AUTHORED_PROCEDURAL_OUTPUT_NO_EXTERNAL_ASSETS,YES,YES_PROJECT_OWNED,NO_EXTERNAL_RESTRICTION,procedural_v8,96dd201a4dac273842d8246396e09c4a440d06d8d8a9c91ce5c11cf52a3697f0,proc::voice::val_unseen_generator::00001,ddf7e8ead47e131c31dee43469f3df6fb5413e62cf3682ba714833c56d8949c3,23694909,proc_voice_phase_locked_unseen,val_unseen_generator,numpy_scipy_project_generator,NO,,,5.685,16000,0.75119954,0.4023953,-7.299e-05,0.0,,0.5368347748366395,0.7904515210011069,0.01231304556131363,0.11788198398426175,0.8220627456903458
proc_voice_val_unseen_generator_00002__phase_locked_unseen,data/generated_v8/audio/val_unseen_generator/voice/proc_voice_val_unseen_generator_00002__phase_locked_unseen.wav,1,1,0,1,0,proc_val_unseen_generator_speaker_41,proc_voice_phase_locked_unseen,project_procedural_v8,procedural_v8,,proc_voice_val_unseen_generator_00002,proc::voice::val_unseen_generator::00002,LOCAL:tools/procedural_audio_v8.py,procedural-v8.1,PROJECT_AUTHORED_PROCEDURAL_OUTPUT_NO_EXTERNAL_ASSETS,YES,YES_PROJECT_OWNED,NO_EXTERNAL_RESTRICTION,procedural_v8,a0a9b567eefea133749b788647a993c560f11fb31f300c63ec08b650c6ae8111,proc::voice::val_unseen_generator::00002,89e0254ada3b39c49fcad611e60f7b13626d01da5eef2b5e94f0d415a3a903c1,23694910,proc_voice_phase_locked_unseen,val_unseen_generator,numpy_scipy_project_generator,NO,,,3.746,16000,0.79393184,0.39008913,-8.006e-05,0.0,,0.5626490730591245,0.795975031425433,0.06037016957998276,0.13115961744915694,0.8691229075193405
proc_voice_val_unseen_generator_00003__phase_locked_unseen,data/generated_v8/audio/val_unseen_generator/voice/proc_voice_val_unseen_generator_00003__phase_locked_unseen.wav,1,1,0,1,0,proc_val_unseen_generator_speaker_42,proc_voice_phase_locked_unseen,project_procedural_v8,procedural_v8,,proc_voice_val_unseen_generator_00003,proc::voice::val_unseen_generator::00003,LOCAL:tools/procedural_audio_v8.py,procedural-v8.1,PROJECT_AUTHORED_PROCEDURAL_OUTPUT_NO_EXTERNAL_ASSETS,YES,YES_PROJECT_OWNED,NO_EXTERNAL_RESTRICTION,procedural_v8,ddaf07cd26de490b653e453ec43a2d5e007e7feedc2893d0e4500390adf23563,proc::voice::val_unseen_generator::00003,cfa8b502f8deb51a596ce24b5e65d1d2c050f8d420561d041670b7a4c6f834a2,23694911,proc_voice_phase_locked_unseen,val_unseen_generator,numpy_scipy_project_generator,NO,,,4.272,16000,0.85019678,0.3670854,-5.215e-05,0.0,,0.5245463320462352,0.7808537964921125,0.014282806776463985,0.11452458938583732,0.8264077603816986
proc_voice_val_unseen_generator_00004__phase_locked_unseen,data/generated_v8/audio/val_unseen_generator/voice/proc_voice_val_unseen_generator_00004__phase_locked_unseen.wav,1,1,0,1,0,proc_val_unseen_generator_speaker_43,proc_voice_phase_locked_unseen,project_procedural_v8,procedural_v8,,proc_voice_val_unseen_generator_00004,proc::voice::val_unseen_generator::00004,LOCAL:tools/procedural_audio_v8.py,procedural-v8.1,PROJECT_AUTHORED_PROCEDURAL_OUTPUT_NO_EXTERNAL_ASSETS,YES,YES_PROJECT_OWNED,NO_EXTERNAL_RESTRICTION,procedural_v8,819eea97ec3b623a9cf1a5a8b36190ad5a882d5753e01c9975ed32664423ed82,proc::voice::val_unseen_generator::00004,60d5e52eb7d4e27fdb338409b2e167e0c2aef7db7e22ca3cef9b8f7fd6165904,23694912,proc_voice_phase_locked_unseen,val_unseen_generator,numpy_scipy_project_generator,NO,,,5.783,16000,0.83576322,0.43674106,-8.762e-05,0.0,,0.549023908320922,0.7938058036143399,0.04518555477261543,0.10643852408975363,0.847224771976471
proc_voice_val_unseen_generator_00005__phase_locked_unseen,data/generated_v8/audio/val_unseen_generator/voice/proc_voice_val_unseen_generator_00005__phase_locked_unseen.wav,1,1,0,1,0,proc_val_unseen_generator_speaker_44,proc_voice_phase_locked_unseen,project_procedural_v8,procedural_v8,,proc_voice_val_unseen_generator_00005,proc::voice::val_unseen_generator::00005,LOCAL:tools/procedural_audio_v8.py,procedural-v8.1,PROJECT_AUTHORED_PROCEDURAL_OUTPUT_NO_EXTERNAL_ASSETS,YES,YES_PROJECT_OWNED,NO_EXTERNAL_RESTRICTION,procedural_v8,fbb4020b1db27770f79763135554f112438e3e9e48d7541b8f08c9d45fb68655,proc::voice::val_unseen_generator::00005,a64f38bf851310b149984eae4a15822ade4e0d863aa6449abaf35548139889f9,23694913,proc_voice_phase_locked_unseen,val_unseen_generator,numpy_scipy_project_generator,NO,,,5.562,16000,0.83142632,0.47424704,-7.359e-05,0.0,,0.544680108787055,0.7951509237649863,0.026105521246790886,0.10966051183640957,0.8761594593524933
proc_voice_val_unseen_generator_00006__phase_locked_unseen,data/generated_v8/audio/val_unseen_generator/voice/proc_voice_val_unseen_generator_00006__phase_locked_unseen.wav,1,1,0,1,0,proc_val_unseen_generator_speaker_45,proc_voice_phase_locked_unseen,project_procedural_v8,procedural_v8,,proc_voice_val_unseen_generator_00006,proc::voice::val_unseen_generator::00006,LOCAL:tools/procedural_audio_v8.py,procedural-v8.1,PROJECT_AUTHORED_PROCEDURAL_OUTPUT_NO_EXTERNAL_ASSETS,YES,YES_PROJECT_OWNED,NO_EXTERNAL_RESTRICTION,procedural_v8,b05a484f1321a6814192d2581cc2ef48c31d3bb827de9368e56fcde91f2d53f0,proc::voice::val_unseen_generator::00006,72fb9dd3d0949a844453faf7f3a1dcace5ab4e4329702799e3b0f41ccc2752ab,23694914,proc_voice_phase_locked_unseen,val_unseen_generator,numpy_scipy_project_generator,NO,,,6.363,16000,0.79634643,0.44044956,-4.461e-05,0.0,,0.5258717848367815,0.782644313694753,0.017555059865117073,0.11710666725412011,0.8503955155611038
proc_voice_val_unseen_generator_00007__phase_locked_unseen,data/generated_v8/audio/val_unseen_generator/voice/proc_voice_val_unseen_generator_00007__phase_locked_unseen.wav,1,1,0,1,0,proc_val_unseen_generator_speaker_46,proc_voice_phase_locked_unseen,project_procedural_v8,procedural_v8,,proc_voice_val_unseen_generator_00007,proc::voice::val_unseen_generator::00007,LOCAL:tools/procedural_audio_v8.py,procedural-v8.1,PROJECT_AUTHORED_PROCEDURAL_OUTPUT_NO_EXTERNAL_ASSETS,YES,YES_PROJECT_OWNED,NO_EXTERNAL_RESTRICTION,procedural_v8,d9893b6e238f516d1066758410e10de81090efb18c77bd92f059bdc6997804f8,proc::voice::val_unseen_generator::00007,b17ac71220f035b21a8f541078f242b92468e79f017ce9765743147fa31a9203,23694915,proc_voice_phase_locked_unseen,val_unseen_generator,numpy_scipy_project_generator,NO,,,6.1,16000,0.84990907,0.50967923,-6.12e-05,0.0,,0.4584290068879185,0.7349423783491473,0.009320252574980259,0.1124892164953053,0.864159569144249
proc_voice_val_unseen_generator_00008__phase_locked_unseen,data/generated_v8/audio/val_unseen_generator/voice/proc_voice_val_unseen_generator_00008__phase_locked_unseen.wav,1,1,0,1,0,proc_val_unseen_generator_speaker_47,proc_voice_phase_locked_unseen,project_procedural_v8,procedural_v8,,proc_voice_val_unseen_generator_00008,proc::voice::val_unseen_generator::00008,LOCAL:tools/procedural_audio_v8.py,procedural-v8.1,PROJECT_AUTHORED_PROCEDURAL_OUTPUT_NO_EXTERNAL_ASSETS,YES,YES_PROJECT_OWNED,NO_EXTERNAL_RESTRICTION,procedural_v8,f0b49d27284029144cdd09f1d8b7d85ff21c53a293e7fa6ab5f37771b383382e,proc::voice::val_unseen_generator::00008,dd75c1bdf833e88077407f37c2f1ad428758857db1fa0d41b9eb08882d75e680,23694916,proc_voice_phase_locked_unseen,val_unseen_generator,numpy_scipy_project_generator,NO,,,5.898,16000,0.8767941,0.47930669,-8.873e-05,0.0,,0.569202157659454,0.8012136443538487,0.06747177988290787,0.11108725797384977,0.8568536043167114
proc_voice_val_unseen_generator_00009__phase_locked_unseen,data/generated_v8/audio/val_unseen_generator/voice/proc_voice_val_unseen_generator_00009__phase_locked_unseen.wav,1,1,0,1,0,proc_val_unseen_generator_speaker_48,proc_voice_phase_locked_unseen,project_procedural_v8,procedural_v8,,proc_voice_val_unseen_generator_00009,proc::voice::val_unseen_generator::00009,LOCAL:tools/procedural_audio_v8.py,procedural-v8.1,PROJECT_AUTHORED_PROCEDURAL_OUTPUT_NO_EXTERNAL_ASSETS,YES,YES_PROJECT_OWNED,NO_EXTERNAL_RESTRICTION,procedural_v8,f4b2d952a5e6e95002833a23eae88d3e3b6ff2b0e985b00525289d3ff08db4a2,proc::voice::val_unseen_generator::00009,c598e471797e8c9a6baa642f6251f087bd41f08d32e44bff53ce17800473c935,23694917,proc_voice_phase_locked_unseen,val_unseen_generator,numpy_scipy_project_generator,NO,,,4.312,16000,0.78741908,0.38645792,-6.725e-05,0.0,,0.5313155283118824,0.7871036871322938,0.007835823111236095,0.12498641945421696,0.8947882950305939
proc_voice_val_unseen_generator_00010__phase_locked_unseen,data/generated_v8/audio/val_unseen_generator/voice/proc_voice_val_unseen_generator_00010__phase_locked_unseen.wav,1,1,0,1,0,proc_val_unseen_generator_speaker_49,proc_voice_phase_locked_unseen,project_procedural_v8,procedural_v8,,proc_voice_val_unseen_generator_00010,proc::voice::val_unseen_generator::00010,LOCAL:tools/procedural_audio_v8.py,procedural-v8.1,PROJECT_AUTHORED_PROCEDURAL_OUTPUT_NO_EXTERNAL_ASSETS,YES,YES_PROJECT_OWNED,NO_EXTERNAL_RESTRICTION,procedural_v8,c8fbe154b5b3a7af85709d288b63c4c0ce9f8126e3b8434423c3073229257b4f,proc::voice::val_unseen_generator::00010,5cabfb90edb20e2cd003e2601e0a108a024d1595a84bb8d1d98b32fa7056242c,23694918,proc_voice_phase_locked_unseen,val_unseen_generator,numpy_scipy_project_generator,NO,,,6.096,16000,0.77442944,0.45243867,-6.102e-05,0.0,,0.5791843274018926,0.7936728270752907,0.11120852082967758,0.1084524653851986,0.8673778772354126
proc_voice_val_unseen_generator_00011__phase_locked_unseen,data/generated_v8/audio/val_unseen_generator/voice/proc_voice_val_unseen_generator_00011__phase_locked_unseen.wav,1,1,0,1,0,proc_val_unseen_generator_speaker_50,proc_voice_phase_locked_unseen,project_procedural_v8,procedural_v8,,proc_voice_val_unseen_generator_00011,proc::voice::val_unseen_generator::00011,LOCAL:tools/procedural_audio_v8.py,procedural-v8.1,PROJECT_AUTHORED_PROCEDURAL_OUTPUT_NO_EXTERNAL_ASSETS,YES,YES_PROJECT_OWNED,NO_EXTERNAL_RESTRICTION,procedural_v8,4b44f8f25e206fb047c0e7224aa345dc523cde7c05cf60bd7eb42711213a8ff4,proc::voice::val_unseen_generator::00011,e4bfdc387f61883f952366366b180cd32bcf0d7151c0bb19e50f7f3c32ad5ef4,23694919,proc_voice_phase_locked_unseen,val_unseen_generator,numpy_scipy_project_generator,NO,,,6.952,16000,0.77638751,0.37900497,-4.959e-05,0.0,,0.5311004110247203,0.7833291710147308,0.0016408039955422282,0.12245997181162238,0.8603710234165192
proc_voice_val_unseen_generator_00012__phase_locked_unseen,data/generated_v8/audio/val_unseen_generator/voice/proc_voice_val_unseen_generator_00012__phase_locked_unseen.wav,1,1,0,1,0,proc_val_unseen_generator_speaker_51,proc_voice_phase_locked_unseen,project_procedural_v8,procedural_v8,,proc_voice_val_unseen_generator_00012,proc::voice::val_unseen_generator::00012,LOCAL:tools/procedural_audio_v8.py,procedural-v8.1,PROJECT_AUTHORED_PROCEDURAL_OUTPUT_NO_EXTERNAL_ASSETS,YES,YES_PROJECT_OWNED,NO_EXTERNAL_RESTRICTION,procedural_v8,e95e6f18498d5d9e310f906d8b4b8ef586228bf3d6aeef76d411e9531448e27d,proc::voice::val_unseen_generator::00012,f5643eb753daf9113a0fce033dcaf6ac0906acda4120e81f8b3a19022e90cf3d,23694920,proc_voice_phase_locked_unseen,val_unseen_generator,numpy_scipy_project_generator,NO,,,6.346,16000,0.74094599,0.40120044,-6.293e-05,0.0,,0.4781258570871396,0.7465103214535149,0.0021830673795193434,0.11357339471578598,0.8670012801885605
proc_voice_val_unseen_generator_00013__phase_locked_unseen,data/generated_v8/audio/val_unseen_generator/voice/proc_voice_val_unseen_generator_00013__phase_locked_unseen.wav,1,1,0,1,0,proc_val_unseen_generator_speaker_52,proc_voice_phase_locked_unseen,project_procedural_v8,procedural_v8,,proc_voice_val_unseen_generator_00013,proc::voice::val_unseen_generator::00013,LOCAL:tools/procedural_audio_v8.py,procedural-v8.1,PROJECT_AUTHORED_PROCEDURAL_OUTPUT_NO_EXTERNAL_ASSETS,YES,YES_PROJECT_OWNED,NO_EXTERNAL_RESTRICTION,procedural_v8,f5db26c7aba00bf30114ce06fd3f41dd37fb35a6ec88b7f83097bbf930006764,proc::voice::val_unseen_generator::00013,c6aae5b51679bc9879058eae01bad4f50f1b55dad9b18b5d4dd88344c7690194,23694921,proc_voice_phase_locked_unseen,val_unseen_generator,numpy_scipy_project_generator,NO,,,4.111,16000,0.74341232,0.3128448,-4.12e-05,0.0,,0.5425169528858982,0.7711340723341555,0.06195948272943497,0.11992735858075321,0.7258265465497971
proc_voice_val_unseen_generator_00014__phase_locked_unseen,data/generated_v8/audio/val_unseen_generator/voice/proc_voice_val_unseen_generator_00014__phase_locked_unseen.wav,1,1,0,1,0,proc_val_unseen_generator_speaker_53,proc_voice_phase_locked_unseen,project_procedural_v8,procedural_v8,,proc_voice_val_unseen_generator_00014,proc::voice::val_unseen_generator::00014,LOCAL:tools/procedural_audio_v8.py,procedural-v8.1,PROJECT_AUTHORED_PROCEDURAL_OUTPUT_NO_EXTERNAL_ASSETS,YES,YES_PROJECT_OWNED,NO_EXTERNAL_RESTRICTION,procedural_v8,cbcc28a6b0f8b06882f956ab6b23d8e7012ffa314ad6930b7fd3d1f8f76822c0,proc::voice::val_unseen_generator::00014,35072bfb38734abe387b3248acfe4a4b0a56a793f6005517ea3521f062689bce,23694922,proc_voice_phase_locked_unseen,val_unseen_generator,numpy_scipy_project_generator,NO,,,4.894,16000,0.84615809,0.43356322,-8.406e-05,0.0,,0.6044760199701642,0.7874779498761567,0.16809888184070587,0.11236142204143107,0.7502731382846832
proc_voice_val_unseen_generator_00015__phase_locked_unseen,data/generated_v8/audio/val_unseen_generator/voice/proc_voice_val_unseen_generator_00015__phase_locked_unseen.wav,1,1,0,1,0,proc_val_unseen_generator_speaker_54,proc_voice_phase_locked_unseen,project_procedural_v8,procedural_v8,,proc_voice_val_unseen_generator_00015,proc::voice::val_unseen_generator::00015,LOCAL:tools/procedural_audio_v8.py,procedural-v8.1,PROJECT_AUTHORED_PROCEDURAL_OUTPUT_NO_EXTERNAL_ASSETS,YES,YES_PROJECT_OWNED,NO_EXTERNAL_RESTRICTION,procedural_v8,d447080c9edb9e16f9167a8404224e9d49ac772adfd544835652271f5e717b8c,proc::voice::val_unseen_generator::00015,268468e7282af49b326d096bb9ac6e27262061e30c5b6ee613f7136453dfcdee,23694923,proc_voice_phase_locked_unseen,val_unseen_generator,numpy_scipy_project_generator,NO,,,5.768,16000,0.81507373,0.39631316,-4.349e-05,0.0,,0.5181432317223876,0.7810053393396263,0.006376509089022875,0.11245558457449079,0.8115776479244232
proc_voice_val_unseen_generator_00016__phase_locked_unseen,data/generated_v8/audio/val_unseen_generator/voice/proc_voice_val_unseen_generator_00016__phase_locked_unseen.wav,1,1,0,1,0,proc_val_unseen_generator_speaker_55,proc_voice_phase_locked_unseen,project_procedural_v8,procedural_v8,,proc_voice_val_unseen_generator_00016,proc::voice::val_unseen_generator::00016,LOCAL:tools/procedural_audio_v8.py,procedural-v8.1,PROJECT_AUTHORED_PROCEDURAL_OUTPUT_NO_EXTERNAL_ASSETS,YES,YES_PROJECT_OWNED,NO_EXTERNAL_RESTRICTION,procedural_v8,1869751847567b9d7ea99b4e4d7f126abfc4c04a59a96439ff941a34329546c9,proc::voice::val_unseen_generator::00016,5f837d83357483d3e4eb6a33dc415e202f690f05efbb7ea037b9a1c2bf38ba66,23694924,proc_voice_phase_locked_unseen,val_unseen_generator,numpy_scipy_project_generator,NO,,,7.18,16000,0.80273837,0.45421245,-6.973e-05,0.0,,0.5235055508615074,0.7750652171123116,0.03491169586777687,0.11255463655106723,0.861694410443306
proc_voice_val_unseen_generator_00017__phase_locked_unseen,data/generated_v8/audio/val_unseen_generator/voice/proc_voice_val_unseen_generator_00017__phase_locked_unseen.wav,1,1,0,1,0,proc_val_unseen_generator_speaker_56,proc_voice_phase_locked_unseen,project_procedural_v8,procedural_v8,,proc_voice_val_unseen_generator_00017,proc::voice::val_unseen_generator::00017,LOCAL:tools/procedural_audio_v8.py,procedural-v8.1,PROJECT_AUTHORED_PROCEDURAL_OUTPUT_NO_EXTERNAL_ASSETS,YES,YES_PROJECT_OWNED,NO_EXTERNAL_RESTRICTION,procedural_v8,65cbaaaa5248f879b740ad30c55305d104219eb4e8fe956aa9e743f357558bd5,proc::voice::val_unseen_generator::00017,9a92c39c049947617c524c9ab1269ab80221eee19caaafe5184ddf7dbeb4b25b,23694925,proc_voice_phase_locked_unseen,val_unseen_generator,numpy_scipy_project_generator,NO,,,3.44,16000,0.76464248,0.38947647,-0.00010754,0.0,,0.573797467597895,0.7822563893082566,0.091262586414814,0.14675624924711883,0.7473632991313934
proc_voice_val_unseen_generator_00018__phase_locked_unseen,data/generated_v8/audio/val_unseen_generator/voice/proc_voice_val_unseen_generator_00018__phase_locked_unseen.wav,1,1,0,1,0,proc_val_unseen_generator_speaker_57,proc_voice_phase_locked_unseen,project_procedural_v8,procedural_v8,,proc_voice_val_unseen_generator_00018,proc::voice::val_unseen_generator::00018,LOCAL:tools/procedural_audio_v8.py,procedural-v8.1,PROJECT_AUTHORED_PROCEDURAL_OUTPUT_NO_EXTERNAL_ASSETS,YES,YES_PROJECT_OWNED,NO_EXTERNAL_RESTRICTION,procedural_v8,cae7247ea89f3b5fb20d3bf18b504f9b6771a10b111475ab0c4507fde1d11d75,proc::voice::val_unseen_generator::00018,1d0df373a29174587de29fca362a48d00e5f8cc844edcb91d930dd984c5dd31c,23694926,proc_voice_phase_locked_unseen,val_unseen_generator,numpy_scipy_project_generator,NO,,,7.023,16000,0.74511915,0.43589444,-7.658e-05,0.0,,0.5285559009851204,0.7557759153961627,0.09471872448921204,0.10957358265295625,0.8343067616224289
proc_voice_val_unseen_generator_00019__phase_locked_unseen,data/generated_v8/audio/val_unseen_generator/voice/proc_voice_val_unseen_generator_00019__phase_locked_unseen.wav,1,1,0,1,0,proc_val_unseen_generator_speaker_58,proc_voice_phase_locked_unseen,project_procedural_v8,procedural_v8,,proc_voice_val_unseen_generator_00019,proc::voice::val_unseen_generator::00019,LOCAL:tools/procedural_audio_v8.py,procedural-v8.1,PROJECT_AUTHORED_PROCEDURAL_OUTPUT_NO_EXTERNAL_ASSETS,YES,YES_PROJECT_OWNED,NO_EXTERNAL_RESTRICTION,procedural_v8,8d396e042f9bf3bf4066027d81d9a6f82adaeb456eb7258d9dee2a3bbf4fdf23,proc::voice::val_unseen_generator::00019,cc7b35700b8225154c43d36cd7d0ced84cfa76df5c7632dbb1ddc99cadde781d,23694927,proc_voice_phase_locked_unseen,val_unseen_generator,numpy_scipy_project_generator,NO,,,3.823,16000,0.78222769,0.43519887,-0.00011206,0.0,,0.5410950601361696,0.7962196994994527,0.01200154796242714,0.13709284830838442,0.8480433225631714
proc_voice_val_unseen_generator_00020__phase_locked_unseen,data/generated_v8/audio/val_unseen_generator/voice/proc_voice_val_unseen_generator_00020__phase_locked_unseen.wav,1,1,0,1,0,proc_val_unseen_generator_speaker_59,proc_voice_phase_locked_unseen,project_procedural_v8,procedural_v8,,proc_voice_val_unseen_generator_00020,proc::voice::val_unseen_generator::00020,LOCAL:tools/procedural_audio_v8.py,procedural-v8.1,PROJECT_AUTHORED_PROCEDURAL_OUTPUT_NO_EXTERNAL_ASSETS,YES,YES_PROJECT_OWNED,NO_EXTERNAL_RESTRICTION,procedural_v8,972b91503d4ebb2f6c095e5a523ca512cdc770dd1f07de31a786592d7ec1ed88,proc::voice::val_unseen_generator::00020,5690c4698c522c7b57febae3c97e32d5f5d5566dc077dfbc98a1f6ea51996284,23694928,proc_voice_phase_locked_unseen,val_unseen_generator,numpy_scipy_project_generator,NO,,,7.144,16000,0.8609308,0.47276691,-5.703e-05,0.0,,0.5194791764794361,0.7753486016741491,0.02165241353213787,0.11525562452152371,0.7664736956357956
proc_voice_val_unseen_generator_00021__phase_locked_unseen,data/generated_v8/audio/val_unseen_generator/voice/proc_voice_val_unseen_generator_00021__phase_locked_unseen.wav,1,1,0,1,0,proc_val_unseen_generator_speaker_60,proc_voice_phase_locked_unseen,project_procedural_v8,procedural_v8,,proc_voice_val_unseen_generator_00021,proc::voice::val_unseen_generator::00021,LOCAL:tools/procedural_audio_v8.py,procedural-v8.1,PROJECT_AUTHORED_PROCEDURAL_OUTPUT_NO_EXTERNAL_ASSETS,YES,YES_PROJECT_OWNED,NO_EXTERNAL_RESTRICTION,procedural_v8,0761a8cd06be0a975d2ee750d309bf8b960bcebf474ee30f57d13f2bbed00d5d,proc::voice::val_unseen_generator::00021,ee7c2739bdd68a8fd21ab118874caf8cb1e5dc4ab89c90dcd94a315150ec16c3,23694929,proc_voice_phase_locked_unseen,val_unseen_generator,numpy_scipy_project_generator,NO,,,6.399,16000,0.84793049,0.44723159,-4.731e-05,0.0,,0.5151514385777706,0.7706955573859785,0.02433517761528492,0.10681923688389361,0.752733051776886
proc_voice_val_unseen_generator_00022__phase_locked_unseen,data/generated_v8/audio/val_unseen_generator/voice/proc_voice_val_unseen_generator_00022__phase_locked_unseen.wav,1,1,0,1,0,proc_val_unseen_generator_speaker_61,proc_voice_phase_locked_unseen,project_procedural_v8,procedural_v8,,proc_voice_val_unseen_generator_00022,proc::voice::val_unseen_generator::00022,LOCAL:tools/procedural_audio_v8.py,procedural-v8.1,PROJECT_AUTHORED_PROCEDURAL_OUTPUT_NO_EXTERNAL_ASSETS,YES,YES_PROJECT_OWNED,NO_EXTERNAL_RESTRICTION,procedural_v8,740aa3192c1bf96e2d21b2cb9a7058d41a1da5d49992e65edd3dc2e42a9d7566,proc::voice::val_unseen_generator::00022,d93774ba69f981e415d15930b6e42e45e58274dab5e160efde9380db7f0e5eaa,23694930,proc_voice_phase_locked_unseen,val_unseen_generator,numpy_scipy_project_generator,NO,,,5.524,16000,0.83441597,0.48001304,-8.466e-05,0.0,,0.5229589293417582,0.7831518941027626,0.016037287190556526,0.10364595125429332,0.8622304499149323
proc_voice_val_unseen_generator_00023__phase_locked_unseen,data/generated_v8/audio/val_unseen_generator/voice/proc_voice_val_unseen_generator_00023__phase_locked_unseen.wav,1,1,0,1,0,proc_val_unseen_generator_speaker_62,proc_voice_phase_locked_unseen,project_procedural_v8,procedural_v8,,proc_voice_val_unseen_generator_00023,proc::voice::val_unseen_generator::00023,LOCAL:tools/procedural_audio_v8.py,procedural-v8.1,PROJECT_AUTHORED_PROCEDURAL_OUTPUT_NO_EXTERNAL_ASSETS,YES,YES_PROJECT_OWNED,NO_EXTERNAL_RESTRICTION,procedural_v8,427ec0d300ab5e01244217a3d2e9a6701d2089cfe6f0aec089bda2cecc8c197a,proc::voice::val_unseen_generator::00023,17f30e210035f70fd42e28b5ede6b71dae2de3178bad20de84a1678e8c90a1ba,23694931,proc_voice_phase_locked_unseen,val_unseen_generator,numpy_scipy_project_generator,NO,,,5.827,16000,0.83314186,0.52701068,-8.814e-05,0.0,,0.4706318442565116,0.7380394350069835,0.028758971020579338,0.10552225890569389,0.8990205079317093
proc_voice_val_unseen_generator_00024__phase_locked_unseen,data/generated_v8/audio/val_unseen_generator/voice/proc_voice_val_unseen_generator_00024__phase_locked_unseen.wav,1,1,0,1,0,proc_val_unseen_generator_speaker_63,proc_voice_phase_locked_unseen,project_procedural_v8,procedural_v8,,proc_voice_val_unseen_generator_00024,proc::voice::val_unseen_generator::00024,LOCAL:tools/procedural_audio_v8.py,procedural-v8.1,PROJECT_AUTHORED_PROCEDURAL_OUTPUT_NO_EXTERNAL_ASSETS,YES,YES_PROJECT_OWNED,NO_EXTERNAL_RESTRICTION,procedural_v8,a06b4e29d98d492f397b1fb86f8bcf9dfcf07d60318dd9b1e08f375d8dcd6336,proc::voice::val_unseen_generator::00024,1d1625af079bbb57e545e3fc654365b460f90e86eeba164d9487613f797515f0,23694932,proc_voice_phase_locked_unseen,val_unseen_generator,numpy_scipy_project_generator,NO,,,4.623,16000,0.84245563,0.52150405,-0.00015578,0.0,,0.450977830675655,0.7303363425671574,0.004487515427172184,0.10877788648940623,0.8799450695514679
proc_voice_val_unseen_generator_00025__phase_locked_unseen,data/generated_v8/audio/val_unseen_generator/voice/proc_voice_val_unseen_generator_00025__phase_locked_unseen.wav,1,1,0,1,0,proc_val_unseen_generator_speaker_64,proc_voice_phase_locked_unseen,project_procedural_v8,procedural_v8,,proc_voice_val_unseen_generator_00025,proc::voice::val_unseen_generator::00025,LOCAL:tools/procedural_audio_v8.py,procedural-v8.1,PROJECT_AUTHORED_PROCEDURAL_OUTPUT_NO_EXTERNAL_ASSETS,YES,YES_PROJECT_OWNED,NO_EXTERNAL_RESTRICTION,procedural_v8,8326301bfd26bc525279cc92718a13d33614ac0da9921959fae9a17e3f50df6d,proc::voice::val_unseen_generator::00025,f6791bd67309680a3eadb65eddd389eb845250522586dccb01caddc3ad546dde,23694933,proc_voice_phase_locked_unseen,val_unseen_generator,numpy_scipy_project_generator,NO,,,4.273,16000,0.89833736,0.46380309,-1.429e-05,0.0,,0.5640313803755121,0.8037035301045805,0.052849821746349335,0.10942215123213828,0.6665196120738983
proc_voice_val_unseen_generator_00026__phase_locked_unseen,data/generated_v8/audio/val_unseen_generator/voice/proc_voice_val_unseen_generator_00026__phase_locked_unseen.wav,1,1,0,1,0,proc_val_unseen_generator_speaker_65,proc_voice_phase_locked_unseen,project_procedural_v8,procedural_v8,,proc_voice_val_unseen_generator_00026,proc::voice::val_unseen_generator::00026,LOCAL:tools/procedural_audio_v8.py,procedural-v8.1,PROJECT_AUTHORED_PROCEDURAL_OUTPUT_NO_EXTERNAL_ASSETS,YES,YES_PROJECT_OWNED,NO_EXTERNAL_RESTRICTION,procedural_v8,faf37f74b60f6aa724a1693a45460028cbe82ca0efcb6dd7c397dd01457dca01,proc::voice::val_unseen_generator::00026,eea2080c60c1b9a54d647168ff49399c266556e74c3cd741eb01537ee1573d13,23694934,proc_voice_phase_locked_unseen,val_unseen_generator,numpy_scipy_project_generator,NO,,,4.888,16000,0.80031276,0.44974212,-8.9e-05,0.0,,0.48181852398445085,0.7396578778287174,0.03807734698057175,0.11346186650916934,0.8310285061597824
proc_voice_val_unseen_generator_00027__phase_locked_unseen,data/generated_v8/audio/val_unseen_generator/voice/proc_voice_val_unseen_generator_00027__phase_locked_unseen.wav,1,1,0,1,0,proc_val_unseen_generator_speaker_66,proc_voice_phase_locked_unseen,project_procedural_v8,procedural_v8,,proc_voice_val_unseen_generator_00027,proc::voice::val_unseen_generator::00027,LOCAL:tools/procedural_audio_v8.py,procedural-v8.1,PROJECT_AUTHORED_PROCEDURAL_OUTPUT_NO_EXTERNAL_ASSETS,YES,YES_PROJECT_OWNED,NO_EXTERNAL_RESTRICTION,procedural_v8,d40709d3a8321d86c577dacef66cd02ead66437640304061f3f85d1e7ab2ecd5,proc::voice::val_unseen_generator::00027,530a5477b47f67cd9f7da9c07fdb375a1ff3ff79c98fa121c50aa28cce828e57,23694935,proc_voice_phase_locked_unseen,val_unseen_generator,numpy_scipy_project_generator,NO,,,6.527,16000,0.73770064,0.39136438,-5.642e-05,0.0,,0.5675134931256169,0.7918407658295548,0.07617771625518799,0.1219074702821672,0.8534153699874878
proc_voice_val_unseen_generator_00028__phase_locked_unseen,data/generated_v8/audio/val_unseen_generator/voice/proc_voice_val_unseen_generator_00028__phase_locked_unseen.wav,1,1,0,1,0,proc_val_unseen_generator_speaker_67,proc_voice_phase_locked_unseen,project_procedural_v8,procedural_v8,,proc_voice_val_unseen_generator_00028,proc::voice::val_unseen_generator::00028,LOCAL:tools/procedural_audio_v8.py,procedural-v8.1,PROJECT_AUTHORED_PROCEDURAL_OUTPUT_NO_EXTERNAL_ASSETS,YES,YES_PROJECT_OWNED,NO_EXTERNAL_RESTRICTION,procedural_v8,4241504a0bc7ebbc3e961875816832285811d1a0d80292d008d869c0d9690b92,proc::voice::val_unseen_generator::00028,b634a85969cc534ba8ed6a0bc06217023f3836e581eccfbfac3b78f8b3692bc4,23694936,proc_voice_phase_locked_unseen,val_unseen_generator,numpy_scipy_project_generator,NO,,,4.755,16000,0.89925843,0.53853893,-0.00010205,0.0,,0.5211513296907944,0.7897076893140151,0.004486684687435627,0.10272346995770931,0.9135515540838242
proc_voice_val_unseen_generator_00029__phase_locked_unseen,data/generated_v8/audio/val_unseen_generator/voice/proc_voice_val_unseen_generator_00029__phase_locked_unseen.wav,1,1,0,1,0,proc_val_unseen_generator_speaker_68,proc_voice_phase_locked_unseen,project_procedural_v8,procedural_v8,,proc_voice_val_unseen_generator_00029,proc::voice::val_unseen_generator::00029,LOCAL:tools/procedural_audio_v8.py,procedural-v8.1,PROJECT_AUTHORED_PROCEDURAL_OUTPUT_NO_EXTERNAL_ASSETS,YES,YES_PROJECT_OWNED,NO_EXTERNAL_RESTRICTION,procedural_v8,f851b3a51d9dc7c065508de76a73af85128eec5577274147db3e822c6b84bf4c,proc::voice::val_unseen_generator::00029,d4d391b31726753cba20fb6472a550ff3eac66e4d0b45c22645888a7cf1fb1c5,23694937,proc_voice_phase_locked_unseen,val_unseen_generator,numpy_scipy_project_generator,NO,,,6.944,16000,0.77562737,0.43041183,-6.012e-05,0.0,,0.5277108183872726,0.7831703437984878,0.01884355954825878,0.11077094357460737,0.8190221786499023
proc_music_val_unseen_generator_00000__spectral_block_unseen,data/generated_v8/audio/val_unseen_generator/music/proc_music_val_unseen_generator_00000__spectral_block_unseen.wav,1,0,1,0,1,,proc_music_spectral_block_unseen,project_procedural_v8,procedural_v8,,proc_music_val_unseen_generator_00000,proc::music::val_unseen_generator::00000,LOCAL:tools/procedural_audio_v8.py,procedural-v8.1,PROJECT_AUTHORED_PROCEDURAL_OUTPUT_NO_EXTERNAL_ASSETS,YES,YES_PROJECT_OWNED,NO_EXTERNAL_RESTRICTION,procedural_v8,5d746ab819e7e56e6eab18e0451186849160e29aa518c10ff6e936f7f2e51d94,proc::music::val_unseen_generator::00000,cc8fb60261247d3bca16108aa8d158d852142954699b38dfab52e55f174240c2,23714908,proc_music_spectral_block_unseen,val_unseen_generator,numpy_scipy_project_generator,NO,,,3.701,16000,0.74414068,0.37460626,-0.00021404,0.0,,0.562833506144988,0.8428910115855004,3.5672710509970784e-05,0.12748488085344434,0.9012711346149445
proc_music_val_unseen_generator_00001__spectral_block_unseen,data/generated_v8/audio/val_unseen_generator/music/proc_music_val_unseen_generator_00001__spectral_block_unseen.wav,1,0,1,0,1,,proc_music_spectral_block_unseen,project_procedural_v8,procedural_v8,,proc_music_val_unseen_generator_00001,proc::music::val_unseen_generator::00001,LOCAL:tools/procedural_audio_v8.py,procedural-v8.1,PROJECT_AUTHORED_PROCEDURAL_OUTPUT_NO_EXTERNAL_ASSETS,YES,YES_PROJECT_OWNED,NO_EXTERNAL_RESTRICTION,procedural_v8,3222ecdd9b3487c309466a97b011f5bd49d7147e79c8a060f3f1e2bfca383764,proc::music::val_unseen_generator::00001,42f47c1d8be903dd4d8b6cc83720600ed4b3bce6438b61fdd98337bb3d965634,23714909,proc_music_spectral_block_unseen,val_unseen_generator,numpy_scipy_project_generator,NO,,,4.859,16000,0.85738462,0.4537713,-0.00022008,0.0,,0.5697193114716119,0.8586683672988104,8.257507579401135e-05,0.07232311717234552,0.955558106303215
proc_music_val_unseen_generator_00002__spectral_block_unseen,data/generated_v8/audio/val_unseen_generator/music/proc_music_val_unseen_generator_00002__spectral_block_unseen.wav,1,0,1,0,1,,proc_music_spectral_block_unseen,project_procedural_v8,procedural_v8,,proc_music_val_unseen_generator_00002,proc::music::val_unseen_generator::00002,LOCAL:tools/procedural_audio_v8.py,procedural-v8.1,PROJECT_AUTHORED_PROCEDURAL_OUTPUT_NO_EXTERNAL_ASSETS,YES,YES_PROJECT_OWNED,NO_EXTERNAL_RESTRICTION,procedural_v8,b9785bee7ab716914e8eaf439e9fb0169eb45849a0a0bb4d67b8e1e086633623,proc::music::val_unseen_generator::00002,a8ae5ce87e3e878cbbb22ae082549726c2879c22c77d7fa5803ec2db94dde00b,23714910,proc_music_spectral_block_unseen,val_unseen_generator,numpy_scipy_project_generator,NO,,,7.04,16000,0.77384698,0.42293522,-0.00012036,0.0,,0.5658965909441104,0.8566261268637065,0.000804650888312608,0.06586318742483854,0.951232984662056
proc_music_val_unseen_generator_00003__spectral_block_unseen,data/generated_v8/audio/val_unseen_generator/music/proc_music_val_unseen_generator_00003__spectral_block_unseen.wav,1,0,1,0,1,,proc_music_spectral_block_unseen,project_procedural_v8,procedural_v8,,proc_music_val_unseen_generator_00003,proc::music::val_unseen_generator::00003,LOCAL:tools/procedural_audio_v8.py,procedural-v8.1,PROJECT_AUTHORED_PROCEDURAL_OUTPUT_NO_EXTERNAL_ASSETS,YES,YES_PROJECT_OWNED,NO_EXTERNAL_RESTRICTION,procedural_v8,fc8ccf35f9b396171a50480e224482e564f3b2ef947ed0350033bdb825f3ad88,proc::music::val_unseen_generator::00003,09b338b48b8f74c7a0b1668fbe34afd94ab0eda8f8146a880fabdfd4d78b3a0d,23714911,proc_music_spectral_block_unseen,val_unseen_generator,numpy_scipy_project_generator,NO,,,4.021,16000,0.82352012,0.40903926,-0.00013692,0.0,,0.5682537765852353,0.8525112954222885,0.0004202339332550764,0.07079784944653511,0.9351755082607269
proc_music_val_unseen_generator_00004__spectral_block_unseen,data/generated_v8/audio/val_unseen_generator/music/proc_music_val_unseen_generator_00004__spectral_block_unseen.wav,1,0,1,0,1,,proc_music_spectral_block_unseen,project_procedural_v8,procedural_v8,,proc_music_val_unseen_generator_00004,proc::music::val_unseen_generator::00004,LOCAL:tools/procedural_audio_v8.py,procedural-v8.1,PROJECT_AUTHORED_PROCEDURAL_OUTPUT_NO_EXTERNAL_ASSETS,YES,YES_PROJECT_OWNED,NO_EXTERNAL_RESTRICTION,procedural_v8,e45985789ad87ece1ba21fbb616afe46d03805057b00027802f453c9e8641d0d,proc::music::val_unseen_generator::00004,e008a6872bef90f0e4ed9f7f2c3ad7ed749adf9d91966964b268a1ba8469e8a9,23714912,proc_music_spectral_block_unseen,val_unseen_generator,numpy_scipy_project_generator,NO,,,6.37,16000,0.79349142,0.41771126,-0.00011233,0.0,,0.5719725498298316,0.8616406561459781,0.000155411078594625,0.07264254055917263,0.9344229847192764
proc_music_val_unseen_generator_00005__spectral_block_unseen,data/generated_v8/audio/val_unseen_generator/music/proc_music_val_unseen_generator_00005__spectral_block_unseen.wav,1,0,1,0,1,,proc_music_spectral_block_unseen,project_procedural_v8,procedural_v8,,proc_music_val_unseen_generator_00005,proc::music::val_unseen_generator::00005,LOCAL:tools/procedural_audio_v8.py,procedural-v8.1,PROJECT_AUTHORED_PROCEDURAL_OUTPUT_NO_EXTERNAL_ASSETS,YES,YES_PROJECT_OWNED,NO_EXTERNAL_RESTRICTION,procedural_v8,db8b47f79802d3b982b46339cd501808c5fe4a8287499e8c6360df6392a4ecac,proc::music::val_unseen_generator::00005,696a279e4cea73ff4b6ede662f645202f278716d63b32c6fe24bcefb4b848e11,23714913,proc_music_spectral_block_unseen,val_unseen_generator,numpy_scipy_project_generator,NO,,,5.245,16000,0.88789195,0.46962054,-0.00026511,0.0,,0.5605730935235325,0.849680044018548,0.0011259290622547269,0.09217448998242617,0.8402635753154755
proc_music_val_unseen_generator_00006__spectral_block_unseen,data/generated_v8/audio/val_unseen_generator/music/proc_music_val_unseen_generator_00006__spectral_block_unseen.wav,1,0,1,0,1,,proc_music_spectral_block_unseen,project_procedural_v8,procedural_v8,,proc_music_val_unseen_generator_00006,proc::music::val_unseen_generator::00006,LOCAL:tools/procedural_audio_v8.py,procedural-v8.1,PROJECT_AUTHORED_PROCEDURAL_OUTPUT_NO_EXTERNAL_ASSETS,YES,YES_PROJECT_OWNED,NO_EXTERNAL_RESTRICTION,procedural_v8,0c15fe054b0b944b841440ce2452e1c6de44ca3cac76756a74174a7d9e3c1114,proc::music::val_unseen_generator::00006,8cded223b75783f54a698f2448391f5f296888b5ac6e363b18c2f6c5c98fb89e,23714914,proc_music_spectral_block_unseen,val_unseen_generator,numpy_scipy_project_generator,NO,,,5.731,16000,0.81399608,0.44615484,-0.00011076,0.0,,0.5486486843022921,0.8403153300602255,9.866924665402621e-05,0.07519941660575569,0.9178480058908463
proc_music_val_unseen_generator_00007__spectral_block_unseen,data/generated_v8/audio/val_unseen_generator/music/proc_music_val_unseen_generator_00007__spectral_block_unseen.wav,1,0,1,0,1,,proc_music_spectral_block_unseen,project_procedural_v8,procedural_v8,,proc_music_val_unseen_generator_00007,proc::music::val_unseen_generator::00007,LOCAL:tools/procedural_audio_v8.py,procedural-v8.1,PROJECT_AUTHORED_PROCEDURAL_OUTPUT_NO_EXTERNAL_ASSETS,YES,YES_PROJECT_OWNED,NO_EXTERNAL_RESTRICTION,procedural_v8,e4e9248b33ea425a9bb41094ede8c0d453eb0cb17cf25a575f212b3657f4d844,proc::music::val_unseen_generator::00007,70b1a2a51effb1c097b40330fca3e070f75698b185817fc3163e580fa2d5c958,23714915,proc_music_spectral_block_unseen,val_unseen_generator,numpy_scipy_project_generator,NO,,,4.934,16000,0.90976304,0.49230234,3.371e-05,0.0,,0.5716755157088647,0.864782093170134,0.000543441972695291,0.06692086672410369,0.9424541592597961
proc_music_val_unseen_generator_00008__spectral_block_unseen,data/generated_v8/audio/val_unseen_generator/music/proc_music_val_unseen_generator_00008__spectral_block_unseen.wav,1,0,1,0,1,,proc_music_spectral_block_unseen,project_procedural_v8,procedural_v8,,proc_music_val_unseen_generator_00008,proc::music::val_unseen_generator::00008,LOCAL:tools/procedural_audio_v8.py,procedural-v8.1,PROJECT_AUTHORED_PROCEDURAL_OUTPUT_NO_EXTERNAL_ASSETS,YES,YES_PROJECT_OWNED,NO_EXTERNAL_RESTRICTION,procedural_v8,fb9bdc8f34948c6a155c7ecb6903d810d30fe88ec56a7bb1ce14a0ed5182416e,proc::music::val_unseen_generator::00008,763edb36fbf2510c2252977059d83e23554153acb84e9f416ee126e1b9575fc0,23714916,proc_music_spectral_block_unseen,val_unseen_generator,numpy_scipy_project_generator,NO,,,6.645,16000,0.7212643,0.38164964,-8.451e-05,0.0,,0.5583760067628453,0.8383539181869115,5.774419696535915e-05,0.10171066084876657,0.8754158020019531
proc_music_val_unseen_generator_00009__spectral_block_unseen,data/generated_v8/audio/val_unseen_generator/music/proc_music_val_unseen_generator_00009__spectral_block_unseen.wav,1,0,1,0,1,,proc_music_spectral_block_unseen,project_procedural_v8,procedural_v8,,proc_music_val_unseen_generator_00009,proc::music::val_unseen_generator::00009,LOCAL:tools/procedural_audio_v8.py,procedural-v8.1,PROJECT_AUTHORED_PROCEDURAL_OUTPUT_NO_EXTERNAL_ASSETS,YES,YES_PROJECT_OWNED,NO_EXTERNAL_RESTRICTION,procedural_v8,7c657737b3091b5034974753643d8e94dfbf55fbf6256205b62058fc769ea1c9,proc::music::val_unseen_generator::00009,d16137a01efada2e5d642f844f226a74bdfdca52cd66963c5af27b3130837ff0,23714917,proc_music_spectral_block_unseen,val_unseen_generator,numpy_scipy_project_generator,NO,,,6.969,16000,0.88082588,0.42464127,-0.00016145,0.0,,0.5670098057827204,0.8566306656399985,1.071135193342343e-05,0.08262607059441507,0.9217040091753006
proc_music_val_unseen_generator_00010__spectral_block_unseen,data/generated_v8/audio/val_unseen_generator/music/proc_music_val_unseen_generator_00010__spectral_block_unseen.wav,1,0,1,0,1,,proc_music_spectral_block_unseen,project_procedural_v8,procedural_v8,,proc_music_val_unseen_generator_00010,proc::music::val_unseen_generator::00010,LOCAL:tools/procedural_audio_v8.py,procedural-v8.1,PROJECT_AUTHORED_PROCEDURAL_OUTPUT_NO_EXTERNAL_ASSETS,YES,YES_PROJECT_OWNED,NO_EXTERNAL_RESTRICTION,procedural_v8,01888bca27ccd32b06cf6bcff39e3e9fde5fe8e6a5d808f3f344ddac2234f2e2,proc::music::val_unseen_generator::00010,bbcfd32766e1f88f13ddbd606f8ac11e6dffd07b0723d0ef4b5f5f0406a46b5c,23714918,proc_music_spectral_block_unseen,val_unseen_generator,numpy_scipy_project_generator,NO,,,5.791,16000,0.75275105,0.38977576,-5.632e-05,0.0,,0.5631100752113184,0.8477980096303271,0.00042535612010397017,0.09266818757168949,0.8351423144340515
proc_music_val_unseen_generator_00011__spectral_block_unseen,data/generated_v8/audio/val_unseen_generator/music/proc_music_val_unseen_generator_00011__spectral_block_unseen.wav,1,0,1,0,1,,proc_music_spectral_block_unseen,project_procedural_v8,procedural_v8,,proc_music_val_unseen_generator_00011,proc::music::val_unseen_generator::00011,LOCAL:tools/procedural_audio_v8.py,procedural-v8.1,PROJECT_AUTHORED_PROCEDURAL_OUTPUT_NO_EXTERNAL_ASSETS,YES,YES_PROJECT_OWNED,NO_EXTERNAL_RESTRICTION,procedural_v8,1dd1d30b2b015f29292c557136ae179c28c7a0fb42250de4284b35bc1fb7c33d,proc::music::val_unseen_generator::00011,fddf8869df6f5095e850f3aad451d53737fd7a9bc8ceaa076ccaa84c22f14f83,23714919,proc_music_spectral_block_unseen,val_unseen_generator,numpy_scipy_project_generator,NO,,,6.202,16000,0.87606364,0.47439591,-9.99e-05,0.0,,0.5680847207963309,0.8560833441769224,0.00037715546204708517,0.07211537240073085,0.9440021812915802
proc_music_val_unseen_generator_00012__spectral_block_unseen,data/generated_v8/audio/val_unseen_generator/music/proc_music_val_unseen_generator_00012__spectral_block_unseen.wav,1,0,1,0,1,,proc_music_spectral_block_unseen,project_procedural_v8,procedural_v8,,proc_music_val_unseen_generator_00012,proc::music::val_unseen_generator::00012,LOCAL:tools/procedural_audio_v8.py,procedural-v8.1,PROJECT_AUTHORED_PROCEDURAL_OUTPUT_NO_EXTERNAL_ASSETS,YES,YES_PROJECT_OWNED,NO_EXTERNAL_RESTRICTION,procedural_v8,9437152f7e0cfc4c5576754cdabb26b83e4c0f67f22cabbe8945b3a67369b4e4,proc::music::val_unseen_generator::00012,1c962633fe081451c540d7c6aa9472a9924a8fd50c3fe915f872cb82bfbd8427,23714920,proc_music_spectral_block_unseen,val_unseen_generator,numpy_scipy_project_generator,NO,,,6.178,16000,0.77026737,0.40772769,-2.531e-05,0.0,,0.5682384189432463,0.8548998092551996,9.020732250064611e-05,0.08986432012170553,0.9321169704198837
proc_music_val_unseen_generator_00013__spectral_block_unseen,data/generated_v8/audio/val_unseen_generator/music/proc_music_val_unseen_generator_00013__spectral_block_unseen.wav,1,0,1,0,1,,proc_music_spectral_block_unseen,project_procedural_v8,procedural_v8,,proc_music_val_unseen_generator_00013,proc::music::val_unseen_generator::00013,LOCAL:tools/procedural_audio_v8.py,procedural-v8.1,PROJECT_AUTHORED_PROCEDURAL_OUTPUT_NO_EXTERNAL_ASSETS,YES,YES_PROJECT_OWNED,NO_EXTERNAL_RESTRICTION,procedural_v8,41d4678da842019bab3f731e6cca7a563e8f7c63ea0310bacc4c677c33ffccc2,proc::music::val_unseen_generator::00013,c2507b4f54de97f83803e089c1c35c6b5dc7ca3d71063eaaeddd2664093072c6,23714921,proc_music_spectral_block_unseen,val_unseen_generator,numpy_scipy_project_generator,NO,,,6.147,16000,0.80623758,0.44066356,-0.0001694,0.0,,0.5653748746477285,0.8538872374225881,0.00020228502398822457,0.07435177429579198,0.9475872963666916
proc_music_val_unseen_generator_00014__spectral_block_unseen,data/generated_v8/audio/val_unseen_generator/music/proc_music_val_unseen_generator_00014__spectral_block_unseen.wav,1,0,1,0,1,,proc_music_spectral_block_unseen,project_procedural_v8,procedural_v8,,proc_music_val_unseen_generator_00014,proc::music::val_unseen_generator::00014,LOCAL:tools/procedural_audio_v8.py,procedural-v8.1,PROJECT_AUTHORED_PROCEDURAL_OUTPUT_NO_EXTERNAL_ASSETS,YES,YES_PROJECT_OWNED,NO_EXTERNAL_RESTRICTION,procedural_v8,161b1e200e173c00beee11e8baed0c0a1d30570713474190796b60a80254512a,proc::music::val_unseen_generator::00014,1cec6018a3478919bfc40f7a238b78e8ddfb347f9f45d9923bb6bd7f940cc318,23714922,proc_music_spectral_block_unseen,val_unseen_generator,numpy_scipy_project_generator,NO,,,6.393,16000,0.7856335,0.40488713,-0.00016027,0.0,,0.5689273494159571,0.8556142179247712,7.640883995918557e-05,0.09684287919662893,0.9224569648504257
proc_music_val_unseen_generator_00015__spectral_block_unseen,data/generated_v8/audio/val_unseen_generator/music/proc_music_val_unseen_generator_00015__spectral_block_unseen.wav,1,0,1,0,1,,proc_music_spectral_block_unseen,project_procedural_v8,procedural_v8,,proc_music_val_unseen_generator_00015,proc::music::val_unseen_generator::00015,LOCAL:tools/procedural_audio_v8.py,procedural-v8.1,PROJECT_AUTHORED_PROCEDURAL_OUTPUT_NO_EXTERNAL_ASSETS,YES,YES_PROJECT_OWNED,NO_EXTERNAL_RESTRICTION,procedural_v8,e6c37da12bdeea7bd7f33827ed53288455e8035a0788f91add62b7b7b268548f,proc::music::val_unseen_generator::00015,61a388c46b86a3c9e36e8d54966723a389ec776b723d8fe27d84da38171a9c50,23714923,proc_music_spectral_block_unseen,val_unseen_generator,numpy_scipy_project_generator,NO,,,4.565,16000,0.86900324,0.41798106,-0.00028655,0.0,,0.5610134441638552,0.8452715077784347,3.516961442073807e-05,0.09489327296614647,0.8970653116703033
proc_music_val_unseen_generator_00016__spectral_block_unseen,data/generated_v8/audio/val_unseen_generator/music/proc_music_val_unseen_generator_00016__spectral_block_unseen.wav,1,0,1,0,1,,proc_music_spectral_block_unseen,project_procedural_v8,procedural_v8,,proc_music_val_unseen_generator_00016,proc::music::val_unseen_generator::00016,LOCAL:tools/procedural_audio_v8.py,procedural-v8.1,PROJECT_AUTHORED_PROCEDURAL_OUTPUT_NO_EXTERNAL_ASSETS,YES,YES_PROJECT_OWNED,NO_EXTERNAL_RESTRICTION,procedural_v8,69bbab71ea74de0a7406e4fe09bc67180160d150804454d65b14ad6e087cc1b6,proc::music::val_unseen_generator::00016,c63d25267291ba2f2a60c9f897b757c17c0ccfe131cf93d606d614e276355ad6,23714924,proc_music_spectral_block_unseen,val_unseen_generator,numpy_scipy_project_generator,NO,,,5.472,16000,0.71739769,0.35907269,-0.00024211,0.0,,0.5645856560593303,0.8469623790848124,0.0006351412739604712,0.08985857735387981,0.9407811611890793
proc_music_val_unseen_generator_00017__spectral_block_unseen,data/generated_v8/audio/val_unseen_generator/music/proc_music_val_unseen_generator_00017__spectral_block_unseen.wav,1,0,1,0,1,,proc_music_spectral_block_unseen,project_procedural_v8,procedural_v8,,proc_music_val_unseen_generator_00017,proc::music::val_unseen_generator::00017,LOCAL:tools/procedural_audio_v8.py,procedural-v8.1,PROJECT_AUTHORED_PROCEDURAL_OUTPUT_NO_EXTERNAL_ASSETS,YES,YES_PROJECT_OWNED,NO_EXTERNAL_RESTRICTION,procedural_v8,99a8b278fba45df2ae413ef53cfb4cc20763f50f13c87e7d0c3ed49621af3fbf,proc::music::val_unseen_generator::00017,f64c1f4b888694283377513f21b8b9dc500d3ce7aa507ada041faacd7eccbda5,23714925,proc_music_spectral_block_unseen,val_unseen_generator,numpy_scipy_project_generator,NO,,,5.778,16000,0.72809178,0.41351477,-0.00019901,0.0,,0.5686466865683794,0.8556029454976999,0.002706717001274228,0.06603316101245582,0.9312027543783188
proc_music_val_unseen_generator_00018__spectral_block_unseen,data/generated_v8/audio/val_unseen_generator/music/proc_music_val_unseen_generator_00018__spectral_block_unseen.wav,1,0,1,0,1,,proc_music_spectral_block_unseen,project_procedural_v8,procedural_v8,,proc_music_val_unseen_generator_00018,proc::music::val_unseen_generator::00018,LOCAL:tools/procedural_audio_v8.py,procedural-v8.1,PROJECT_AUTHORED_PROCEDURAL_OUTPUT_NO_EXTERNAL_ASSETS,YES,YES_PROJECT_OWNED,NO_EXTERNAL_RESTRICTION,procedural_v8,e2cfeeb5280c15f28654ff7ae633025cc9896428feaf40c5c18b4e6d855c48aa,proc::music::val_unseen_generator::00018,2ab8a9e3986915902b5fc8c4e2580188de89d412c37297f395703b8d03123ed5,23714926,proc_music_spectral_block_unseen,val_unseen_generator,numpy_scipy_project_generator,NO,,,6.991,16000,0.88647836,0.49612861,-7.902e-05,0.0,,0.5801772672497237,0.8709671284934322,0.010952911339700222,0.07933798397425562,0.925406277179718
proc_music_val_unseen_generator_00019__spectral_block_unseen,data/generated_v8/audio/val_unseen_generator/music/proc_music_val_unseen_generator_00019__spectral_block_unseen.wav,1,0,1,0,1,,proc_music_spectral_block_unseen,project_procedural_v8,procedural_v8,,proc_music_val_unseen_generator_00019,proc::music::val_unseen_generator::00019,LOCAL:tools/procedural_audio_v8.py,procedural-v8.1,PROJECT_AUTHORED_PROCEDURAL_OUTPUT_NO_EXTERNAL_ASSETS,YES,YES_PROJECT_OWNED,NO_EXTERNAL_RESTRICTION,procedural_v8,9b46a5a5d9419cb1570acd924b9c54eae1b7ead68f42b8474f0b58dcee4e9019,proc::music::val_unseen_generator::00019,19819288b641017ffe184e3235b559e5a31abf096196da28d6f2129c840c1f84,23714927,proc_music_spectral_block_unseen,val_unseen_generator,numpy_scipy_project_generator,NO,,,5.146,16000,0.79861617,0.44463471,-0.00012935,0.0,,0.5626292930884583,0.8542101620641261,0.0004925319808535278,0.0667277539614588,0.9396407604217529
proc_music_val_unseen_generator_00020__spectral_block_unseen,data/generated_v8/audio/val_unseen_generator/music/proc_music_val_unseen_generator_00020__spectral_block_unseen.wav,1,0,1,0,1,,proc_music_spectral_block_unseen,project_procedural_v8,procedural_v8,,proc_music_val_unseen_generator_00020,proc::music::val_unseen_generator::00020,LOCAL:tools/procedural_audio_v8.py,procedural-v8.1,PROJECT_AUTHORED_PROCEDURAL_OUTPUT_NO_EXTERNAL_ASSETS,YES,YES_PROJECT_OWNED,NO_EXTERNAL_RESTRICTION,procedural_v8,bdf74ea7d77cd5496d843777d931a56a8c7905bdce2e68b8d1a10cc0bc37a2a7,proc::music::val_unseen_generator::00020,05109618f6d91d310f5bc70aef8e8d7ec1a573f8220f063a4da0d81701fc829c,23714928,proc_music_spectral_block_unseen,val_unseen_generator,numpy_scipy_project_generator,NO,,,4.898,16000,0.87501258,0.46433977,-0.00013254,0.0,,0.5688012449579944,0.8608739718280747,0.0003263620310463011,0.07454261602833867,0.9494297653436661
proc_music_val_unseen_generator_00021__spectral_block_unseen,data/generated_v8/audio/val_unseen_generator/music/proc_music_val_unseen_generator_00021__spectral_block_unseen.wav,1,0,1,0,1,,proc_music_spectral_block_unseen,project_procedural_v8,procedural_v8,,proc_music_val_unseen_generator_00021,proc::music::val_unseen_generator::00021,LOCAL:tools/procedural_audio_v8.py,procedural-v8.1,PROJECT_AUTHORED_PROCEDURAL_OUTPUT_NO_EXTERNAL_ASSETS,YES,YES_PROJECT_OWNED,NO_EXTERNAL_RESTRICTION,procedural_v8,2352a70cd0d8be05ae0c62f3f60e9996e2881400f565f3b414cfe6ecae8b6cc1,proc::music::val_unseen_generator::00021,9401578daaf7c0394f5e827f22dede1a15cd928162cf68a735cfc9ea118e0809,23714929,proc_music_spectral_block_unseen,val_unseen_generator,numpy_scipy_project_generator,NO,,,4.538,16000,0.76783907,0.41244871,-7.7e-05,0.0,,0.5687947174495991,0.8572153043373628,0.0001572359906276688,0.06961702730040997,0.9733644425868988
proc_music_val_unseen_generator_00022__spectral_block_unseen,data/generated_v8/audio/val_unseen_generator/music/proc_music_val_unseen_generator_00022__spectral_block_unseen.wav,1,0,1,0,1,,proc_music_spectral_block_unseen,project_procedural_v8,procedural_v8,,proc_music_val_unseen_generator_00022,proc::music::val_unseen_generator::00022,LOCAL:tools/procedural_audio_v8.py,procedural-v8.1,PROJECT_AUTHORED_PROCEDURAL_OUTPUT_NO_EXTERNAL_ASSETS,YES,YES_PROJECT_OWNED,NO_EXTERNAL_RESTRICTION,procedural_v8,67a65a04f2956620e200ec829e0a7715b2403a88d8cc237e71151451c56af490,proc::music::val_unseen_generator::00022,8ea45e4e9202c1b34f18036f2c24a5602ec6da988a93c87a6e77c5f32a1ffd3c,23714930,proc_music_spectral_block_unseen,val_unseen_generator,numpy_scipy_project_generator,NO,,,6.907,16000,0.79129672,0.45709686,-0.00010221,0.0,,0.5757902088130444,0.8675350796346126,0.004300621338188648,0.06614231946878135,0.9624632745981216
proc_music_val_unseen_generator_00023__spectral_block_unseen,data/generated_v8/audio/val_unseen_generator/music/proc_music_val_unseen_generator_00023__spectral_block_unseen.wav,1,0,1,0,1,,proc_music_spectral_block_unseen,project_procedural_v8,procedural_v8,,proc_music_val_unseen_generator_00023,proc::music::val_unseen_generator::00023,LOCAL:tools/procedural_audio_v8.py,procedural-v8.1,PROJECT_AUTHORED_PROCEDURAL_OUTPUT_NO_EXTERNAL_ASSETS,YES,YES_PROJECT_OWNED,NO_EXTERNAL_RESTRICTION,procedural_v8,c179dd8b1fe56bb76c4663caf0e9c39696a89c75b55cb3ec8095055c1bae0a37,proc::music::val_unseen_generator::00023,4189903b2bc340fa538821452bfa8e948aa36c636f18319552d5a2255555d6e2,23714931,proc_music_spectral_block_unseen,val_unseen_generator,numpy_scipy_project_generator,NO,,,4.414,16000,0.71227604,0.37296592,-0.00027318,0.0,,0.5606366079854987,0.8409169402893095,0.00023538233654107898,0.08520165691152215,0.912624791264534
proc_music_val_unseen_generator_00024__spectral_block_unseen,data/generated_v8/audio/val_unseen_generator/music/proc_music_val_unseen_generator_00024__spectral_block_unseen.wav,1,0,1,0,1,,proc_music_spectral_block_unseen,project_procedural_v8,procedural_v8,,proc_music_val_unseen_generator_00024,proc::music::val_unseen_generator::00024,LOCAL:tools/procedural_audio_v8.py,procedural-v8.1,PROJECT_AUTHORED_PROCEDURAL_OUTPUT_NO_EXTERNAL_ASSETS,YES,YES_PROJECT_OWNED,NO_EXTERNAL_RESTRICTION,procedural_v8,002fea7ad504aa63e666c6a45d31a4b8d12cf13437e6399a91936fbd853b665d,proc::music::val_unseen_generator::00024,d60841a60dbadb53f65529cb9a60e356acb60400ea541dfa3db84270031d25f6,23714932,proc_music_spectral_block_unseen,val_unseen_generator,numpy_scipy_project_generator,NO,,,5.354,16000,0.81966817,0.43249573,-0.00023854,0.0,,0.576447335006065,0.8541886860809891,0.02756420522928238,0.07700701185967773,0.9357656985521317
proc_music_val_unseen_generator_00025__spectral_block_unseen,data/generated_v8/audio/val_unseen_generator/music/proc_music_val_unseen_generator_00025__spectral_block_unseen.wav,1,0,1,0,1,,proc_music_spectral_block_unseen,project_procedural_v8,procedural_v8,,proc_music_val_unseen_generator_00025,proc::music::val_unseen_generator::00025,LOCAL:tools/procedural_audio_v8.py,procedural-v8.1,PROJECT_AUTHORED_PROCEDURAL_OUTPUT_NO_EXTERNAL_ASSETS,YES,YES_PROJECT_OWNED,NO_EXTERNAL_RESTRICTION,procedural_v8,e686c54395d458135e870173ea6360c6024c3cfaec46b18f193a8c89ca93037b,proc::music::val_unseen_generator::00025,9c046787cb53879cf2c61cbfde593c635a97c1528da4b2281420476d02a98634,23714933,proc_music_spectral_block_unseen,val_unseen_generator,numpy_scipy_project_generator,NO,,,5.102,16000,0.70436817,0.36213271,-0.00015199,0.0,,0.5650357521928685,0.8492637730169494,0.00030313406023196876,0.10429006232880056,0.9140480011701584
proc_music_val_unseen_generator_00026__spectral_block_unseen,data/generated_v8/audio/val_unseen_generator/music/proc_music_val_unseen_generator_00026__spectral_block_unseen.wav,1,0,1,0,1,,proc_music_spectral_block_unseen,project_procedural_v8,procedural_v8,,proc_music_val_unseen_generator_00026,proc::music::val_unseen_generator::00026,LOCAL:tools/procedural_audio_v8.py,procedural-v8.1,PROJECT_AUTHORED_PROCEDURAL_OUTPUT_NO_EXTERNAL_ASSETS,YES,YES_PROJECT_OWNED,NO_EXTERNAL_RESTRICTION,procedural_v8,01e2869e0bd6bf79a677bdc48a17b7a1774d1e233d046da5ebaffd9a7fc11b86,proc::music::val_unseen_generator::00026,7c56037c33b3c37d27bca43a0c0ecc6a52570f87b299692ed7e9b71e3b08c918,23714934,proc_music_spectral_block_unseen,val_unseen_generator,numpy_scipy_project_generator,NO,,,5.313,16000,0.71920836,0.35838885,4.73e-05,0.0,,0.561594979927728,0.8389882629961629,0.0001029705599648878,0.11053865822032094,0.9145475775003433
proc_music_val_unseen_generator_00027__spectral_block_unseen,data/generated_v8/audio/val_unseen_generator/music/proc_music_val_unseen_generator_00027__spectral_block_unseen.wav,1,0,1,0,1,,proc_music_spectral_block_unseen,project_procedural_v8,procedural_v8,,proc_music_val_unseen_generator_00027,proc::music::val_unseen_generator::00027,LOCAL:tools/procedural_audio_v8.py,procedural-v8.1,PROJECT_AUTHORED_PROCEDURAL_OUTPUT_NO_EXTERNAL_ASSETS,YES,YES_PROJECT_OWNED,NO_EXTERNAL_RESTRICTION,procedural_v8,e515f00dcb4a3d4893f80fe9580e33c70f5d69517e64195751389c7d21f18f19,proc::music::val_unseen_generator::00027,51ff118bc95f26feb0ef2bedd4fde07d464c78b4cbe705a0af3892220310d07b,23714935,proc_music_spectral_block_unseen,val_unseen_generator,numpy_scipy_project_generator,NO,,,4.862,16000,0.90126586,0.51020389,-0.00023507,0.0,,0.5652883131572284,0.8600885552421376,0.0016670838231220841,0.07287523383274674,0.9258252829313278
proc_music_val_unseen_generator_00028__spectral_block_unseen,data/generated_v8/audio/val_unseen_generator/music/proc_music_val_unseen_generator_00028__spectral_block_unseen.wav,1,0,1,0,1,,proc_music_spectral_block_unseen,project_procedural_v8,procedural_v8,,proc_music_val_unseen_generator_00028,proc::music::val_unseen_generator::00028,LOCAL:tools/procedural_audio_v8.py,procedural-v8.1,PROJECT_AUTHORED_PROCEDURAL_OUTPUT_NO_EXTERNAL_ASSETS,YES,YES_PROJECT_OWNED,NO_EXTERNAL_RESTRICTION,procedural_v8,d2bdff8188c03a60b9c4f899ddf28b25f7b36716897c0e281e1c8144727ba5d1,proc::music::val_unseen_generator::00028,ee20cb16ac79cf925d21fa10056d9c5c816f1ef2977f3d78580dbbc58922abe9,23714936,proc_music_spectral_block_unseen,val_unseen_generator,numpy_scipy_project_generator,NO,,,7.123,16000,0.7171942,0.35841984,-0.00012096,0.0,,0.5585505838177927,0.8412263053281865,0.00030497071566060185,0.11886542104184628,0.875158503651619
proc_music_val_unseen_generator_00029__spectral_block_unseen,data/generated_v8/audio/val_unseen_generator/music/proc_music_val_unseen_generator_00029__spectral_block_unseen.wav,1,0,1,0,1,,proc_music_spectral_block_unseen,project_procedural_v8,procedural_v8,,proc_music_val_unseen_generator_00029,proc::music::val_unseen_generator::00029,LOCAL:tools/procedural_audio_v8.py,procedural-v8.1,PROJECT_AUTHORED_PROCEDURAL_OUTPUT_NO_EXTERNAL_ASSETS,YES,YES_PROJECT_OWNED,NO_EXTERNAL_RESTRICTION,procedural_v8,c4b4559de32d3025ac6fd838708b2c54e18bf145cea1f251559646804176c0c6,proc::music::val_unseen_generator::00029,b9181d7ef558a35bf53bfc7817238376711ac34ee4865886ab53387b210cfc3f,23714937,proc_music_spectral_block_unseen,val_unseen_generator,numpy_scipy_project_generator,NO,,,5.469,16000,0.79946333,0.41457614,-0.00012869,0.0,,0.5693727865137871,0.8579952092721452,7.443027425324544e-05,0.07587561919353902,0.9429295510053635
proc_mix_val_unseen_generator_00000,data/generated_v8/audio/val_unseen_generator/mix/proc_mix_val_unseen_generator_00000.wav,1,1,1,1,1,proc_val_unseen_generator_speaker_75,proc_mix_phase_locked_unseen+spectral_block_unseen,project_procedural_v8,procedural_v8,,proc_mix_val_unseen_generator_00000,proc::mix::val_unseen_generator::00000,LOCAL:tools/procedural_audio_v8.py,procedural-v8.1,PROJECT_AUTHORED_PROCEDURAL_OUTPUT_NO_EXTERNAL_ASSETS,YES,YES_PROJECT_OWNED,NO_EXTERNAL_RESTRICTION,procedural_v8,59496c4f6ac945ac80ae0d8a2f492536edc81620d3d649a852fc101b3427e571,proc::mix::val_unseen_generator::00000,519c44ec8d0b77190a30f37be29add4a5ebe902100e4e82e924000e7e7ea86ea,23734908,proc_mix_phase_locked_unseen+spectral_block_unseen,val_unseen_generator,numpy_scipy_project_generator,NO,proc_mix_voice_val_unseen_generator_00000,proc_mix_music_val_unseen_generator_00000,5.554,16000,0.82831025,0.29270179,-8.3e-07,0.0,0.9358,0.553199702877028,0.8262100008508299,6.567576292582089e-06,0.10606142226606607,0.8824425488710403
proc_mix_val_unseen_generator_00001,data/generated_v8/audio/val_unseen_generator/mix/proc_mix_val_unseen_generator_00001.wav,1,1,1,1,1,proc_val_unseen_generator_speaker_76,proc_mix_phase_locked_unseen+spectral_block_unseen,project_procedural_v8,procedural_v8,,proc_mix_val_unseen_generator_00001,proc::mix::val_unseen_generator::00001,LOCAL:tools/procedural_audio_v8.py,procedural-v8.1,PROJECT_AUTHORED_PROCEDURAL_OUTPUT_NO_EXTERNAL_ASSETS,YES,YES_PROJECT_OWNED,NO_EXTERNAL_RESTRICTION,procedural_v8,ba91625fe1901e00b6ebbb73ad60618e060f22aca9106ff3a52c8ac5a86bac7a,proc::mix::val_unseen_generator::00001,0d83e716404b69e36d3ea093a11e9abd89df13c7ea9cccf5d4e270d4a9f6f595,23734909,proc_mix_phase_locked_unseen+spectral_block_unseen,val_unseen_generator,numpy_scipy_project_generator,NO,proc_mix_voice_val_unseen_generator_00001,proc_mix_music_val_unseen_generator_00001,5.965,16000,0.77314967,0.30767701,-1.051e-05,0.0,2.4509,0.5563517186594327,0.8346046351437906,1.05926310425275e-05,0.08382380148395896,0.8691046237945557
proc_mix_val_unseen_generator_00002,data/generated_v8/audio/val_unseen_generator/mix/proc_mix_val_unseen_generator_00002.wav,1,1,1,1,1,proc_val_unseen_generator_speaker_77,proc_mix_phase_locked_unseen+spectral_block_unseen,project_procedural_v8,procedural_v8,,proc_mix_val_unseen_generator_00002,proc::mix::val_unseen_generator::00002,LOCAL:tools/procedural_audio_v8.py,procedural-v8.1,PROJECT_AUTHORED_PROCEDURAL_OUTPUT_NO_EXTERNAL_ASSETS,YES,YES_PROJECT_OWNED,NO_EXTERNAL_RESTRICTION,procedural_v8,53fe08c867df666165f4359e7139ba34fbdecea8962a62f2548e64ed6dfe95be,proc::mix::val_unseen_generator::00002,19365f606efebd78a6f5960cd862208bfb6c0e36d5857f1d059e3b78aa6d35cb,23734910,proc_mix_phase_locked_unseen+spectral_block_unseen,val_unseen_generator,numpy_scipy_project_generator,NO,proc_mix_voice_val_unseen_generator_00002,proc_mix_music_val_unseen_generator_00002,3.6,16000,0.91804439,0.3503237,-1.856e-05,0.0,-6.2632,0.5634333432846373,0.84420390800349,6.95384806022048e-05,0.09435735747683793,0.9329612851142883
proc_mix_val_unseen_generator_00003,data/generated_v8/audio/val_unseen_generator/mix/proc_mix_val_unseen_generator_00003.wav,1,1,1,1,1,proc_val_unseen_generator_speaker_78,proc_mix_phase_locked_unseen+spectral_block_unseen,project_procedural_v8,procedural_v8,,proc_mix_val_unseen_generator_00003,proc::mix::val_unseen_generator::00003,LOCAL:tools/procedural_audio_v8.py,procedural-v8.1,PROJECT_AUTHORED_PROCEDURAL_OUTPUT_NO_EXTERNAL_ASSETS,YES,YES_PROJECT_OWNED,NO_EXTERNAL_RESTRICTION,procedural_v8,7d5c0597d49e126cf3f57ac2778d107db5980c220f31b5675682de7062f9d3e5,proc::mix::val_unseen_generator::00003,6365436e71c9675df6c5987e5270893203df5eb54fb4c1b5582f80ae30b973ee,23734911,proc_mix_phase_locked_unseen+spectral_block_unseen,val_unseen_generator,numpy_scipy_project_generator,NO,proc_mix_voice_val_unseen_generator_00003,proc_mix_music_val_unseen_generator_00003,4.505,16000,0.9091925,0.31814225,-2.401e-05,0.0,-2.9289,0.5396111100140377,0.8206218368704152,1.8476672494216473e-06,0.08302986994385719,0.9317222535610199
proc_mix_val_unseen_generator_00004,data/generated_v8/audio/val_unseen_generator/mix/proc_mix_val_unseen_generator_00004.wav,1,1,1,1,1,proc_val_unseen_generator_speaker_79,proc_mix_phase_locked_unseen+spectral_block_unseen,project_procedural_v8,procedural_v8,,proc_mix_val_unseen_generator_00004,proc::mix::val_unseen_generator::00004,LOCAL:tools/procedural_audio_v8.py,procedural-v8.1,PROJECT_AUTHORED_PROCEDURAL_OUTPUT_NO_EXTERNAL_ASSETS,YES,YES_PROJECT_OWNED,NO_EXTERNAL_RESTRICTION,procedural_v8,2bba0a0e202fa9a14664bcb59c6422491eb8638acf6f2563a24828a298172598,proc::mix::val_unseen_generator::00004,8c1913440de58450009d1c1141e4ff79c3af41c70d412ebcd6607440bfc9e540,23734912,proc_mix_phase_locked_unseen+spectral_block_unseen,val_unseen_generator,numpy_scipy_project_generator,NO,proc_mix_voice_val_unseen_generator_00004,proc_mix_music_val_unseen_generator_00004,5.359,16000,0.8657499,0.33544945,-2.022e-05,0.0,0.2190,0.55764842278557,0.8389112442757725,7.93657818576321e-06,0.08307581371627748,0.8834404498338699
proc_mix_val_unseen_generator_00005,data/generated_v8/audio/val_unseen_generator/mix/proc_mix_val_unseen_generator_00005.wav,1,1,1,1,1,proc_val_unseen_generator_speaker_80,proc_mix_phase_locked_unseen+spectral_block_unseen,project_procedural_v8,procedural_v8,,proc_mix_val_unseen_generator_00005,proc::mix::val_unseen_generator::00005,LOCAL:tools/procedural_audio_v8.py,procedural-v8.1,PROJECT_AUTHORED_PROCEDURAL_OUTPUT_NO_EXTERNAL_ASSETS,YES,YES_PROJECT_OWNED,NO_EXTERNAL_RESTRICTION,procedural_v8,41513b1f16ec1823c6253eb79c69e76ae262e64fc31e529fafbee7878da7b352,proc::mix::val_unseen_generator::00005,298d6b933892045b58ad61a2eaef4d114f360e56a8da6fd669a8d5afebb10027,23734913,proc_mix_phase_locked_unseen+spectral_block_unseen,val_unseen_generator,numpy_scipy_project_generator,NO,proc_mix_voice_val_unseen_generator_00005,proc_mix_music_val_unseen_generator_00005,4.523,16000,0.81178313,0.30817182,-2.398e-05,0.0,-2.8626,0.5605543675949949,0.8375750484868161,3.0015318770892918e-05,0.09337229048833251,0.9334389418363571
proc_mix_val_unseen_generator_00006,data/generated_v8/audio/val_unseen_generator/mix/proc_mix_val_unseen_generator_00006.wav,1,1,1,1,1,proc_val_unseen_generator_speaker_81,proc_mix_phase_locked_unseen+spectral_block_unseen,project_procedural_v8,procedural_v8,,proc_mix_val_unseen_generator_00006,proc::mix::val_unseen_generator::00006,LOCAL:tools/procedural_audio_v8.py,procedural-v8.1,PROJECT_AUTHORED_PROCEDURAL_OUTPUT_NO_EXTERNAL_ASSETS,YES,YES_PROJECT_OWNED,NO_EXTERNAL_RESTRICTION,procedural_v8,0fa0bace7ce88e66e7f49e2cd0a50795676a2a9fec8629874580b42c49d1939b,proc::mix::val_unseen_generator::00006,98fce0e1dcc1885e375f689debdced3c312c0e1297617a773fc40e9a89aa3d2c,23734914,proc_mix_phase_locked_unseen+spectral_block_unseen,val_unseen_generator,numpy_scipy_project_generator,NO,proc_mix_voice_val_unseen_generator_00006,proc_mix_music_val_unseen_generator_00006,3.631,16000,0.77623945,0.30144571,-1.823e-05,0.0,-6.1502,0.547669364654365,0.8195795182199025,0.00017351997666992247,0.11087780189700425,0.969137653708458
proc_mix_val_unseen_generator_00007,data/generated_v8/audio/val_unseen_generator/mix/proc_mix_val_unseen_generator_00007.wav,1,1,1,1,1,proc_val_unseen_generator_speaker_82,proc_mix_phase_locked_unseen+spectral_block_unseen,project_procedural_v8,procedural_v8,,proc_mix_val_unseen_generator_00007,proc::mix::val_unseen_generator::00007,LOCAL:tools/procedural_audio_v8.py,procedural-v8.1,PROJECT_AUTHORED_PROCEDURAL_OUTPUT_NO_EXTERNAL_ASSETS,YES,YES_PROJECT_OWNED,NO_EXTERNAL_RESTRICTION,procedural_v8,73a8e9c3cfc805524e260f666d2279794e8d83be2fa5811e73cc0caadcb29300,proc::mix::val_unseen_generator::00007,9bcc797ba1badcc33278e0a54880c8b2074ed8ec9cc06f782309ff779f3b3c33,23734915,proc_mix_phase_locked_unseen+spectral_block_unseen,val_unseen_generator,numpy_scipy_project_generator,NO,proc_mix_voice_val_unseen_generator_00007,proc_mix_music_val_unseen_generator_00007,3.878,16000,0.8899163,0.35198755,-1.223e-05,0.0,-5.2396,0.564389516799193,0.8507453166748533,3.320770338177681e-05,0.09429247863590717,0.9503561705350876
proc_mix_val_unseen_generator_00008,data/generated_v8/audio/val_unseen_generator/mix/proc_mix_val_unseen_generator_00008.wav,1,1,1,1,1,proc_val_unseen_generator_speaker_83,proc_mix_phase_locked_unseen+spectral_block_unseen,project_procedural_v8,procedural_v8,,proc_mix_val_unseen_generator_00008,proc::mix::val_unseen_generator::00008,LOCAL:tools/procedural_audio_v8.py,procedural-v8.1,PROJECT_AUTHORED_PROCEDURAL_OUTPUT_NO_EXTERNAL_ASSETS,YES,YES_PROJECT_OWNED,NO_EXTERNAL_RESTRICTION,procedural_v8,78bf7e14e13dbd146680a055252f24c4e6b2eabd4649c4e742976278103a68cf,proc::mix::val_unseen_generator::00008,3d1fa59413f0d794a4ecea817b0e99165c52d935d8e0671d7658410871d1e97b,23734916,proc_mix_phase_locked_unseen+spectral_block_unseen,val_unseen_generator,numpy_scipy_project_generator,NO,proc_mix_voice_val_unseen_generator_00008,proc_mix_music_val_unseen_generator_00008,6.153,16000,0.77864343,0.30115094,-1.751e-05,0.0,3.1438,0.5542034461423564,0.8287279376993891,7.82948627602309e-05,0.09007478761486709,0.8779248893260956
proc_mix_val_unseen_generator_00009,data/generated_v8/audio/val_unseen_generator/mix/proc_mix_val_unseen_generator_00009.wav,1,1,1,1,1,proc_val_unseen_generator_speaker_84,proc_mix_phase_locked_unseen+spectral_block_unseen,project_procedural_v8,procedural_v8,,proc_mix_val_unseen_generator_00009,proc::mix::val_unseen_generator::00009,LOCAL:tools/procedural_audio_v8.py,procedural-v8.1,PROJECT_AUTHORED_PROCEDURAL_OUTPUT_NO_EXTERNAL_ASSETS,YES,YES_PROJECT_OWNED,NO_EXTERNAL_RESTRICTION,procedural_v8,606daf2d591c95bb6b2d96351821bf64d00ed0aa0aaa4f44fff16f88f6f6b7dd,proc::mix::val_unseen_generator::00009,1b789c6fdf60e8f32c7f6e63e98fb3ae4999f11b1ed708ff8b34ef96c00ecddc,23734917,proc_mix_phase_locked_unseen+spectral_block_unseen,val_unseen_generator,numpy_scipy_project_generator,NO,proc_mix_voice_val_unseen_generator_00009,proc_mix_music_val_unseen_generator_00009,4.666,16000,0.83712739,0.35991369,-1.4e-05,0.0,-2.3366,0.5723066138247663,0.8650455820179126,1.7878735434351256e-06,0.0633411428425461,0.9370812475681305
proc_mix_val_unseen_generator_00010,data/generated_v8/audio/val_unseen_generator/mix/proc_mix_val_unseen_generator_00010.wav,1,1,1,1,1,proc_val_unseen_generator_speaker_85,proc_mix_phase_locked_unseen+spectral_block_unseen,project_procedural_v8,procedural_v8,,proc_mix_val_unseen_generator_00010,proc::mix::val_unseen_generator::00010,LOCAL:tools/procedural_audio_v8.py,procedural-v8.1,PROJECT_AUTHORED_PROCEDURAL_OUTPUT_NO_EXTERNAL_ASSETS,YES,YES_PROJECT_OWNED,NO_EXTERNAL_RESTRICTION,procedural_v8,ff2496a5b7cfa8c534fe3777d688549f40a7f4c49fb035d449c0c48432bc15df,proc::mix::val_unseen_generator::00010,865a6a496f830a4714194aa13e2d9c03e6dfda703ae8dddc5c00036df5dcab72,23734918,proc_mix_phase_locked_unseen+spectral_block_unseen,val_unseen_generator,numpy_scipy_project_generator,NO,proc_mix_voice_val_unseen_generator_00010,proc_mix_music_val_unseen_generator_00010,5.235,16000,0.85866338,0.2908762,-8.24e-06,0.0,-0.2405,0.5452263732515086,0.8201173492012186,1e-06,0.08798588183708489,0.8739514946937561
proc_mix_val_unseen_generator_00011,data/generated_v8/audio/val_unseen_generator/mix/proc_mix_val_unseen_generator_00011.wav,1,1,1,1,1,proc_val_unseen_generator_speaker_86,proc_mix_phase_locked_unseen+spectral_block_unseen,project_procedural_v8,procedural_v8,,proc_mix_val_unseen_generator_00011,proc::mix::val_unseen_generator::00011,LOCAL:tools/procedural_audio_v8.py,procedural-v8.1,PROJECT_AUTHORED_PROCEDURAL_OUTPUT_NO_EXTERNAL_ASSETS,YES,YES_PROJECT_OWNED,NO_EXTERNAL_RESTRICTION,procedural_v8,d90883cb46d7fda826b2e29362aabcb607bda03307e0ddf20c417f17bbbd0512,proc::mix::val_unseen_generator::00011,d8b6ebe8e8a4c9508292b6de17b0e1a89598d5e895a67d257a6f632d9143d9a3,23734919,proc_mix_phase_locked_unseen+spectral_block_unseen,val_unseen_generator,numpy_scipy_project_generator,NO,proc_mix_voice_val_unseen_generator_00011,proc_mix_music_val_unseen_generator_00011,5.685,16000,0.76290143,0.29586228,-1.879e-05,0.0,1.4198,0.555948773527131,0.8238125790595326,4.07212100981269e-05,0.12307473598048091,0.9271242618560791
proc_mix_val_unseen_generator_00012,data/generated_v8/audio/val_unseen_generator/mix/proc_mix_val_unseen_generator_00012.wav,1,1,1,1,1,proc_val_unseen_generator_speaker_87,proc_mix_phase_locked_unseen+spectral_block_unseen,project_procedural_v8,procedural_v8,,proc_mix_val_unseen_generator_00012,proc::mix::val_unseen_generator::00012,LOCAL:tools/procedural_audio_v8.py,procedural-v8.1,PROJECT_AUTHORED_PROCEDURAL_OUTPUT_NO_EXTERNAL_ASSETS,YES,YES_PROJECT_OWNED,NO_EXTERNAL_RESTRICTION,procedural_v8,6dae10a9965be625d1db465e1fe29a0b9a50e4c8dbce43afda1f60263b7419ec,proc::mix::val_unseen_generator::00012,45ba4e3794a424fe211a8ceb39b68c61a6d61cee71915eb781a972ee3839edaa,23734920,proc_mix_phase_locked_unseen+spectral_block_unseen,val_unseen_generator,numpy_scipy_project_generator,NO,proc_mix_voice_val_unseen_generator_00012,proc_mix_music_val_unseen_generator_00012,5.436,16000,0.80116928,0.29527197,-1.376e-05,0.0,0.5008,0.5546429035256937,0.8306350470469563,4.886980605078861e-05,0.08167749433778226,0.8871590346097946
proc_mix_val_unseen_generator_00013,data/generated_v8/audio/val_unseen_generator/mix/proc_mix_val_unseen_generator_00013.wav,1,1,1,1,1,proc_val_unseen_generator_speaker_88,proc_mix_phase_locked_unseen+spectral_block_unseen,project_procedural_v8,procedural_v8,,proc_mix_val_unseen_generator_00013,proc::mix::val_unseen_generator::00013,LOCAL:tools/procedural_audio_v8.py,procedural-v8.1,PROJECT_AUTHORED_PROCEDURAL_OUTPUT_NO_EXTERNAL_ASSETS,YES,YES_PROJECT_OWNED,NO_EXTERNAL_RESTRICTION,procedural_v8,1926fccafec4b749158933ff4ac348fd5a956976f3b0766b0c19017ca2bb5118,proc::mix::val_unseen_generator::00013,53ce93313d6c60a02e3d2352ca21cf7bff0f3907b5a4db591366e325e8b84239,23734921,proc_mix_phase_locked_unseen+spectral_block_unseen,val_unseen_generator,numpy_scipy_project_generator,NO,proc_mix_voice_val_unseen_generator_00013,proc_mix_music_val_unseen_generator_00013,5.028,16000,0.87038958,0.34142931,-2.38e-05,0.0,-1.0031,0.5570926338340397,0.8412821266035428,7.379225280601531e-05,0.07960095442831516,0.9324419945478439
proc_mix_val_unseen_generator_00014,data/generated_v8/audio/val_unseen_generator/mix/proc_mix_val_unseen_generator_00014.wav,1,1,1,1,1,proc_val_unseen_generator_speaker_89,proc_mix_phase_locked_unseen+spectral_block_unseen,project_procedural_v8,procedural_v8,,proc_mix_val_unseen_generator_00014,proc::mix::val_unseen_generator::00014,LOCAL:tools/procedural_audio_v8.py,procedural-v8.1,PROJECT_AUTHORED_PROCEDURAL_OUTPUT_NO_EXTERNAL_ASSETS,YES,YES_PROJECT_OWNED,NO_EXTERNAL_RESTRICTION,procedural_v8,dfd743adbd5113a5aa8f6e4c5966862a519256557f6a07bfdb8738fc40605434,proc::mix::val_unseen_generator::00014,7393d4353eee180d3ff41d33ebc1522f2cd83c507eb70c56538ee061ab389c06,23734922,proc_mix_phase_locked_unseen+spectral_block_unseen,val_unseen_generator,numpy_scipy_project_generator,NO,proc_mix_voice_val_unseen_generator_00014,proc_mix_music_val_unseen_generator_00014,6.479,16000,0.81712669,0.29454529,-1.092e-05,0.0,4.3436,0.5602639945461736,0.8326809118095497,2.9769649700028822e-05,0.09368881676346064,0.9142536967992783
proc_mix_val_unseen_generator_00015,data/generated_v8/audio/val_unseen_generator/mix/proc_mix_val_unseen_generator_00015.wav,1,1,1,1,1,proc_val_unseen_generator_speaker_90,proc_mix_phase_locked_unseen+spectral_block_unseen,project_procedural_v8,procedural_v8,,proc_mix_val_unseen_generator_00015,proc::mix::val_unseen_generator::00015,LOCAL:tools/procedural_audio_v8.py,procedural-v8.1,PROJECT_AUTHORED_PROCEDURAL_OUTPUT_NO_EXTERNAL_ASSETS,YES,YES_PROJECT_OWNED,NO_EXTERNAL_RESTRICTION,procedural_v8,c4c2c448099390d4eec90ee64e5832362d1b338a9007ec27109046dd27c3a3ca,proc::mix::val_unseen_generator::00015,500c8e59abd7b5766352a11bc0a4c9d939610aa99410ad44872592081932548d,23734923,proc_mix_phase_locked_unseen+spectral_block_unseen,val_unseen_generator,numpy_scipy_project_generator,NO,proc_mix_voice_val_unseen_generator_00015,proc_mix_music_val_unseen_generator_00015,4.407,16000,0.82401758,0.30538493,-2.15e-05,0.0,-3.2892,0.5570911000996506,0.8380045037945302,1.165079879683617e-06,0.08466539857909083,0.9063850045204163
proc_mix_val_unseen_generator_00016,data/generated_v8/audio/val_unseen_generator/mix/proc_mix_val_unseen_generator_00016.wav,1,1,1,1,1,proc_val_unseen_generator_speaker_91,proc_mix_phase_locked_unseen+spectral_block_unseen,project_procedural_v8,procedural_v8,,proc_mix_val_unseen_generator_00016,proc::mix::val_unseen_generator::00016,LOCAL:tools/procedural_audio_v8.py,procedural-v8.1,PROJECT_AUTHORED_PROCEDURAL_OUTPUT_NO_EXTERNAL_ASSETS,YES,YES_PROJECT_OWNED,NO_EXTERNAL_RESTRICTION,procedural_v8,866f4d325bf151b117f041bc36c07440601d54bcacfbd6dc5cf16f7769035d50,proc::mix::val_unseen_generator::00016,7b239510165b4065aa3c899688a1bf1c366f4a4afe0875a516a78b45fd5dcf53,23734924,proc_mix_phase_locked_unseen+spectral_block_unseen,val_unseen_generator,numpy_scipy_project_generator,NO,proc_mix_voice_val_unseen_generator_00016,proc_mix_music_val_unseen_generator_00016,5.806,16000,0.921404,0.33798743,-2.922e-05,0.0,1.8648,0.5400989390651416,0.8193184090010717,2.2608028302784078e-06,0.09906116174533963,0.8732019513845444
proc_mix_val_unseen_generator_00017,data/generated_v8/audio/val_unseen_generator/mix/proc_mix_val_unseen_generator_00017.wav,1,1,1,1,1,proc_val_unseen_generator_speaker_92,proc_mix_phase_locked_unseen+spectral_block_unseen,project_procedural_v8,procedural_v8,,proc_mix_val_unseen_generator_00017,proc::mix::val_unseen_generator::00017,LOCAL:tools/procedural_audio_v8.py,procedural-v8.1,PROJECT_AUTHORED_PROCEDURAL_OUTPUT_NO_EXTERNAL_ASSETS,YES,YES_PROJECT_OWNED,NO_EXTERNAL_RESTRICTION,procedural_v8,f70f0a619c087a2b80d32081bb4ef37063c83a63ce3dee79aee39242269de802,proc::mix::val_unseen_generator::00017,9d0fee480148f691fb606859d5e383309cf280698bf3f34046e7d78a473e16e9,23734925,proc_mix_phase_locked_unseen+spectral_block_unseen,val_unseen_generator,numpy_scipy_project_generator,NO,proc_mix_voice_val_unseen_generator_00017,proc_mix_music_val_unseen_generator_00017,5.845,16000,0.85090065,0.33205376,-2.018e-05,0.0,2.0083,0.5628114568173522,0.8385977205894316,1e-06,0.09600881766527891,0.8064456284046173
proc_mix_val_unseen_generator_00018,data/generated_v8/audio/val_unseen_generator/mix/proc_mix_val_unseen_generator_00018.wav,1,1,1,1,1,proc_val_unseen_generator_speaker_93,proc_mix_phase_locked_unseen+spectral_block_unseen,project_procedural_v8,procedural_v8,,proc_mix_val_unseen_generator_00018,proc::mix::val_unseen_generator::00018,LOCAL:tools/procedural_audio_v8.py,procedural-v8.1,PROJECT_AUTHORED_PROCEDURAL_OUTPUT_NO_EXTERNAL_ASSETS,YES,YES_PROJECT_OWNED,NO_EXTERNAL_RESTRICTION,procedural_v8,1f0bcb927a7bf1a36496ca3f7b1f6cdb6c49cfd0e472598f1d8b9904a7372a91,proc::mix::val_unseen_generator::00018,ac14ee0148a40697839fb95de080a23b67380b7b64a820b6ae27385c21305c9a,23734926,proc_mix_phase_locked_unseen+spectral_block_unseen,val_unseen_generator,numpy_scipy_project_generator,NO,proc_mix_voice_val_unseen_generator_00018,proc_mix_music_val_unseen_generator_00018,5.634,16000,0.85587335,0.3391124,-1.924e-05,0.0,1.2319,0.5581273112021358,0.8372768554068875,4.640209226636216e-06,0.08526191068813205,0.9158522486686707
proc_mix_val_unseen_generator_00019,data/generated_v8/audio/val_unseen_generator/mix/proc_mix_val_unseen_generator_00019.wav,1,1,1,1,1,proc_val_unseen_generator_speaker_94,proc_mix_phase_locked_unseen+spectral_block_unseen,project_procedural_v8,procedural_v8,,proc_mix_val_unseen_generator_00019,proc::mix::val_unseen_generator::00019,LOCAL:tools/procedural_audio_v8.py,procedural-v8.1,PROJECT_AUTHORED_PROCEDURAL_OUTPUT_NO_EXTERNAL_ASSETS,YES,YES_PROJECT_OWNED,NO_EXTERNAL_RESTRICTION,procedural_v8,1f630662e8ef347f309b4f0d6a39ba692304bc093ba2b3f4b2205d530cef8086,proc::mix::val_unseen_generator::00019,d3e038be26cff1065229fa7ffa82acacd87f2a62798c81d5a7deb69c648e968d,23734927,proc_mix_phase_locked_unseen+spectral_block_unseen,val_unseen_generator,numpy_scipy_project_generator,NO,proc_mix_voice_val_unseen_generator_00019,proc_mix_music_val_unseen_generator_00019,6.7,16000,0.7620706,0.29268571,-1.041e-05,0.0,5.1589,0.5590130561830384,0.8331489124325304,1e-06,0.08182265982031822,0.9414658397436142
proc_mix_val_unseen_generator_00020,data/generated_v8/audio/val_unseen_generator/mix/proc_mix_val_unseen_generator_00020.wav,1,1,1,1,1,proc_val_unseen_generator_speaker_95,proc_mix_phase_locked_unseen+spectral_block_unseen,project_procedural_v8,procedural_v8,,proc_mix_val_unseen_generator_00020,proc::mix::val_unseen_generator::00020,LOCAL:tools/procedural_audio_v8.py,procedural-v8.1,PROJECT_AUTHORED_PROCEDURAL_OUTPUT_NO_EXTERNAL_ASSETS,YES,YES_PROJECT_OWNED,NO_EXTERNAL_RESTRICTION,procedural_v8,69053cbd2b8c13d7f64cc0f323a63467a4b295a2b5b5f335df24a7d58266453a,proc::mix::val_unseen_generator::00020,62af633737578b0fdb7c988106afeae35d2a9f4f0917759d19d7593b01085ea8,23734928,proc_mix_phase_locked_unseen+spectral_block_unseen,val_unseen_generator,numpy_scipy_project_generator,NO,proc_mix_voice_val_unseen_generator_00020,proc_mix_music_val_unseen_generator_00020,4.814,16000,0.83380067,0.31464028,-8.95e-06,0.0,-1.7916,0.5589254989866383,0.8354529505857083,3.648125129984692e-05,0.09746723715215921,0.9177772849798203
proc_mix_val_unseen_generator_00021,data/generated_v8/audio/val_unseen_generator/mix/proc_mix_val_unseen_generator_00021.wav,1,1,1,1,1,proc_val_unseen_generator_speaker_96,proc_mix_phase_locked_unseen+spectral_block_unseen,project_procedural_v8,procedural_v8,,proc_mix_val_unseen_generator_00021,proc::mix::val_unseen_generator::00021,LOCAL:tools/procedural_audio_v8.py,procedural-v8.1,PROJECT_AUTHORED_PROCEDURAL_OUTPUT_NO_EXTERNAL_ASSETS,YES,YES_PROJECT_OWNED,NO_EXTERNAL_RESTRICTION,procedural_v8,017d99dabe6155f944e215b4a1d98b238bb7cb45ed8e39b22640c801d890641b,proc::mix::val_unseen_generator::00021,499d8982fc752e9050ed81ccf8517a394f9bde2e92d814bf420c18df60fd3698,23734929,proc_mix_phase_locked_unseen+spectral_block_unseen,val_unseen_generator,numpy_scipy_project_generator,NO,proc_mix_voice_val_unseen_generator_00021,proc_mix_music_val_unseen_generator_00021,3.919,16000,0.86834317,0.31918795,-1.838e-05,0.0,-5.0883,0.558481635693602,0.8310988026553654,6.911029777256772e-05,0.121133535169065,0.8952483981847763
proc_mix_val_unseen_generator_00022,data/generated_v8/audio/val_unseen_generator/mix/proc_mix_val_unseen_generator_00022.wav,1,1,1,1,1,proc_val_unseen_generator_speaker_00,proc_mix_phase_locked_unseen+spectral_block_unseen,project_procedural_v8,procedural_v8,,proc_mix_val_unseen_generator_00022,proc::mix::val_unseen_generator::00022,LOCAL:tools/procedural_audio_v8.py,procedural-v8.1,PROJECT_AUTHORED_PROCEDURAL_OUTPUT_NO_EXTERNAL_ASSETS,YES,YES_PROJECT_OWNED,NO_EXTERNAL_RESTRICTION,procedural_v8,561545eb67cecdedfebe3130f85ae32ba6952dccf498892a7ab7ceb1e62e008d,proc::mix::val_unseen_generator::00022,adacaa8b45e39ea92dbdabf68b2c4ebca5ae5ada2b2dd788dd7431aba29f3d10,23734930,proc_mix_phase_locked_unseen+spectral_block_unseen,val_unseen_generator,numpy_scipy_project_generator,NO,proc_mix_voice_val_unseen_generator_00022,proc_mix_music_val_unseen_generator_00022,3.913,16000,0.92910451,0.35191696,-1.2e-05,0.0,-5.1100,0.5674129787506548,0.8529733034891211,2.167307866329793e-05,0.1010136790573597,0.9052813053131104
proc_mix_val_unseen_generator_00023,data/generated_v8/audio/val_unseen_generator/mix/proc_mix_val_unseen_generator_00023.wav,1,1,1,1,1,proc_val_unseen_generator_speaker_01,proc_mix_phase_locked_unseen+spectral_block_unseen,project_procedural_v8,procedural_v8,,proc_mix_val_unseen_generator_00023,proc::mix::val_unseen_generator::00023,LOCAL:tools/procedural_audio_v8.py,procedural-v8.1,PROJECT_AUTHORED_PROCEDURAL_OUTPUT_NO_EXTERNAL_ASSETS,YES,YES_PROJECT_OWNED,NO_EXTERNAL_RESTRICTION,procedural_v8,865bb092f03824234044b98df897b3693a696a65ad4fdc757b94e32cdb3f6652,proc::mix::val_unseen_generator::00023,85bf4392a3ba8fa865a8ad0ac1f13ed5f72a68f6ac14c4347a924385e455224d,23734931,proc_mix_phase_locked_unseen+spectral_block_unseen,val_unseen_generator,numpy_scipy_project_generator,NO,proc_mix_voice_val_unseen_generator_00023,proc_mix_music_val_unseen_generator_00023,5.838,16000,0.84129369,0.29386335,-1.314e-05,0.0,1.9825,0.5596616883374961,0.8340741310151945,1.7405084236088442e-06,0.0871222612913698,0.9014468193054199
proc_mix_val_unseen_generator_00024,data/generated_v8/audio/val_unseen_generator/mix/proc_mix_val_unseen_generator_00024.wav,1,1,1,1,1,proc_val_unseen_generator_speaker_02,proc_mix_phase_locked_unseen+spectral_block_unseen,project_procedural_v8,procedural_v8,,proc_mix_val_unseen_generator_00024,proc::mix::val_unseen_generator::00024,LOCAL:tools/procedural_audio_v8.py,procedural-v8.1,PROJECT_AUTHORED_PROCEDURAL_OUTPUT_NO_EXTERNAL_ASSETS,YES,YES_PROJECT_OWNED,NO_EXTERNAL_RESTRICTION,procedural_v8,ce2ee8e6ce5a3976ef700ceeeea13119fb41d33cbf1af23f5fee73cdbf352a37,proc::mix::val_unseen_generator::00024,e5dd8cae0708d573599833b07c0577689b651afdfe1671cc304a0f54270bf026,23734932,proc_mix_phase_locked_unseen+spectral_block_unseen,val_unseen_generator,numpy_scipy_project_generator,NO,proc_mix_voice_val_unseen_generator_00024,proc_mix_music_val_unseen_generator_00024,3.536,16000,0.83152652,0.3045332,-9.31e-06,0.0,-6.4984,0.5570240726874659,0.8254607904354425,5.263600905891508e-05,0.12120654014870524,0.5445667952299118
proc_mix_val_unseen_generator_00025,data/generated_v8/audio/val_unseen_generator/mix/proc_mix_val_unseen_generator_00025.wav,1,1,1,1,1,proc_val_unseen_generator_speaker_03,proc_mix_phase_locked_unseen+spectral_block_unseen,project_procedural_v8,procedural_v8,,proc_mix_val_unseen_generator_00025,proc::mix::val_unseen_generator::00025,LOCAL:tools/procedural_audio_v8.py,procedural-v8.1,PROJECT_AUTHORED_PROCEDURAL_OUTPUT_NO_EXTERNAL_ASSETS,YES,YES_PROJECT_OWNED,NO_EXTERNAL_RESTRICTION,procedural_v8,aa39bdd21a53b9b544aa31af72469618641494e0d58c0a93cac103de50e2fbaf,proc::mix::val_unseen_generator::00025,663e91752c7114f8b4818b5b8f4ea7171449c933affc9da1a528b9e49113b159,23734933,proc_mix_phase_locked_unseen+spectral_block_unseen,val_unseen_generator,numpy_scipy_project_generator,NO,proc_mix_voice_val_unseen_generator_00025,proc_mix_music_val_unseen_generator_00025,6.311,16000,0.91304547,0.33795134,-1.99e-06,0.0,3.7258,0.5597203091028068,0.8357491083007308,3.5443310935079353e-06,0.08998836064711213,0.8863482922315598
proc_mix_val_unseen_generator_00026,data/generated_v8/audio/val_unseen_generator/mix/proc_mix_val_unseen_generator_00026.wav,1,1,1,1,1,proc_val_unseen_generator_speaker_04,proc_mix_phase_locked_unseen+spectral_block_unseen,project_procedural_v8,procedural_v8,,proc_mix_val_unseen_generator_00026,proc::mix::val_unseen_generator::00026,LOCAL:tools/procedural_audio_v8.py,procedural-v8.1,PROJECT_AUTHORED_PROCEDURAL_OUTPUT_NO_EXTERNAL_ASSETS,YES,YES_PROJECT_OWNED,NO_EXTERNAL_RESTRICTION,procedural_v8,1521a6d23882fab601565a657d60f153e28c2a33e06f30d70412ac73c79efaf5,proc::mix::val_unseen_generator::00026,df57f520e33c3f0de0f22f86199420e60ed7105f89fbac3b1c1d38c2016c3ec8,23734934,proc_mix_phase_locked_unseen+spectral_block_unseen,val_unseen_generator,numpy_scipy_project_generator,NO,proc_mix_voice_val_unseen_generator_00026,proc_mix_music_val_unseen_generator_00026,4.096,16000,0.8292796,0.34544895,-3.138e-05,0.0,-4.4347,0.5675882467094634,0.8518318614892035,2.3963126295711845e-05,0.07267236243933439,0.9366058558225632
proc_mix_val_unseen_generator_00027,data/generated_v8/audio/val_unseen_generator/mix/proc_mix_val_unseen_generator_00027.wav,1,1,1,1,1,proc_val_unseen_generator_speaker_05,proc_mix_phase_locked_unseen+spectral_block_unseen,project_procedural_v8,procedural_v8,,proc_mix_val_unseen_generator_00027,proc::mix::val_unseen_generator::00027,LOCAL:tools/procedural_audio_v8.py,procedural-v8.1,PROJECT_AUTHORED_PROCEDURAL_OUTPUT_NO_EXTERNAL_ASSETS,YES,YES_PROJECT_OWNED,NO_EXTERNAL_RESTRICTION,procedural_v8,1c50f8b964bbe86075a9406f2a2db4c23540745a16f588447a9c5c1835cadb8b,proc::mix::val_unseen_generator::00027,3bbb805d18b9c32b905bc2210c3bbe059b7bff824f18aa341883a8b0465b5d09,23734935,proc_mix_phase_locked_unseen+spectral_block_unseen,val_unseen_generator,numpy_scipy_project_generator,NO,proc_mix_voice_val_unseen_generator_00027,proc_mix_music_val_unseen_generator_00027,5.248,16000,0.91159743,0.33475844,-1.732e-05,0.0,-0.1928,0.5642022308178387,0.8432142335117598,2.0210347429383546e-05,0.08661046857014298,0.9313804060220718
proc_mix_val_unseen_generator_00028,data/generated_v8/audio/val_unseen_generator/mix/proc_mix_val_unseen_generator_00028.wav,1,1,1,1,1,proc_val_unseen_generator_speaker_06,proc_mix_phase_locked_unseen+spectral_block_unseen,project_procedural_v8,procedural_v8,,proc_mix_val_unseen_generator_00028,proc::mix::val_unseen_generator::00028,LOCAL:tools/procedural_audio_v8.py,procedural-v8.1,PROJECT_AUTHORED_PROCEDURAL_OUTPUT_NO_EXTERNAL_ASSETS,YES,YES_PROJECT_OWNED,NO_EXTERNAL_RESTRICTION,procedural_v8,e2e1969e0f81d5a61f09803a6d1d6765b0b252bd431b3fec89dcd87fb4ef2490,proc::mix::val_unseen_generator::00028,35c0c7d805f7a0d20176a192e35f9082eda7f1a416da796f02412eb60309b8e9,23734936,proc_mix_phase_locked_unseen+spectral_block_unseen,val_unseen_generator,numpy_scipy_project_generator,NO,proc_mix_voice_val_unseen_generator_00028,proc_mix_music_val_unseen_generator_00028,5.366,16000,0.81719398,0.33365495,-1.896e-05,0.0,0.2446,0.5684490504087074,0.853269020616194,1e-06,0.0746611023787409,0.915823444724083
proc_mix_val_unseen_generator_00029,data/generated_v8/audio/val_unseen_generator/mix/proc_mix_val_unseen_generator_00029.wav,1,1,1,1,1,proc_val_unseen_generator_speaker_07,proc_mix_phase_locked_unseen+spectral_block_unseen,project_procedural_v8,procedural_v8,,proc_mix_val_unseen_generator_00029,proc::mix::val_unseen_generator::00029,LOCAL:tools/procedural_audio_v8.py,procedural-v8.1,PROJECT_AUTHORED_PROCEDURAL_OUTPUT_NO_EXTERNAL_ASSETS,YES,YES_PROJECT_OWNED,NO_EXTERNAL_RESTRICTION,procedural_v8,cefa612739023f725e38ed217b2778cedab6b615a1852804d01c188791f09c96,proc::mix::val_unseen_generator::00029,2a93c10ba9dc4c3d44564b143fa2125914059adaac3176a2d32c93d713eb830c,23734937,proc_mix_phase_locked_unseen+spectral_block_unseen,val_unseen_generator,numpy_scipy_project_generator,NO,proc_mix_voice_val_unseen_generator_00029,proc_mix_music_val_unseen_generator_00029,5.102,16000,0.8461076,0.32302301,-2.44e-05,0.0,-0.7310,0.5541239548719062,0.8288635685008068,2.969369052152615e-05,0.0994221675209701,0.9385437071323395
