audio_id,file_fake,canonical_test5_file_probability,f2_file_probability
5cae411321039205e5174508ad50b16a898b7c5451f3d5bc1552c2fdb59692dc,0,0.4262162005108834,0.4592301845550537
8b62287436a0966de76ff489f952159170bc703efe96fa18b2a21035053a38b3,1,0.7573825570477876,0.4718022346496582
219f99e786246bf6d082b2e155fb87ea8f0edcd57aedde147bc95edc355fbf16,0,0.5369809639600635,0.4621155187487602
3df57f3240ba03d7fa08de42359e550451d3e417faf94d152a136f60e1c153e8,1,0.8828042383017587,0.5870207250118256
f348a888289a3b8762e53f3059a2c557fc62bd9d1fcb4d27fe24f978476f56a8,0,0.5546189396637468,0.6174222826957703
72f6aa1b1e8517a5f5595c72726b8530659685d7df219bbe07aada915e456c0e,1,0.8132428231122663,0.5263317227363586
dc6da5ee4309c97c6daa2867b648bd5b540c56449c096a8814ee8b5731b30966,0,0.5556097643268839,0.3824630379676819
34b3482364208305f862027cabfb1a9bc004371b70b066afeff31ca25c051f29,1,0.8644589225217865,0.6053751111030579
5a5305da1c58b004657a5713f6787bddde9f3fa0261fe653e80f7f8b407d388e,0,0.2383261314501582,0.7047260701656342
197cd6c10e69a4ba5b365b88d6c05d4937cb77a38597fd4de0097eff44c83ad2,1,0.8456357512397172,0.6609866619110107
86e7cb91406c5024a88bf4a45278b10452612463bff2041e44726e4c5f0e2303,0,0.26785009653239444,0.6802238821983337
3741609df7e0595ed770ccad4f9a55be8c9f01bb2c29e890d93009c0d7afd9f1,1,0.8013936110648415,0.582205593585968
411d94a99179f3e472d5832edee58279a0b45dd1bedd2ceec5f292b205d3f3aa,0,0.2139080610282836,0.8407424986362457
0fb918b2424050c9a40db6be833d448bd4fd154fbde99933f0537e0d380986eb,1,0.9208996007245192,0.7600978910923004
7dc031d04409fcbf4c01cf4198bee09f81fa5ba858dd7f8f95c8c21cea1fca6d,0,0.3310534288499699,0.8174430727958679
a3238c9ee6f5d956b646f049457508d5f44aee1a6defa508b9ac5a8456c21fd9,1,0.8492828625913265,0.5937014818191528
b2cdaa03db42cd90426c85216555bf461693b334bd531adf417e8614e7346f94,0,0.45680506991189596,0.5301549434661865
5426839d27e632bff6ddc88b2389a55a220d31bb4fa03cf48bc8e3e6b3c5601b,1,0.6354375593870103,0.7776565551757812
b9a47c06111b2afd24317f18e83cf0b391befa776dd5e2660ad56967a0067be8,0,0.5794032068652952,0.33703458309173584
210793044f7e3dfec69abb1afde71318cff62f298bb10bb89b823a37822f776d,1,0.9197292340962021,0.743582010269165
cf300693c1030918b7eeb46cd3eaf9f771e017eaabb81684983384e70ed191e9,0,0.46313968127739186,0.7259703576564789
4f69034cbd1e222d53a5ca64ab0ca92e9932a0b8efebbe5e7636c5e5049bbfc8,1,0.7132205032402004,0.895037978887558
3552884eeeeac77b2f18daa57b16e1ccfd5c7c94446c0658dece6488cf463df2,0,0.43202849431907475,0.6300376653671265
251c84e64c6f5108913f29c7636ef9d5ec53e5ef295e2e5b2c469d292413cf2a,1,0.7415883804601291,0.5746936798095703
93e0b6007846e779d2d02618d4ad16b855379c2fd3209fce3e50dc42d6263b25,0,0.43978670122995933,0.569826066493988
df08bd2df60003a498b69512311c811d5e85591934a2c6726ab25b9009cbd34d,1,0.6981095126517491,0.7404599189758301
933fe0c2a0f395571a83247bd34ea7ca6555007c0104271b3774234c8affdaa7,0,0.5457458131055166,0.5944634228944778
d069d643b68113685c77971b643b74257506e97fab75e8a583e5b25ea1dd9084,1,0.7187667012492598,0.7463177442550659
1c7180b2004bd7287309662afa1b1ff2c5bb5c0e1e33e9c6b19208b2f448faf6,0,0.2955299046657169,0.7212903201580048
cfb84d7de21fb1dc195337d3ea5b1c234d41f0bce755eef8cffbae8be09c4b8e,1,0.7216004822256841,0.8949036002159119
2229d0a05cdf35f19f5e7ba19223b7017ff005c965253c8e3fd271ba267c8d4d,0,0.265974972045247,0.7491601705551147
982d64d3919e7e54be0c839df41761146a46b6b7f06ffcd53e2774f1b0629852,1,0.7200467504008894,0.8014288544654846
b968c79213291a09c0003a02380618af1089981a4b02a0ce06c0029d459c3911,0,0.48940440960361015,0.3303031921386719
34040ba0552a0197e1b823546a1cb9fd5ef6f7fdb441722f7f82791b4f3ac77e,1,0.8439836207298448,0.5254991054534912
2ed1d95e75b2dbe474c1a21550e1456e98eda005e445f0a9810934960d8e1e08,0,0.4883355990683343,0.5994557738304138
32112d53e2b1d6f2e97ff1b9ce27eed83fea99f9a9b56821bd0d182baa16c620,1,0.7477574054192679,0.4787895381450653
376aae5565113dced5e22c75c1e8502e6780037b6d435ae2c297b7fcce365ba7,0,0.5650577101881389,0.6111249625682831
64d30f14cc7cbe76cecc89f5039ec401b428ce978d558d7bc925fa1ae4bcf3f7,1,0.6866361189344619,0.6313427984714508
ab003f5a35cf80534e1789148d7e74c4fbd190b8cb227109e00cdde8ebee7a6a,0,0.5130559669174549,0.5337867140769958
e6f0ba7f927cad4a51c3f66528ef07778349708e4f7e9b48bc86564df6600f43,1,0.6532695456673447,0.8704448938369751
afe34aca112465a5f7dc5cdb9d8ba589f40361580c240f7fc37c3e921ba4f0d8,0,0.44172081024775717,0.4799918830394745
396eae42748f62c9ed080eea88d2cc3bcd82db32ca7e63fa661c2242fcc07332,1,0.7285947217735478,0.8797026872634888
ba1cd13c6d15a6675331b3a78906ee52f94c3497c7f9b60d5b1969f0d30cf21c,0,0.4067203243594927,0.42860063910484314
505788cbf28c96c3812943afdea934defed3ebe4ee3b2fbe4addd1879a4c4a24,1,0.6787420539292341,0.6252098679542542
e45a471c35ec2b368b0a18a31b8c1a6b0b8a188f16aa1df9b9756734549a694d,0,0.44842528164681045,0.22059887275099754
d880f814af16668433971a6fe1a1a1b94a91ac9947944dfbcb2414985ef99cd9,1,0.7768604543219407,0.5552569329738617
a5c3626384fdc6b4ace8a78872212d70d7f739c5b127e3ab153fddbe9d251378,0,0.3038744255333824,0.7121362686157227
5258ad3477dbe9b35bad344bf2352f97c9121d409c5862b3352de5ccc9596bab,1,0.8694231522464365,0.8468547463417053
ef5a901b0d2f812ccb21d43cd7b0e40d34897a25d10bc13c15f61f8592333e4a,0,0.43398945178325954,0.26955103874206543
dd7eb7ea3a907a269a9cc44e5c188abb4d39de0aea127530404cce0a9ac4d82e,1,0.765722887942464,0.8019435405731201
3e9537dd074dbe7975cdf6e2ee4d16c755756f821d9bded28a47d7d823e784d4,0,0.23982930777315656,0.845012903213501
fd66737fab9bbdbe1aec15e432c81f3b4005b5533b710b20a911a525eaee4259,1,0.788124650046089,0.3682660460472107
7ae0655b8b2e7befddde7728917ab7d58f7fc8ba906b097cb2dba25f1b743410,0,0.2903341927589685,0.7059875726699829
9fdf50ecccfd47060723f762eb6c7535f41a094b307b3bcbce94bb34fca0bd44,1,0.8498099281282259,0.4953216016292572
eb90d33d81791285ec6b274647e65333a269faedf3e3d8f5a69a4dc72ba2e766,0,0.5302917460620474,0.4304506182670593
b293da512a35afe0e43557bade7f8780e477e13efe65ea4d70a82d5de440c673,1,0.8154568552760024,0.6894512176513672
ec86d79543c650a544b498438b68d000efd05c2f2da49aa7ae52a1363afbc40b,0,0.48883611089968915,0.5867428779602051
3a90c64ea95367ad36986917a662b5e2e897f7f29f8f6121f12a95e9612f55c7,1,0.8660504061489124,0.7540296912193298
771e5fbf995a0c6940c0ab881b77fbfa2c27aef274cd2e9df48234a0caa0f54f,0,0.520830240257085,0.5165587961673737
133b886668095dd4e418143c215c646fd526d22f6ed34f4c5d37a688b376a553,1,0.7530696749965264,0.7035046815872192
05193597e2b777a20d704afc1aad0c884ebcd1ca767e4162533a7ee52ad2a8ec,0,0.4876097770201301,0.48189297318458557
241d5fda3d43a1039e7f110d6f2cd21720065869227b42170db3ce19b793905e,1,0.7834869082377638,0.911444902420044
c287c9306b46d30ac2a2fd4cef858ed79d86c151f9583e38df3af1066dab342c,0,0.2251586862647719,0.4432126581668854
b3a792e109e24bc28b62512e672f0e6d2a33dc6315ca3314f2e7fd0a7c1c86bc,1,0.6741130855403812,0.627539873123169
6a7ef2790b885adc6846fe0a95877f8b784314db4a0c1e8a2cec7b18e8a6f8a8,0,0.37505673726843625,0.8375598192214966
55a65ff31afdafd8859e32c89c8350768379fb5bb08f4b156451caa2c9486d67,1,0.7260595918487042,0.7869327664375305
612cd03c07f04fa5b9cf264b1b476d01a74abbe447fb96c7f5d94c0af27ed018,0,0.4076365086170911,0.524832010269165
1e81b4ce6ebd7f370729e2fdd357d075a45ff5fffb3e4fd105e7a9897a24287b,1,0.7786463647958101,0.8597646951675415
edd44748d248727d8c9c8429790661cad8a06d81cca8a1a554d19d49745ee6aa,0,0.4159907340826465,0.5178043842315674
821629b1699b173219444a8920ea818ce3985d70b8b302b9da261b73975a4eec,1,0.7938663558321557,0.6037932634353638
dd341de80f0795f867abfe75800c7bcf8d901f79dfd5e4979cf414354e8043d8,0,0.30320155412247485,0.5494287014007568
a7aea3094507f10590a51fc5219acae09e006df44936fef532018d03a2dbd54c,1,0.6437491932003886,0.7498986721038818
b7021e3ef18cd3e5346b7a493405a7a1f2cf75c412438d51a6ff1f70c8344c6a,0,0.46395962123060597,0.3853362500667572
1003eb9e2d1bd2d25103a83701b6ef93e5e2ad2bfd9355d8c81ad28bc09ff0f9,1,0.8077514237330699,0.8947425484657288
ffc2cdda77105425cbc287868f5d479abc47f4902c010d992c8da6cbe755eb85,0,0.3790420072040734,0.5023759007453918
ad973262790fcaaf2d8676eb2b6e7fceb3cd9c94f702f443b8da8f2a01897244,1,0.6018169757078459,0.5865933299064636
4a77dab33b79e1009dc2e1498d589699151c8c5020aa5d104dae42a769891b30,0,0.5129653493353801,0.43531984090805054
ce49d3d4feec01d24c54b3345121afea386f2d79cd82feb0f9c3f9e8e171c5bc,1,0.8124429617585763,0.88186115026474
08a726c1ff634b17e2d30ffe7e212df4b372a9994e4d5da44266db91e9813171,0,0.4093405239286835,0.36461618542671204
2dc7c6682120fd22f1a5d758d0c374a85669353a88bed8b173f21741f3abb7ab,1,0.7568366776172089,0.7532894611358643
a55af7351153801118ff0923562510643cb27c123fc1237c011f402c156992b5,0,0.6025930095488857,0.7419377565383911
0547307769895f8f2b772e9bff31da0754819f6c8c0acfe66bc3b9305f5ab941,1,0.8286036037915818,0.8435279726982117
7e8fdea3c23320f9d73d9532d7371dba4a34f6cc277d8556c9612ab960b2d577,0,0.5090555930889024,0.505029022693634
cee0603597fd2119f760038ce4176d3f3f3ede6e4df59aa22f892f8d0ddf3a61,1,0.8152926814959915,0.8546314239501953
2c61ddd3dfa503eb8fdb7b2b15fed7d554f142220184b03f3b2150a41f461499,0,0.35097452520608996,0.6935418844223022
b2d054c751298b0ac6bbf1bb9808d9c21f633d04ae56467b316c91b69bddf9bc,1,0.7323138181190352,0.8878232836723328
38af3993ee3efe130e9a549bb4b631ab57354e47d87580599b92d2d19adfed7c,0,0.42447193234859787,0.40114352107048035
41ed02ddff294ee59469acdd6c9caf3b04e9183c30cb03b864093617fa67fcaa,1,0.7245961198448988,0.8135223388671875
96a2f77292c8e2a31c6ae322bb72241669461a47567da26d8ac8051a7da9becf,0,0.41589487113468976,0.45641380548477173
c68af39c029dd3710d67cd370a8c2124d5e6dc7a7b868de6c9fb63607471fdef,1,0.7714455652368015,0.8662388920783997
01dfcadf6386dede93e0134c14761424e3ee9b81c213fcf0999c98f2a0f4a2eb,0,0.4315428489530497,0.6851450800895691
a3fcd3ee27e73c220020dc5f12f7520a967d0afcb20ea0275f830291babe5ca9,1,0.6489634780487182,0.8671982288360596
7d9c97da81334720255eac97cf5f1a53f0755e2413d29096cc4045b4fe557d42,0,0.4852086556131585,0.43728774785995483
e5ecb1f5f2e417db0f82a115580bebd582017791e67d11661e77805faaef80b6,1,0.8716238316935518,0.8689861297607422
d7fa086ef45f8108c748eb3510ccd817d891eab35219d10b81209cad199a30f1,0,0.4808581354207664,0.6741061508655548
d7f9527ccc877ac1aad7b26641ba84cd606e6f90ee4c9c7db1625fedd06086ac,1,0.7834878655299911,0.8207663297653198
a39cba7498baa3c1423580630ba2343205108b4be91257d67d75a414f81f0891,0,0.40257375740876866,0.5953381061553955
6050d01b342da8cc7a85458b4015287a6043349f52e5cb7633935b86173bebea,1,0.6805604726306638,0.8587152361869812
712fa79c42cdc099fae8371428a9f5706777bdd3950681fd5a8c023d04eda03d,0,0.5709885305737821,0.5648875832557678
0024a674e24887a985aef3de82e69028d20db179920fd4aa78d91105feb03b6d,1,0.8131720046834061,0.795330286026001
fdc89dbd163e7d62db1224497de74282c477fe263852df26b0b360b81d626d8b,0,0.4345700509723145,0.7443408668041229
2ab66dfb41c91c012e522ebf0e3e5d5ad2acf75cd0667faeaf17941318a81809,1,0.5488807505674328,0.6802243292331696
26d7eee5652d2840f6717267e4e510e4c4b44254dff18ed7d6ed223f8fc444f0,0,0.34226231259707246,0.6971350312232971
5de67f48a77b605e6f2db6fbf3e43fbdc997275d60da222b3600ed7e88b73ea0,1,0.32258127255545466,0.7931388914585114
91644839ac6f302d77a9d8ea31302a4b9be3ab2ff257269927f85a2358db2c64,0,0.3929743296056961,0.7069793343544006
2a8dac9850155e00599294ba54f3cb9dbb7565648901f7acbf9e37edf502a3d8,1,0.3068119104629708,0.8701814115047455
73550e48b278d75ee92e1e097037edd967f49dc4d80f09285a55b120f3034e17,0,0.3617238259702294,0.8309866189956665
1c2fe48b74292ea0e256bd26a8bfc9ea84ff7066796f6fe215d9613dd5f528b1,1,0.48953373559946245,0.8151183128356934
4f4e823d75d74ea259ceda929001ea3af55fdc07cc8a5cac18f220b7c598e5d2,0,0.2540799792990045,0.7196021676063538
f36f61199334b4049261c0a779e3902cdf628169f6b9157984064d3866375b0f,1,0.25607018209655835,0.852595180273056
d31d3f99cf2241671ca8a892d5ccff36ef2ba5db09031da13990cffc8906d683,0,0.5258095569311543,0.7021770179271698
61554b35ccda5ac46d8a0b4a68ccb8f594a4959abe72d8f49b8812918fb77980,1,0.4776806697092823,0.785917729139328
