label,category,data_role,group,transition_location,duration,peak,rms,silence_ratio,zcr,spectral_centroid,high_frequency_ratio
0,PAIRED_CORE,paired_core,dorothy_and_wizard_oz_08_f000065,nan,4.0,0.442352294921875,0.05453668534755707,0.52715625,0.1092204565696339,1501.7834524198483,0.0021139272179527065
1,PAIRED_CORE,paired_core,dorothy_and_wizard_oz_08_f000065,nan,4.0,0.22869873046875,0.026361333206295967,0.5894375,0.1599243738183409,2471.0972885510564,0.04675895063031592
0,PAIRED_CORE,paired_core,dorothy_and_wizard_oz_14_f000118,nan,4.0,0.2703857421875,0.018421722576022148,0.756484375,0.069251082048157,2464.7543648411684,0.0634290434055656
1,PAIRED_CORE,paired_core,dorothy_and_wizard_oz_14_f000118,nan,4.0,0.359375,0.017635244876146317,0.748796875,0.08226691042047532,2189.822770354351,0.04370536276135896
0,PAIRED_CORE,paired_core,emerald_city_of_oz_07_f000056,nan,4.0,0.453399658203125,0.05574203282594681,0.231046875,0.15695557743089736,1519.0588915169453,0.002246105304603846
1,PAIRED_CORE,paired_core,emerald_city_of_oz_07_f000056,nan,4.0,0.330230712890625,0.05271875485777855,0.126015625,0.11576743386615417,1386.8218281551258,0.002795813921187041
0,PAIRED_CORE,paired_core,emerald_city_of_oz_13_f000060,nan,4.0,0.527984619140625,0.07316914945840836,0.25896875,0.12697073391771746,1387.2018278403145,0.0013782258143971327
1,PAIRED_CORE,paired_core,emerald_city_of_oz_13_f000060,nan,4.0,0.948944091796875,0.08904867619276047,0.08334375,0.10565790090470163,1384.8648804621653,0.00285393275407316
0,PAIRED_CORE,paired_core,hunters_space_07_f000061,nan,4.0,0.64276123046875,0.05599992722272873,0.099953125,0.1315489304520383,2181.9273986985113,0.026657206117866657
1,PAIRED_CORE,paired_core,hunters_space_07_f000061,nan,4.0,0.51763916015625,0.06880100071430206,0.063859375,0.16551821122205035,1581.6511147074464,0.0059384310853183705
0,PAIRED_CORE,paired_core,hunters_space_18_f000010,nan,4.0,0.367401123046875,0.03725477680563927,0.290765625,0.06795418678416851,1499.3096877705811,0.005449955465576101
1,PAIRED_CORE,paired_core,hunters_space_18_f000010,nan,4.0,0.6556396484375,0.06365058571100235,0.125984375,0.1607837622462851,1509.685682753295,0.006610614154468363
0,PAIRED_CORE,paired_core,jane_eyre_05_f000047,nan,4.0,0.462005615234375,0.03699007257819176,0.046890625,0.12359568118251847,1841.0821433236267,0.0140617362997636
1,PAIRED_CORE,paired_core,jane_eyre_05_f000047,nan,4.0,0.831268310546875,0.06707751005887985,0.102375,0.148096064001,1600.880258075614,0.005653455975238187
0,PAIRED_CORE,paired_core,jane_eyre_06_f000021,nan,4.0,0.334686279296875,0.023853009566664696,0.570640625,0.07740745949155456,2020.0188973923769,0.03160488034237627
1,PAIRED_CORE,paired_core,jane_eyre_06_f000021,nan,4.0,0.8492431640625,0.08223693072795868,0.4599375,0.12006437600587509,1460.5403286221324,0.008152490259210459
0,PAIRED_CORE,paired_core,jane_eyre_12_f000082,nan,4.0,0.231109619140625,0.03019658662378788,0.058140625,0.14881482523164424,2153.5899551319926,0.034290349854297915
1,PAIRED_CORE,paired_core,jane_eyre_12_f000082,nan,4.0,0.492889404296875,0.07701259851455688,0.14390625,0.1577524648822638,1553.8405116086515,0.0054131167246013225
0,PAIRED_CORE,paired_core,jane_eyre_18_f000063,nan,4.0,0.207611083984375,0.026191094890236855,0.079796875,0.14276785574774606,2257.5487407916958,0.053847640089205805
1,PAIRED_CORE,paired_core,jane_eyre_18_f000063,nan,4.0,0.296295166015625,0.037684258073568344,0.160046875,0.16692448319504993,1999.8063991221702,0.020182114442925225
0,PAIRED_CORE,paired_core,dorothy_and_wizard_oz_09_f000102,nan,4.0,0.58184814453125,0.06979124248027802,0.28478125,0.10775168362005656,1491.3721627550854,0.002575415936399043
1,PAIRED_CORE,paired_core,dorothy_and_wizard_oz_09_f000102,nan,4.0,0.6356201171875,0.0870208665728569,0.31675,0.12068938577165268,1206.3347976815853,0.0012655976979883586
0,PAIRED_CORE,paired_core,dorothy_and_wizard_oz_14_f000119,nan,4.0,0.33642578125,0.037317436188459396,0.204515625,0.15514304911014234,1686.4859029988354,0.005281446568791683
1,PAIRED_CORE,paired_core,dorothy_and_wizard_oz_14_f000119,nan,4.0,0.1558837890625,0.016330542042851448,0.07453125,0.07123548805450085,2640.452749221601,0.09308561415632022
0,PAIRED_CORE,paired_core,emerald_city_of_oz_08_f000059,nan,4.0,0.55364990234375,0.10298437625169754,0.119046875,0.13272082376287128,1315.9247744302065,0.0009291720011208462
1,PAIRED_CORE,paired_core,emerald_city_of_oz_08_f000059,nan,4.0,0.2589111328125,0.046256229281425476,0.2150625,0.13195518679979373,1603.979413400938,0.00566594009169893
0,PAIRED_CORE,paired_core,emerald_city_of_oz_08_f000073,nan,4.0,0.690887451171875,0.09633101522922516,0.07415625,0.11857997781215332,1548.4128502747815,0.006061752273678713
1,PAIRED_CORE,paired_core,emerald_city_of_oz_08_f000073,nan,4.0,0.95001220703125,0.10935568064451218,0.172453125,0.1447522617540899,1790.609652033585,0.011191972555197778
0,PAIRED_CORE,paired_core,jane_eyre_01_f000039,nan,4.0,0.363250732421875,0.0309761893004179,0.0725,0.11136111501742214,1985.8771348044347,0.0334363780686257
1,PAIRED_CORE,paired_core,jane_eyre_01_f000039,nan,4.0,0.242218017578125,0.04374769330024719,0.251171875,0.09572024562883795,1607.576998185093,0.0054596340741051835
0,PAIRED_CORE,paired_core,jane_eyre_02_f000105,nan,4.0,0.362060546875,0.0400833822786808,0.22403125,0.1516273691776434,1957.9206303817957,0.019776074540197666
1,PAIRED_CORE,paired_core,jane_eyre_02_f000105,nan,4.0,0.440338134765625,0.06287706643342972,0.346328125,0.18917483085673215,1711.3144676276117,0.005618196964344035
0,PAIRED_CORE,paired_core,jane_eyre_08_f000060,nan,4.0,0.1749267578125,0.016581766307353973,0.71209375,0.05328208253253957,2263.4478359545806,0.06323588385715954
1,PAIRED_CORE,paired_core,jane_eyre_08_f000060,nan,4.0,0.314117431640625,0.01795141026377678,0.813984375,0.07489179518429975,2122.8286277044203,0.049081865644903355
0,PAIRED_CORE,paired_core,jane_eyre_12_f000078,nan,4.0,0.331695556640625,0.043619006872177124,0.05825,0.09314208034500539,1485.3022353586339,0.0031239688795721837
1,PAIRED_CORE,paired_core,jane_eyre_12_f000078,nan,4.0,0.6002197265625,0.07797837257385254,0.240859375,0.10492351442991296,1319.7903308633568,0.0012580073841152136
0,PAIRED_CORE,paired_core,jane_eyre_17_f000177,nan,4.0,0.362762451171875,0.044337399303913116,0.053890625,0.16139314676791824,2020.3935688288846,0.017396745497711082
1,PAIRED_CORE,paired_core,jane_eyre_17_f000177,nan,4.0,0.35906982421875,0.029649576172232628,0.27340625,0.15464304129752027,2365.188493274407,0.08576973353370061
0,PAIRED_CORE,paired_core,jane_eyre_17_f000379,nan,4.0,0.453704833984375,0.08286313712596893,0.05575,0.1182205971968312,1438.5558139807358,0.0019838513016371
1,PAIRED_CORE,paired_core,jane_eyre_17_f000379,nan,4.0,0.471893310546875,0.05298801138997078,0.3745,0.10557977468397944,1772.0845015490581,0.016250135083466427
0,PAIRED_CORE,paired_core,dorothy_and_wizard_oz_02_f000150,nan,4.0,0.379669189453125,0.028005260974168777,0.727546875,0.047125736339630304,1531.0461996224635,0.0029378015350338144
1,PAIRED_CORE,paired_core,dorothy_and_wizard_oz_02_f000150,nan,4.0,0.598480224609375,0.05658693611621857,0.552515625,0.0668916701823466,1077.48532046007,0.0006957915397693837
0,PAIRED_CORE,paired_core,dorothy_and_wizard_oz_03_f000008,nan,4.0,0.358612060546875,0.04189281910657883,0.103890625,0.1906904795387428,1815.1491197670512,0.013406206677153759
1,PAIRED_CORE,paired_core,dorothy_and_wizard_oz_03_f000008,nan,4.0,0.417236328125,0.057727016508579254,0.254390625,0.1996124939452179,1743.3519565638787,0.010375375453781173
0,PAIRED_CORE,paired_core,dorothy_and_wizard_oz_07_f000046,nan,4.0,0.478790283203125,0.05751542001962662,0.170703125,0.19239363115048672,1578.6954433626572,0.00615554258877384
1,PAIRED_CORE,paired_core,dorothy_and_wizard_oz_07_f000046,nan,4.0,0.207794189453125,0.018839038908481598,0.45565625,0.20297192143627243,1548.2089969451783,0.005651652362550428
0,PAIRED_CORE,paired_core,emerald_city_of_oz_05_f000014,nan,4.0,0.349822998046875,0.07941579073667526,0.10540625,0.17289332645822592,1406.086854898572,0.0018784239096322447
1,PAIRED_CORE,paired_core,emerald_city_of_oz_05_f000014,nan,4.0,0.22174072265625,0.03395223990082741,0.131609375,0.1623931623931624,1903.8070493079301,0.013253236449999591
0,PAIRED_CORE,paired_core,emerald_city_of_oz_07_f000058,nan,4.0,0.473907470703125,0.06175437197089195,0.10821875,0.1778777793403022,1647.4732332917172,0.007637136103702529
1,PAIRED_CORE,paired_core,emerald_city_of_oz_07_f000058,nan,4.0,0.256072998046875,0.043348606675863266,0.21853125,0.20548758574352724,1391.2795740783176,0.002309993273118924
0,PAIRED_CORE,paired_core,emerald_city_of_oz_19_f000084,nan,4.0,0.464630126953125,0.06095048785209656,0.182234375,0.130720792512383,1270.3732269178313,0.002160314890978915
1,PAIRED_CORE,paired_core,emerald_city_of_oz_19_f000084,nan,4.0,0.301910400390625,0.05427093058824539,0.141078125,0.1157049328895764,1177.7449925867504,0.00044187012350316914
0,PAIRED_CORE,paired_core,emerald_city_of_oz_24_f000069,nan,4.0,0.689239501953125,0.07645171880722046,0.169046875,0.17703401615650244,1695.2899012694745,0.007732872202063025
1,PAIRED_CORE,paired_core,emerald_city_of_oz_24_f000069,nan,4.0,0.39544677734375,0.048423830419778824,0.158484375,0.13701776590259224,1195.790994683382,0.003522763354030359
0,PAIRED_CORE,paired_core,emerald_city_of_oz_29_f000003,nan,4.0,0.5423583984375,0.07460711151361465,0.0713125,0.1497367146361662,1465.428943976321,0.0018853888025342628
1,PAIRED_CORE,paired_core,emerald_city_of_oz_29_f000003,nan,4.0,0.304718017578125,0.034496668726205826,0.108515625,0.1658150908607947,1785.6378492419722,0.011295338357724605
0,PAIRED_CORE,paired_core,hunters_space_05_f000074,nan,4.0,0.396148681640625,0.05468805879354477,0.138375,0.12145502273473023,1592.2504112736658,0.006285454044431843
1,PAIRED_CORE,paired_core,hunters_space_05_f000074,nan,4.0,0.2513427734375,0.03477911278605461,0.055578125,0.08739199049985157,1756.7340168428286,0.008056850022913231
0,PAIRED_CORE,paired_core,hunters_space_17_f000018,nan,4.0,0.4100341796875,0.030944863334298134,0.71678125,0.04603196924951952,2026.4200351426728,0.026690285858383216
1,PAIRED_CORE,paired_core,hunters_space_17_f000018,nan,4.0,0.363037109375,0.03972731530666351,0.396140625,0.10770480788762324,1231.3987914617044,0.0026895215729333378
0,PAIRED_CORE,paired_core,dorothy_and_wizard_oz_02_f000014,nan,4.0,0.314605712890625,0.037403855472803116,0.15384375,0.17461210331411428,1789.2713294559087,0.009950161546927093
1,PAIRED_CORE,paired_core,dorothy_and_wizard_oz_02_f000014,nan,4.0,0.1702880859375,0.029314154759049416,0.147109375,0.12987702932858325,1443.3706043543757,0.004957331086364219
0,PAIRED_CORE,paired_core,dorothy_and_wizard_oz_06_f000021,nan,4.0,0.443084716796875,0.06380368024110794,0.18084375,0.1994562415037735,2018.577964537459,0.01625968338580532
1,PAIRED_CORE,paired_core,dorothy_and_wizard_oz_06_f000021,nan,4.0,0.201690673828125,0.036353278905153275,0.291375,0.1721433147392928,1501.055401704207,0.005930430625324014
0,PAIRED_CORE,paired_core,dorothy_and_wizard_oz_08_f000005,nan,4.0,0.46490478515625,0.06635244190692902,0.203265625,0.12567383865372897,1363.8305158089995,0.0020095755264218935
1,PAIRED_CORE,paired_core,dorothy_and_wizard_oz_08_f000005,nan,4.0,0.43927001953125,0.08781290054321289,0.089609375,0.1259550930483289,1341.7718579129037,0.003792742114177916
0,PAIRED_CORE,paired_core,dorothy_and_wizard_oz_11_f000081,nan,4.0,0.406646728515625,0.04832969233393669,0.1495625,0.14997109329833277,1569.709165822352,0.004608101388459313
1,PAIRED_CORE,paired_core,dorothy_and_wizard_oz_11_f000081,nan,4.0,0.436126708984375,0.05484447255730629,0.115703125,0.14929920780012187,1867.5804664755624,0.01716379820940208
0,PAIRED_CORE,paired_core,emerald_city_of_oz_05_f000024,nan,4.0,0.468597412109375,0.06317691504955292,0.198953125,0.21445647588243566,1400.6427568601514,0.004003496161886174
1,PAIRED_CORE,paired_core,emerald_city_of_oz_05_f000024,nan,4.0,0.27667236328125,0.03976685553789139,0.247078125,0.1483304426631666,2156.4651786200748,0.05145356125517985
0,PAIRED_CORE,paired_core,emerald_city_of_oz_05_f000091,nan,4.0,0.5491943359375,0.07430526614189148,0.18575,0.13273644900701573,1444.596390012199,0.0023500093005239114
1,PAIRED_CORE,paired_core,emerald_city_of_oz_05_f000091,nan,4.0,0.614959716796875,0.05474959686398506,0.302890625,0.1582993484273192,1562.733247913823,0.0023503678088159607
0,PAIRED_CORE,paired_core,emerald_city_of_oz_12_f000089,nan,4.0,0.662109375,0.07768130302429199,0.273875,0.1404240691260801,1635.619178197226,0.003918314982772283
1,PAIRED_CORE,paired_core,emerald_city_of_oz_12_f000089,nan,4.0,0.31915283203125,0.029922442510724068,0.121609375,0.08684510695479616,1980.3356687683327,0.020941151230144
0,PAIRED_CORE,paired_core,hunters_space_06_f000014,nan,4.0,0.431884765625,0.039233025163412094,0.445078125,0.07221987843560056,2078.255323847109,0.042220656486979494
1,PAIRED_CORE,paired_core,hunters_space_06_f000014,nan,4.0,0.3656005859375,0.03618379309773445,0.403359375,0.11123611306426663,1452.4302023082414,0.002680821485342615
0,PAIRED_CORE,paired_core,hunters_space_08_f000081,nan,4.0,0.362518310546875,0.033561211079359055,0.457828125,0.10050157033703652,2202.1599357298282,0.04218392100841146
1,PAIRED_CORE,paired_core,hunters_space_08_f000081,nan,4.0,0.32135009765625,0.03748220205307007,0.3120625,0.14617415897123393,1923.0978323728423,0.009882398284267237
0,PAIRED_CORE,paired_core,hunters_space_12_f000017,nan,4.0,0.415618896484375,0.045035380870103836,0.243703125,0.10859544680385631,2159.0210248272288,0.0437133882757975
1,PAIRED_CORE,paired_core,hunters_space_12_f000017,nan,4.0,0.542144775390625,0.06181374192237854,0.211203125,0.13106454788356067,1346.971066046481,0.004920953947346374
0,PAIRED_CORE,paired_core,dorothy_and_wizard_oz_09_f000114,nan,4.0,0.626251220703125,0.06412839889526367,0.14271875,0.17023703495367115,1497.1129912438637,0.003313326600056076
1,PAIRED_CORE,paired_core,dorothy_and_wizard_oz_09_f000114,nan,4.0,0.3192138671875,0.053789831697940826,0.034,0.09048578884045064,1456.7112877123545,0.002233860914744639
0,PAIRED_CORE,paired_core,dorothy_and_wizard_oz_12_f000128,nan,4.0,0.330718994140625,0.0392640084028244,0.20634375,0.16150252347692934,1531.9992316278608,0.004574689531983189
1,PAIRED_CORE,paired_core,dorothy_and_wizard_oz_12_f000128,nan,4.0,0.30316162109375,0.0419314019382,0.033796875,0.058297785902904735,1185.5016626765027,0.00135370369637818
0,PAIRED_CORE,paired_core,dorothy_and_wizard_oz_14_f000082,nan,4.0,0.499114990234375,0.04608719050884247,0.113375,0.15976812137689653,1570.9577916132669,0.0036385519978374766
1,PAIRED_CORE,paired_core,dorothy_and_wizard_oz_14_f000082,nan,4.0,0.35791015625,0.07371079176664352,0.121734375,0.12370505789152955,1280.105475803007,0.002928251020341974
0,PAIRED_CORE,paired_core,dorothy_and_wizard_oz_15_f000058,nan,4.0,0.488067626953125,0.04555538296699524,0.256875,0.15728370755793059,1733.9968187917582,0.008263987912702837
1,PAIRED_CORE,paired_core,dorothy_and_wizard_oz_15_f000058,nan,4.0,0.33172607421875,0.04251141846179962,0.215359375,0.17570587040422506,1762.3512871440435,0.018497540837331534
0,PAIRED_CORE,paired_core,emerald_city_of_oz_11_f000090,nan,4.0,0.548980712890625,0.08216729760169983,0.246203125,0.16440881888779513,1488.0048035765756,0.0034584302626355424
1,PAIRED_CORE,paired_core,emerald_city_of_oz_11_f000090,nan,4.0,0.293304443359375,0.04550318792462349,0.224578125,0.19040922514414288,1720.9584986749774,0.014610699233227517
0,PAIRED_CORE,paired_core,hunters_space_01_f000007,nan,4.0,0.547454833984375,0.05784010887145996,0.1213125,0.0769543274113658,1408.5244549458375,0.005622591225836202
1,PAIRED_CORE,paired_core,hunters_space_01_f000007,nan,4.0,0.310699462890625,0.06010745093226433,0.118984375,0.11476741824091001,1532.6225797575798,0.006591941243509955
0,PAIRED_CORE,paired_core,jane_eyre_02_f000039,nan,4.0,0.514617919921875,0.043676864355802536,0.066796875,0.13392396756199315,1651.5965161664499,0.012730662244636187
1,PAIRED_CORE,paired_core,jane_eyre_02_f000039,nan,4.0,0.326385498046875,0.044918492436409,0.229734375,0.14504914139283426,1534.748061436422,0.0030292565407753075
0,PAIRED_CORE,paired_core,jane_eyre_05_f000057,nan,4.0,0.438873291015625,0.041019998490810394,0.03934375,0.08795449928905139,1918.0293788304675,0.019103464164747033
1,PAIRED_CORE,paired_core,jane_eyre_05_f000057,nan,4.0,0.41119384765625,0.0487557090818882,0.193171875,0.14851794559289988,1220.4590485666108,0.001325426380740374
0,PAIRED_CORE,paired_core,jane_eyre_05_f000180,nan,4.0,0.357025146484375,0.05002677068114281,0.0339375,0.11564243191299864,1835.1986234950716,0.010074600939255232
1,PAIRED_CORE,paired_core,jane_eyre_05_f000180,nan,4.0,0.445465087890625,0.05523430556058884,0.23,0.19354989921717528,1594.1559414722128,0.013204586037819006
0,PAIRED_CORE,paired_core,jane_eyre_09_f000110,nan,4.0,0.24456787109375,0.0260754507035017,0.47196875,0.09437647463241614,2225.7384106446384,0.04967437607522046
1,PAIRED_CORE,paired_core,jane_eyre_09_f000110,nan,4.0,0.416748046875,0.0528121292591095,0.06371875,0.10726730105157893,1350.4526117972798,0.0024407711152363283
0,PAIRED_CORE,paired_core,dorothy_and_wizard_oz_11_f000097,nan,4.0,0.62835693359375,0.05319053679704666,0.18965625,0.12890826419162799,1401.8645236345253,0.0023305298329336778
1,PAIRED_CORE,paired_core,dorothy_and_wizard_oz_11_f000097,nan,4.0,0.62359619140625,0.08306761085987091,0.3288125,0.15506492288942014,1844.5729574534491,0.013127457200936598
0,PAIRED_CORE,paired_core,dorothy_and_wizard_oz_18_f000005,nan,4.0,0.547393798828125,0.0649857297539711,0.167046875,0.18644041313145518,1773.3693359483043,0.01221161374255806
1,PAIRED_CORE,paired_core,dorothy_and_wizard_oz_18_f000005,nan,4.0,0.63641357421875,0.056179579347372055,0.426859375,0.17526836356818076,2212.4519004828694,0.033675408803315765
0,PAIRED_CORE,paired_core,emerald_city_of_oz_07_f000035,nan,4.0,0.605865478515625,0.06678462773561478,0.17753125,0.1478929358271223,1316.488890357707,0.0016733542240842357
1,PAIRED_CORE,paired_core,emerald_city_of_oz_07_f000035,nan,4.0,0.293365478515625,0.025236614048480988,0.160625,0.19453428959827498,2215.322819091578,0.029025095382925747
0,PAIRED_CORE,paired_core,emerald_city_of_oz_07_f000038,nan,4.0,0.52081298828125,0.06011344864964485,0.22721875,0.1711589243581931,1373.0944817824427,0.0014395597976804282
1,PAIRED_CORE,paired_core,emerald_city_of_oz_07_f000038,nan,4.0,0.358184814453125,0.03526654839515686,0.426921875,0.13168955764933826,1439.5534348967897,0.005127351125389786
0,PAIRED_CORE,paired_core,emerald_city_of_oz_07_f000053,nan,4.0,0.405975341796875,0.06429602950811386,0.26815625,0.12717386209159517,1522.5261709128267,0.003214700702619214
1,PAIRED_CORE,paired_core,emerald_city_of_oz_07_f000053,nan,4.0,0.626678466796875,0.2857710123062134,0.00178125,0.01984406006343849,1063.6412973030529,0.0002392902266628475
0,PAIRED_CORE,paired_core,emerald_city_of_oz_17_f000017,nan,4.0,0.40631103515625,0.082414910197258,0.0858125,0.15395553055516492,1472.4764654745816,0.0048023585893151866
1,PAIRED_CORE,paired_core,emerald_city_of_oz_17_f000017,nan,4.0,0.41070556640625,0.04396451637148857,0.170765625,0.13709589212331444,2623.914914080483,0.0909973185216063
0,PAIRED_CORE,paired_core,hunters_space_04_f000021,nan,4.0,0.38323974609375,0.042558617889881134,0.176171875,0.13301770340161564,2278.110467899626,0.05135507835813862
1,PAIRED_CORE,paired_core,hunters_space_04_f000021,nan,4.0,0.488525390625,0.04510028660297394,0.441609375,0.20478444975702745,2399.2045524996915,0.03592131447732783
0,PAIRED_CORE,paired_core,hunters_space_06_f000036,nan,4.0,0.73974609375,0.07541496306657791,0.133984375,0.12643947561680652,1722.8389667300453,0.012901533301893937
1,PAIRED_CORE,paired_core,hunters_space_06_f000036,nan,4.0,0.223907470703125,0.021758364513516426,0.51353125,0.30448913264269756,1760.5763410761797,0.010405948754635536
0,PAIRED_CORE,paired_core,hunters_space_08_f000103,nan,4.0,0.57196044921875,0.050783056765794754,0.1270625,0.13475210550164846,1829.2629028249048,0.020108704086569458
1,PAIRED_CORE,paired_core,hunters_space_08_f000103,nan,4.0,0.5921630859375,0.09633171558380127,0.148046875,0.13742402225034767,1994.8825750687058,0.011562256483094531
0,PAIRED_CORE,paired_core,hunters_space_10_f000106,nan,4.0,0.417877197265625,0.051332611590623856,0.11659375,0.1170799543742871,2272.764241540876,0.03643857594499056
1,PAIRED_CORE,paired_core,hunters_space_10_f000106,nan,4.0,0.733154296875,0.0638653114438057,0.407671875,0.215143986624791,1833.0638561075834,0.011072168616621397
0,PAIRED_CORE,paired_core,dorothy_and_wizard_oz_09_f000123,nan,4.0,0.429931640625,0.0672428086400032,0.170515625,0.11343927248863263,1281.5402383670837,0.0008738192867706598
1,PAIRED_CORE,paired_core,dorothy_and_wizard_oz_09_f000123,nan,4.0,0.496795654296875,0.08114397525787354,0.4366875,0.13815840872513632,1790.7763121759226,0.011362509722151293
0,PAIRED_CORE,paired_core,emerald_city_of_oz_07_f000047,nan,4.0,0.673736572265625,0.07743505388498306,0.217046875,0.11068922951921124,1466.6860816155104,0.0023160472486049148
1,PAIRED_CORE,paired_core,emerald_city_of_oz_07_f000047,nan,4.0,0.42095947265625,0.08365296572446823,0.427796875,0.08837638088095126,1497.5600840130287,0.004313655868533178
0,PAIRED_CORE,paired_core,emerald_city_of_oz_09_f000074,nan,4.0,0.552490234375,0.08892563730478287,0.16809375,0.14218972171440178,1316.9022780364533,0.0022420280470110718
1,PAIRED_CORE,paired_core,emerald_city_of_oz_09_f000074,nan,4.0,0.607208251953125,0.06341046839952469,0.428203125,0.14359599368740136,1897.518454068067,0.01923709778504055
0,PAIRED_CORE,paired_core,emerald_city_of_oz_11_f000043,nan,4.0,0.51007080078125,0.07840923964977264,0.199203125,0.10256410256410256,1339.6527787868831,0.0013893810177390935
1,PAIRED_CORE,paired_core,emerald_city_of_oz_11_f000043,nan,4.0,0.3984375,0.06995626538991928,0.483515625,0.0716886201346896,1480.6221592472111,0.0031506021374108897
0,PAIRED_CORE,paired_core,hunters_space_02_f000090,nan,4.0,0.438690185546875,0.05159829556941986,0.047421875,0.1138611540805325,2138.729095791997,0.031465888309765246
1,PAIRED_CORE,paired_core,hunters_space_02_f000090,nan,4.0,0.511932373046875,0.07623136043548584,0.3691875,0.1568462007218863,1915.5590174844097,0.0143563999015717
0,PAIRED_CORE,paired_core,hunters_space_07_f000081,nan,4.0,0.64373779296875,0.06950487196445465,0.2010625,0.09411084548196065,1587.969205990162,0.009774544213071355
1,PAIRED_CORE,paired_core,hunters_space_07_f000081,nan,4.0,0.581634521484375,0.07304023206233978,0.43125,0.1157830591102986,1789.0880857595866,0.014571647491017565
0,PAIRED_CORE,paired_core,hunters_space_18_f000024,nan,4.0,0.730224609375,0.05692431330680847,0.153984375,0.11939249050766418,1951.430999791581,0.027952179963533684
1,PAIRED_CORE,paired_core,hunters_space_18_f000024,nan,4.0,0.240142822265625,0.04631764814257622,0.462453125,0.08715761183768496,1542.6328878596842,0.0037561768096778005
0,PAIRED_CORE,paired_core,jane_eyre_04_f000253,nan,4.0,0.324127197265625,0.03873814642429352,0.055390625,0.11950186721667526,1842.1113548645335,0.013928658279339708
1,PAIRED_CORE,paired_core,jane_eyre_04_f000253,nan,4.0,0.26507568359375,0.03697519749403,0.343046875,0.12778324661322832,2296.9748346723736,0.04240954706689102
0,PAIRED_CORE,paired_core,jane_eyre_05_f000054,nan,4.0,0.313934326171875,0.0416785329580307,0.040875,0.12470507351677369,1665.9609493793262,0.011324634488445704
1,PAIRED_CORE,paired_core,jane_eyre_05_f000054,nan,4.0,0.551605224609375,0.0682186707854271,0.45134375,0.13434584915389303,2476.1091330486465,0.062422926832803774
0,PAIRED_CORE,paired_core,jane_eyre_05_f000097,nan,4.0,0.53765869140625,0.06711677461862564,0.26646875,0.08950139845935093,1530.2338155227947,0.0068347507878399084
1,PAIRED_CORE,paired_core,jane_eyre_05_f000097,nan,4.0,0.517333984375,0.06272927671670914,0.567125,0.09600150002343787,1080.0358488410936,0.0010149672818512753
0,PAIRED_CORE,paired_core,dorothy_and_wizard_oz_06_f000040,nan,4.0,0.41864013671875,0.0571264810860157,0.1933125,0.20155002421912843,1521.6930029079329,0.003562480922525179
1,PAIRED_CORE,paired_core,dorothy_and_wizard_oz_06_f000040,nan,4.0,0.308349609375,0.03355071693658829,0.28890625,0.18140908451694557,1736.893930822323,0.010529438847332871
0,PAIRED_CORE,paired_core,dorothy_and_wizard_oz_12_f000027,nan,4.0,0.36065673828125,0.05465144291520119,0.16775,0.1679401240644385,1403.5307417618087,0.003664046071842223
1,PAIRED_CORE,paired_core,dorothy_and_wizard_oz_12_f000027,nan,4.0,0.483856201171875,0.04926031455397606,0.29971875,0.19519054985234144,2121.835019618875,0.038389182846821954
0,PAIRED_CORE,paired_core,emerald_city_of_oz_09_f000109,nan,4.0,0.684722900390625,0.09046877920627594,0.17503125,0.11737683401303145,1353.7561528681251,0.0008560186910839196
1,PAIRED_CORE,paired_core,emerald_city_of_oz_09_f000109,nan,4.0,0.6680908203125,0.08493167906999588,0.063140625,0.10172033938030282,1660.0272874342857,0.008643055410447313
0,PAIRED_CORE,paired_core,emerald_city_of_oz_10_f000117,nan,4.0,0.69464111328125,0.08148262649774551,0.207484375,0.17094017094017094,1467.977651293836,0.0038202942033185587
1,PAIRED_CORE,paired_core,emerald_city_of_oz_10_f000117,nan,4.0,0.33111572265625,0.039295461028814316,0.07728125,0.2703010984546634,2566.981839283685,0.05131266961674489
0,PAIRED_CORE,paired_core,emerald_city_of_oz_12_f000086,nan,4.0,0.69427490234375,0.08022966980934143,0.14359375,0.16678385599774997,1375.8837722025878,0.001172357041722816
1,PAIRED_CORE,paired_core,emerald_city_of_oz_12_f000086,nan,4.0,0.949981689453125,0.12831321358680725,0.113203125,0.12175190237347458,1323.4931763654563,0.002187347830572663
0,PAIRED_CORE,paired_core,emerald_city_of_oz_22_f000076,nan,4.0,0.46783447265625,0.0653994008898735,0.09459375,0.13276769949530462,1486.2747763996397,0.00344059770951295
1,PAIRED_CORE,paired_core,emerald_city_of_oz_22_f000076,nan,4.0,0.949981689453125,0.1534326672554016,0.06134375,0.11470491726433225,1491.5600654422033,0.005112456852864559
0,PAIRED_CORE,paired_core,emerald_city_of_oz_29_f000057,nan,4.0,0.413177490234375,0.06512424349784851,0.216171875,0.17401834403662558,1509.4687705624551,0.0026188485573389736
1,PAIRED_CORE,paired_core,emerald_city_of_oz_29_f000057,nan,4.0,0.95001220703125,0.133870467543602,0.292125,0.09353271144861638,1292.3248264711392,0.0019287062566446457
0,PAIRED_CORE,paired_core,hunters_space_02_f000038,nan,4.0,0.4002685546875,0.04550732299685478,0.175578125,0.11176737136517759,2534.7896058167094,0.07488450828685995
1,PAIRED_CORE,paired_core,hunters_space_02_f000038,nan,4.0,0.51678466796875,0.05986092984676361,0.149671875,0.139283426303536,1597.2915937578366,0.011277456363218178
0,PAIRED_CORE,paired_core,hunters_space_12_f000054,nan,4.0,0.816558837890625,0.08872859179973602,0.210953125,0.15098673416772138,1855.9690422504993,0.013092327260794397
1,PAIRED_CORE,paired_core,hunters_space_12_f000054,nan,4.0,0.928802490234375,0.18100802600383759,0.069859375,0.109970468288567,1249.9527051378418,0.003351797438834073
0,PAIRED_CORE,paired_core,jane_eyre_01_f000012,nan,4.0,0.27874755859375,0.03217652440071106,0.37840625,0.09397021828466069,2088.0459625913386,0.02678839584330565
1,PAIRED_CORE,paired_core,jane_eyre_01_f000012,nan,4.0,0.443817138671875,0.052158694714307785,0.492125,0.12792387381052828,3562.5768172371245,0.26939056567267394
0,PAIRED_CORE,paired_core,dorothy_and_wizard_oz_03_f000061,nan,4.0,0.62774658203125,0.06769857555627823,0.188203125,0.15243988187315427,1505.9648332061608,0.002666922464501489
1,PAIRED_CORE,paired_core,dorothy_and_wizard_oz_03_f000061,nan,4.0,0.3917236328125,0.06598970293998718,0.0803125,0.10704854763355677,1534.9381705383462,0.006241535821823415
0,PAIRED_CORE,paired_core,dorothy_and_wizard_oz_11_f000069,nan,4.0,0.34033203125,0.04968196898698807,0.15153125,0.11759558743105361,1384.252781581941,0.0017165647940632954
1,PAIRED_CORE,paired_core,dorothy_and_wizard_oz_11_f000069,nan,4.0,0.615386962890625,0.09499596804380417,0.0391875,0.060782199721870656,1240.9230422995718,0.0014659866083455181
0,PAIRED_CORE,paired_core,emerald_city_of_oz_10_f000012,nan,4.0,0.736328125,0.07545202225446701,0.06246875,0.15058047781996595,1525.9190423792386,0.003907499108319903
1,PAIRED_CORE,paired_core,emerald_city_of_oz_10_f000012,nan,4.0,0.39300537109375,0.032609425485134125,0.220375,0.15337739652182064,1724.5475241460178,0.024988556260849167
0,PAIRED_CORE,paired_core,emerald_city_of_oz_10_f000046,nan,4.0,0.434722900390625,0.07160062342882156,0.157765625,0.15190862357224333,1467.3007135564292,0.0034710478694796256
1,PAIRED_CORE,paired_core,emerald_city_of_oz_10_f000046,nan,4.0,0.337646484375,0.05266261845827103,0.206859375,0.1254082095032735,1099.0018364289367,0.0018394227611648526
0,PAIRED_CORE,paired_core,emerald_city_of_oz_10_f000072,nan,4.0,0.60711669921875,0.05432572588324547,0.701359375,0.03268801075016797,1400.2213153322557,0.001634967080578039
1,PAIRED_CORE,paired_core,emerald_city_of_oz_10_f000072,nan,4.0,0.731414794921875,0.06366652995347977,0.67565625,0.019640931889560776,1034.00574656353,0.0003022756612064788
0,PAIRED_CORE,paired_core,emerald_city_of_oz_14_f000041,nan,4.0,0.64971923828125,0.0669366866350174,0.25534375,0.15006484476319942,1495.347413463546,0.0029809197669197532
1,PAIRED_CORE,paired_core,emerald_city_of_oz_14_f000041,nan,4.0,0.42315673828125,0.052011873573064804,0.14403125,0.15918998734355225,1503.8163307054801,0.003993019772014769
0,PAIRED_CORE,paired_core,emerald_city_of_oz_23_f000030,nan,4.0,0.384185791015625,0.05651545524597168,0.241390625,0.1339083423178487,1289.0605548550657,0.001717172930715154
1,PAIRED_CORE,paired_core,emerald_city_of_oz_23_f000030,nan,4.0,0.60015869140625,0.0961577445268631,0.036609375,0.0646885107579806,1017.381714553269,0.001102692638804249
0,PAIRED_CORE,paired_core,emerald_city_of_oz_29_f000051,nan,4.0,0.355072021484375,0.060290947556495667,0.179796875,0.15070547977312146,1658.7535023631303,0.007100136993783908
1,PAIRED_CORE,paired_core,emerald_city_of_oz_29_f000051,nan,4.0,0.557373046875,0.09278973937034607,0.031671875,0.10051719558118095,2611.624785296711,0.07159916845292882
0,PAIRED_CORE,paired_core,jane_eyre_03_f000165,nan,4.0,0.334808349609375,0.03834090009331703,0.0398125,0.0956577446522602,1941.8876236806734,0.018978406863392455
1,PAIRED_CORE,paired_core,jane_eyre_03_f000165,nan,4.0,0.50390625,0.10206860303878784,0.035046875,0.07721995656182128,1504.9207208621292,0.005237017374891011
0,PAIRED_CORE,paired_core,jane_eyre_03_f000179,nan,4.0,0.461517333984375,0.04656988009810448,0.045453125,0.11603306301660964,2025.108434582592,0.053579048204554475
1,PAIRED_CORE,paired_core,jane_eyre_03_f000179,nan,4.0,0.36114501953125,0.05923224613070488,0.061375,0.13204893826466038,1653.821211993066,0.0057490434311886895
0,PAIRED_CORE,paired_core,emerald_city_of_oz_06_f000048,nan,4.0,0.677215576171875,0.07550530880689621,0.309609375,0.1827997312458007,1590.88101621945,0.0032104804062095516
1,PAIRED_CORE,paired_core,emerald_city_of_oz_06_f000048,nan,4.0,0.513824462890625,0.07548483461141586,0.29409375,0.19767496367130735,1606.3578170357953,0.007517640831914464
0,PAIRED_CORE,paired_core,emerald_city_of_oz_12_f000118,nan,4.0,0.515625,0.06680090725421906,0.205625,0.16598696854638353,1629.7134011592523,0.006889900027706368
1,PAIRED_CORE,paired_core,emerald_city_of_oz_12_f000118,nan,4.0,0.5738525390625,0.09421471506357193,0.1885625,0.13023640994390537,2623.1155212605354,0.10796398154339118
0,PAIRED_CORE,paired_core,emerald_city_of_oz_19_f000080,nan,4.0,0.40765380859375,0.058939944952726364,0.213109375,0.19019047172612072,1799.986636698428,0.005100549833607153
1,PAIRED_CORE,paired_core,emerald_city_of_oz_19_f000080,nan,4.0,0.546905517578125,0.08097297698259354,0.12965625,0.16556508695448366,2617.2097942317564,0.08331243704677804
0,PAIRED_CORE,paired_core,emerald_city_of_oz_23_f000060,nan,4.0,0.420074462890625,0.06513728201389313,0.146703125,0.1804403193799903,1471.8788206654372,0.003238654119127933
1,PAIRED_CORE,paired_core,emerald_city_of_oz_23_f000060,nan,4.0,0.595947265625,0.07282626628875732,0.1969375,0.15090860794699917,1899.0685296370718,0.02007783476433956
0,PAIRED_CORE,paired_core,hunters_space_13_f000101,nan,4.0,0.404876708984375,0.033198751509189606,0.338046875,0.16562758793106142,1795.936485204885,0.01509983037244339
1,PAIRED_CORE,paired_core,hunters_space_13_f000101,nan,4.0,0.584808349609375,0.06534586101770401,0.2701875,0.23775371490179534,1637.0210514327705,0.007578785529201079
0,PAIRED_CORE,paired_core,jane_eyre_02_f000096,nan,4.0,0.341705322265625,0.03619559854269028,0.052140625,0.1364552571133924,2113.5016411090737,0.02989117922448786
1,PAIRED_CORE,paired_core,jane_eyre_02_f000096,nan,4.0,0.478057861328125,0.09603966772556305,0.056046875,0.09895467116673698,1520.6687599236523,0.007202587926472016
0,PAIRED_CORE,paired_core,jane_eyre_04_f000070,nan,4.0,0.320526123046875,0.03931979462504387,0.045984375,0.11093923342552227,1834.727305329581,0.013875250237782421
1,PAIRED_CORE,paired_core,jane_eyre_04_f000070,nan,4.0,0.52301025390625,0.07733865082263947,0.085875,0.1472679260613447,2064.4252534927764,0.030968091248978
0,PAIRED_CORE,paired_core,jane_eyre_08_f000086,nan,4.0,0.1873779296875,0.028349291533231735,0.10059375,0.10557977468397944,2065.55194643123,0.035312427870492144
1,PAIRED_CORE,paired_core,jane_eyre_08_f000086,nan,4.0,0.62237548828125,0.09655968844890594,0.122421875,0.16081501273457396,2234.8833699029033,0.03796200941601456
0,PAIRED_CORE,paired_core,jane_eyre_12_f000050,nan,4.0,0.25830078125,0.02990015223622322,0.076765625,0.16284629447335114,2092.63424125615,0.0346192497251024
1,PAIRED_CORE,paired_core,jane_eyre_12_f000050,nan,4.0,0.57415771484375,0.07130615413188934,0.087859375,0.175205862591603,1586.6315666589153,0.002755423142107114
0,PAIRED_CORE,paired_core,jane_eyre_12_f000061,nan,4.0,0.344390869140625,0.030072258785367012,0.464640625,0.0732198940608447,2197.1136439123734,0.03762197489417184
1,PAIRED_CORE,paired_core,jane_eyre_12_f000061,nan,4.0,0.630889892578125,0.09625159204006195,0.451859375,0.23348802325036327,1902.0092120499105,0.021054292821976302
0,PAIRED_CORE,paired_core,dfadd::p236_274,nan,4.0,0.484130859375,0.04586026445031166,0.473640625,0.03673494898357787,1704.7237659885295,0.013654692872302997
1,PAIRED_CORE,paired_core,dfadd::p236_274,nan,4.0,0.949981689453125,0.10697408765554428,0.248109375,0.08851700807825122,1510.4538867863541,0.0035637479140438826
0,PAIRED_CORE,paired_core,dfadd::p316_017,nan,4.0,0.17596435546875,0.02561233378946781,0.18903125,0.08679823122236285,1940.3695546721617,0.028094609373604786
1,PAIRED_CORE,paired_core,dfadd::p316_017,nan,4.0,0.91864013671875,0.08081504702568054,0.538765625,0.05951655494617104,2592.7756981266116,0.08106118400376641
0,PAIRED_CORE,paired_core,dfadd::p278_282,nan,4.0,0.256378173828125,0.034447409212589264,0.374734375,0.04190690479538743,1673.3422779546645,0.01177602611303728
1,PAIRED_CORE,paired_core,dfadd::p278_282,nan,4.0,0.8734130859375,0.08986814320087433,0.283640625,0.08392318629978593,1729.027374849911,0.020104827158259123
0,PAIRED_CORE,paired_core,dfadd::p376_127,nan,4.0,0.27691650390625,0.029348302632570267,0.51853125,0.007984499757808716,710.0061760766283,5.564002178801177e-05
1,PAIRED_CORE,paired_core,dfadd::p376_127,nan,4.0,0.949981689453125,0.08965859562158585,0.287453125,0.06270410475163675,1383.1296953688873,0.005657035918494803
0,PAIRED_CORE,paired_core,dfadd::p318_006,nan,4.0,0.389923095703125,0.0730089545249939,0.045015625,0.11901748464819763,1513.1927500574266,0.00425739972690818
1,PAIRED_CORE,paired_core,dfadd::p318_006,nan,4.0,0.949981689453125,0.11655353009700775,0.156109375,0.13204893826466038,2105.1617635823436,0.027694802610218613
0,PAIRED_CORE,paired_core,dfadd::p272_019,nan,4.0,0.407379150390625,0.06701968610286713,0.044578125,0.12001750027344177,1354.8281763232562,0.004203565345696383
1,PAIRED_CORE,paired_core,dfadd::p272_019,nan,4.0,0.90869140625,0.1389482021331787,0.282125,0.06986046656979016,1456.5963912938278,0.007589238333494794
0,PAIRED_CORE,paired_core,dfadd::p306_052,nan,4.0,0.210296630859375,0.025035694241523743,0.38096875,0.03998499976562134,1453.7389871637329,0.0022656327636068354
1,PAIRED_CORE,paired_core,dfadd::p306_052,nan,4.0,0.9127197265625,0.10109277069568634,0.281265625,0.0627666057282145,1466.8961078722998,0.004153882019109421
0,PAIRED_CORE,paired_core,dfadd::p239_081,nan,4.0,0.478759765625,0.05084243044257164,0.197203125,0.08392318629978593,2303.7112398610034,0.033579829232232405
1,PAIRED_CORE,paired_core,dfadd::p239_081,nan,4.0,0.901519775390625,0.09943767637014389,0.152640625,0.11398615603368803,2022.8730354934091,0.019296361364441305
0,PAIRED_CORE,paired_core,dfadd::p287_131,nan,4.0,0.435211181640625,0.0601612851023674,0.098109375,0.06961046266347912,1350.3160148196669,0.004264959093764879
1,PAIRED_CORE,paired_core,dfadd::p287_131,nan,4.0,0.88812255859375,0.08917108178138733,0.38309375,0.04428194190534227,1252.8113050997406,0.002267821769454772
0,PAIRED_CORE,paired_core,dfadd::p288_229,nan,4.0,0.66778564453125,0.06353410333395004,0.217296875,0.09557961843153799,1536.3229245607401,0.004112895214042105
1,PAIRED_CORE,paired_core,dfadd::p288_229,nan,4.0,0.949981689453125,0.09442908316850662,0.083953125,0.1268301067204175,1706.5841716114398,0.009414092585158271
0,PAIRED_CORE,paired_core,dfadd::p284_004,nan,4.0,0.55157470703125,0.06287814676761627,0.120171875,0.1464710386099783,2523.039774845344,0.08373271634809608
1,PAIRED_CORE,paired_core,dfadd::p284_004,nan,4.0,0.85968017578125,0.10568805783987045,0.15784375,0.11064235378677792,2163.7774347549116,0.03750370535017052
0,PAIRED_CORE,paired_core,dfadd::p360_099,nan,4.0,0.453094482421875,0.030150897800922394,0.30565625,0.08347005421959718,2415.42646102481,0.06135729707647574
1,PAIRED_CORE,paired_core,dfadd::p360_099,nan,4.0,0.949981689453125,0.1051136776804924,0.1806875,0.10195471804246942,2150.0293990977893,0.044734638740396536
0,PAIRED_CORE,paired_core,dfadd::p312_088,nan,4.0,0.431304931640625,0.05142345279455185,0.2358125,0.09073579274676166,1512.3352959708009,0.0043203451056410234
1,PAIRED_CORE,paired_core,dfadd::p312_088,nan,4.0,0.91717529296875,0.1219501718878746,0.039125,0.14959608743886624,1606.5638432934209,0.005344862228514732
0,PAIRED_CORE,paired_core,dfadd::p282_265,nan,4.0,0.6683349609375,0.05494121089577675,0.130359375,0.06259472804262567,1625.1079233869013,0.006294939011842998
1,PAIRED_CORE,paired_core,dfadd::p282_265,nan,4.0,0.888580322265625,0.09584947675466537,0.295828125,0.09492335817747152,1875.6193448107124,0.010940726811966004
0,PAIRED_CORE,paired_core,dfadd::p246_286,nan,4.0,0.79180908203125,0.06535834074020386,0.072828125,0.11204862575977749,1529.0899305217977,0.007049956985096747
1,PAIRED_CORE,paired_core,dfadd::p246_286,nan,4.0,0.762969970703125,0.09110819548368454,0.473546875,0.06098532789574837,1462.7271668682274,0.006211656606501001
0,PAIRED_CORE,paired_core,dfadd::p237_191,nan,4.0,0.409515380859375,0.024232344701886177,0.472140625,0.02839106861044704,1545.4451772560735,0.010892780768750636
1,PAIRED_CORE,paired_core,dfadd::p237_191,nan,4.0,0.886688232421875,0.11263569444417953,0.205015625,0.08914201784402881,1686.5908552189303,0.01879557141886373
0,PAIRED_CORE,paired_core,dfadd::p299_062,nan,4.0,0.6055908203125,0.06051930785179138,0.38540625,0.06034469288582634,1899.0103876544285,0.011333784677782684
1,PAIRED_CORE,paired_core,dfadd::p299_062,nan,4.0,0.83489990234375,0.09370746463537216,0.122,0.16795574930858295,1760.3810324275796,0.011247665870418061
0,PAIRED_CORE,paired_core,dfadd::p303_145,nan,4.0,0.354736328125,0.04432760924100876,0.114875,0.11856435256800887,2129.7281069180144,0.020580522624683913
1,PAIRED_CORE,paired_core,dfadd::p303_145,nan,4.0,0.949981689453125,0.10374718904495239,0.543859375,0.06511039234988046,1858.1643055785605,0.018775212046467538
0,PAIRED_CORE,paired_core,dfadd::p245_280,nan,4.0,0.420135498046875,0.04651275649666786,0.384703125,0.043391302989109204,1392.9242287224986,0.002296942167948856
1,PAIRED_CORE,paired_core,dfadd::p245_280,nan,4.0,0.78839111328125,0.08649265021085739,0.500265625,0.07232925514461164,2137.6512548348396,0.036532756631327115
0,PAIRED_CORE,paired_core,dfadd::p301_087,nan,4.0,0.677032470703125,0.06686381250619888,0.193203125,0.061907217300270316,1365.3249716601993,0.001541658971062509
1,PAIRED_CORE,paired_core,dfadd::p301_087,nan,4.0,0.880889892578125,0.06936490535736084,0.4433125,0.1173924592571759,2169.886763554854,0.03469482673859481
0,PAIRED_CORE,paired_core,dfadd::p281_167,nan,4.0,0.412078857421875,0.051257725805044174,0.342578125,0.021469085454460225,899.1827663152998,0.0002659009131073418
1,PAIRED_CORE,paired_core,dfadd::p281_167,nan,4.0,0.85040283203125,0.10355634242296219,0.0171875,0.07340739699057798,1022.1240565762909,0.0015106369571376147
0,PAIRED_CORE,paired_core,dfadd::p306_050,nan,4.0,0.33587646484375,0.03239458054304123,0.114671875,0.09954843044422569,1757.4686249977156,0.014125947462821148
1,PAIRED_CORE,paired_core,dfadd::p306_050,nan,4.0,0.7216796875,0.08885999023914337,0.358671875,0.13701776590259224,1571.360614907427,0.005346648265798202
0,PAIRED_CORE,paired_core,dfadd::p232_262,nan,4.0,0.6771240234375,0.08626437932252884,0.2118125,0.0669697964030688,1505.5738568703794,0.008739365655901362
1,PAIRED_CORE,paired_core,dfadd::p232_262,nan,4.0,0.624725341796875,0.06109168007969856,0.103375,0.10990796731198925,1469.5231959884882,0.005535682313090632
0,PAIRED_CORE,paired_core,dfadd::p276_152,nan,4.0,0.305267333984375,0.03458128124475479,0.643953125,0.024609759527492617,1957.1325080824588,0.01911957472299902
1,PAIRED_CORE,paired_core,dfadd::p276_152,nan,4.0,0.684417724609375,0.07939109206199646,0.12265625,0.12228316067438554,1635.03100313322,0.0061752684993130165
0,PAIRED_CORE,paired_core,dfadd::p345_086,nan,4.0,0.413787841796875,0.04383683204650879,0.270046875,0.08006375099610931,1648.1378524756224,0.017732703306694575
1,PAIRED_CORE,paired_core,dfadd::p345_086,nan,4.0,0.6678466796875,0.08700772374868393,0.07609375,0.08817325270707355,1270.0774312035262,0.005259458869214391
0,PAIRED_CORE,paired_core,dfadd::p262_283,nan,4.0,0.496307373046875,0.0480312705039978,0.454625,0.06229784840388131,2046.8118723267357,0.024507710778959177
1,PAIRED_CORE,paired_core,dfadd::p262_283,nan,4.0,0.735748291015625,0.09933401644229889,0.095640625,0.12040813137705277,1461.2720096068422,0.004924807406648091
0,PAIRED_CORE,paired_core,dfadd::p259_205,nan,4.0,0.738677978515625,0.07794369012117386,0.070875,0.07195424928514509,1900.1446595808213,0.016546805073578197
1,PAIRED_CORE,paired_core,dfadd::p259_205,nan,4.0,0.76556396484375,0.0553138330578804,0.110859375,0.05936030250472664,1296.085328423412,0.003818192923022834
0,PAIRED_CORE,paired_core,dfadd::p260_009,nan,4.0,0.941741943359375,0.10137051343917847,0.088609375,0.07768871388615448,1516.4165334583956,0.0040251744990210826
1,PAIRED_CORE,paired_core,dfadd::p260_009,nan,4.0,0.667694091796875,0.05753258243203163,0.253859375,0.11590806106345411,1487.6067171745226,0.00454655052556004
0,PAIRED_CORE,paired_core,dfadd::p364_031,nan,4.0,0.16986083984375,0.025127150118350983,0.107484375,0.03710995484304442,1220.9186441306197,0.0013820758075927374
1,PAIRED_CORE,paired_core,dfadd::p364_031,nan,4.0,0.82757568359375,0.08405498415231705,0.0403125,0.0724698823419116,1061.7715165666891,0.0009376260106398432
0,PAIRED_CORE,paired_core,dfadd::p297_088,nan,4.0,0.2974853515625,0.03636133298277855,0.11984375,0.049078891857685276,1056.970949088417,0.000689628991118188
1,PAIRED_CORE,paired_core,dfadd::p297_088,nan,4.0,0.54681396484375,0.09563188999891281,0.06290625,0.18478413725214457,1656.6821738401134,0.008422773312587912
0,PAIRED_CORE,paired_core,dfadd::p339_239,nan,4.0,0.457122802734375,0.02886798232793808,0.154546875,0.06889170143283489,2364.751600681968,0.04094727812646528
1,PAIRED_CORE,paired_core,dfadd::p339_239,nan,4.0,0.611419677734375,0.08847257494926453,0.16175,0.13833028641072517,1418.1298989737518,0.004207999799768342
0,PAIRED_CORE,paired_core,dfadd::p304_030,nan,4.0,0.82421875,0.05226755887269974,0.25628125,0.06868857325895718,1581.977793825985,0.004172628963668837
1,PAIRED_CORE,paired_core,dfadd::p304_030,nan,4.0,0.537567138671875,0.062475647777318954,0.27409375,0.1237988093563962,1340.7560967145146,0.001963927243126238
0,PAIRED_CORE,paired_core,dfadd::p252_184,nan,4.0,0.678741455078125,0.061828549951314926,0.1111875,0.06856357130580165,1913.58213122915,0.019136122469346453
1,PAIRED_CORE,paired_core,dfadd::p252_184,nan,4.0,0.632659912109375,0.05643519014120102,0.0728125,0.09553274269910467,1557.0196191913833,0.008206783475251724
0,PAIRED_CORE,paired_core,dfadd::p295_012,nan,4.0,0.4423828125,0.051143378019332886,0.06071875,0.08300129689526399,1560.4581516977603,0.004804961304870165
1,PAIRED_CORE,paired_core,dfadd::p295_012,nan,4.0,0.467620849609375,0.054507847875356674,0.201515625,0.16517445585087268,1770.8632634070068,0.015786078418262437
0,PAIRED_CORE,paired_core,dfadd::p292_053,nan,4.0,0.333953857421875,0.03891276195645332,0.212671875,0.08262629103579744,1394.7266539939765,0.003965727115815253
1,PAIRED_CORE,paired_core,dfadd::p292_053,nan,4.0,0.657440185546875,0.0669056698679924,0.07009375,0.0472819887810747,1134.692772122421,0.0012637005864215931
0,PAIRED_CORE,paired_core,dfadd::p285_051,nan,4.0,0.7357177734375,0.05879678949713707,0.621578125,0.025312895513992406,1236.5188142775864,0.0010314739155907525
1,PAIRED_CORE,paired_core,dfadd::p285_051,nan,4.0,0.912567138671875,0.07652036100625992,0.055203125,0.1250957046203847,1610.4958433615525,0.0075476458838390735
0,PAIRED_CORE,paired_core,dfadd::p268_250,nan,4.0,0.543853759765625,0.03723757341504097,0.3581875,0.05123517554961796,1921.010167462499,0.021687668041927583
1,PAIRED_CORE,paired_core,dfadd::p268_250,nan,4.0,0.555145263671875,0.07289618998765945,0.17615625,0.19908123564430694,1430.942696367637,0.0033522864488600796
0,PAIRED_CORE,paired_core,dfadd::p364_212,nan,4.0,0.24755859375,0.01919449120759964,0.428234375,0.04618822169096392,1677.9796194365438,0.010672597187582839
1,PAIRED_CORE,paired_core,dfadd::p364_212,nan,4.0,0.3990478515625,0.047202982008457184,0.17728125,0.12070501101579713,1760.0432559984085,0.013913546604744706
0,PAIRED_CORE,paired_core,dfadd::p308_151,nan,4.0,0.23028564453125,0.021847287192940712,0.229796875,0.07173549586712293,1924.9572773987709,0.029397280312072244
1,PAIRED_CORE,paired_core,dfadd::p308_151,nan,4.0,0.717041015625,0.10871798545122147,0.03259375,0.09165768215128361,998.0381940582406,0.0010725308615319436
0,PAIRED_CORE,paired_core,dfadd::p259_275,nan,4.0,0.49127197265625,0.05045435205101967,0.32034375,0.05896967140111564,1609.8668431284593,0.005212508993568032
1,PAIRED_CORE,paired_core,dfadd::p259_275,nan,4.0,0.451202392578125,0.05472221598029137,0.186078125,0.1539867810434538,1315.3851378928612,0.004548432336727736
0,PAIRED_CORE,paired_core,dfadd::p255_057,nan,4.0,0.582489013671875,0.07449094951152802,0.04140625,0.13281457522773793,1686.2701772038681,0.012107436842216702
1,PAIRED_CORE,paired_core,dfadd::p255_057,nan,4.0,0.36541748046875,0.04305003955960274,0.359671875,0.08400131252050813,1388.5255411378785,0.0042380229162483725
0,PAIRED_CORE,paired_core,dfadd::p276_054,nan,4.0,0.4095458984375,0.06008412316441536,0.0754375,0.11284551321114393,1930.8048616065964,0.013839017122075525
1,PAIRED_CORE,paired_core,dfadd::p276_054,nan,4.0,0.45037841796875,0.06062336266040802,0.0528125,0.09718901857841529,1516.990605003544,0.0043023288181156675
0,PAIRED_CORE,paired_core,dfadd::p241_048,nan,4.0,0.305938720703125,0.03407561779022217,0.448203125,0.040985015390865485,1650.2997654659398,0.0070887340042945874
1,PAIRED_CORE,paired_core,dfadd::p241_048,nan,4.0,0.482208251953125,0.07739804685115814,0.142265625,0.11347052297692152,1290.9170355859108,0.00209422804864954
0,PAIRED_CORE,paired_core,dfadd::p303_090,nan,4.0,0.30517578125,0.04186313599348068,0.09809375,0.0984546633541149,1757.4203385998796,0.00698637441871296
1,PAIRED_CORE,paired_core,dfadd::p303_090,nan,4.0,0.320281982421875,0.04265208542346954,0.239328125,0.11215800246878857,1274.5920326689504,0.002284712829804232
0,PAIRED_CORE,paired_core,dfadd::p237_010,nan,4.0,0.410125732421875,0.05488378927111626,0.19640625,0.02312536133377084,988.953517040782,0.0015713566316564581
1,PAIRED_CORE,paired_core,dfadd::p237_010,nan,4.0,0.30548095703125,0.05267585068941116,0.072453125,0.07100110939233426,1285.444815660036,0.006943162850900896
0,PAIRED_CORE,paired_core,dfadd::p236_291,nan,4.0,0.510955810546875,0.0359598770737648,0.571890625,0.029406709479835622,1610.567618760482,0.0035187086940998667
1,PAIRED_CORE,paired_core,dfadd::p236_291,nan,4.0,0.285980224609375,0.04224751144647598,0.046875,0.08329817653400834,1495.457780135987,0.0034300188874112425
0,PAIRED_CORE,paired_core,dfadd::p302_238,nan,4.0,0.628021240234375,0.0443144217133522,0.21103125,0.07542305348521071,1850.427547273191,0.016197571937265485
1,PAIRED_CORE,paired_core,dfadd::p302_238,nan,4.0,0.340789794921875,0.03887712210416794,0.53765625,0.058204034438038094,1281.9842584720423,0.0025745753602276935
0,PAIRED_CORE,paired_core,dfadd::p271_080,nan,4.0,0.88250732421875,0.055420950055122375,0.459828125,0.0413443960061876,2099.313568481047,0.07778803690451443
1,PAIRED_CORE,paired_core,dfadd::p271_080,nan,4.0,0.591064453125,0.07455207407474518,0.12175,0.09784527883248176,1973.5815314853346,0.044698414296381765
0,PAIRED_CORE,paired_core,dfadd::p234_080,nan,4.0,0.44793701171875,0.037580449134111404,0.366640625,0.06820419069047953,1520.0039313559087,0.003439554404362397
1,PAIRED_CORE,paired_core,dfadd::p234_080,nan,4.0,0.578643798828125,0.05981862545013428,0.2861875,0.09361083766933859,1993.3392132841484,0.02695718263721117
0,PAIRED_CORE,paired_core,dfadd::p300_082,nan,4.0,0.365509033203125,0.041672706604003906,0.200515625,0.08673573024578508,2210.8210211726887,0.027515870553557698
1,PAIRED_CORE,paired_core,dfadd::p300_082,nan,4.0,0.778045654296875,0.08167886734008789,0.041140625,0.14608040750636728,1955.1753915792053,0.012739295698555019
0,PAIRED_CORE,paired_core,dfadd::p280_211,nan,4.0,0.404449462890625,0.05356243997812271,0.23240625,0.07942311598618729,1503.9587705089848,0.005083801405261689
1,PAIRED_CORE,paired_core,dfadd::p280_211,nan,4.0,0.437957763671875,0.06694870442152023,0.38359375,0.07562618165908842,1524.3080415471977,0.005206022849212914
0,PAIRED_CORE,paired_core,dfadd::p272_118,nan,4.0,0.440765380859375,0.05593957006931305,0.28759375,0.04578196534320849,1123.881066119115,0.00241440554120691
1,PAIRED_CORE,paired_core,dfadd::p272_118,nan,4.0,0.401458740234375,0.06742142885923386,0.1014375,0.11431428616072126,1389.845881792126,0.006278795456300231
0,PAIRED_CORE,paired_core,dfadd::p268_282,nan,4.0,0.474334716796875,0.05535660311579704,0.172328125,0.11214237722464414,1624.9964584058805,0.006896220274368765
1,PAIRED_CORE,paired_core,dfadd::p268_282,nan,4.0,0.512847900390625,0.06160077825188637,0.252578125,0.09987656057125893,1409.0600815239407,0.003649347963892576
0,PAIRED_CORE,paired_core,dfadd::p251_274,nan,4.0,0.525299072265625,0.05976704880595207,0.25521875,0.05398521851903936,1461.9604700552038,0.005242492854718075
1,PAIRED_CORE,paired_core,dfadd::p251_274,nan,4.0,0.3807373046875,0.07017684727907181,0.033765625,0.08000125001953155,1370.712889564743,0.004691242314270851
0,PAIRED_CORE,paired_core,dfadd::p314_280,nan,4.0,0.273406982421875,0.027221331372857094,0.432640625,0.03135986499789059,1620.8838635871743,0.00816968404450299
1,PAIRED_CORE,paired_core,dfadd::p314_280,nan,4.0,0.197418212890625,0.028451675549149513,0.43834375,0.056313379896560885,1642.7030638156887,0.0067366968472772825
0,PAIRED_CORE,paired_core,dfadd::p270_020,nan,4.0,0.40631103515625,0.07326197624206543,0.029765625,0.05353208643885061,1087.6722700120906,0.001384766184541453
1,PAIRED_CORE,paired_core,dfadd::p270_020,nan,4.0,0.318695068359375,0.0536910779774189,0.19709375,0.07473554274285536,1586.9568259717707,0.00895706400225258
0,PAIRED_CORE,paired_core,dfadd::p249_159,nan,4.0,0.441253662109375,0.037897974252700806,0.453375,0.04404756324317567,1544.7189371335899,0.008899747734238397
1,PAIRED_CORE,paired_core,dfadd::p249_159,nan,4.0,0.44842529296875,0.05411229655146599,0.047828125,0.10757980593446773,1516.8834181367633,0.008160858506612719
0,PAIRED_CORE,paired_core,dfadd::p281_287,nan,4.0,0.317138671875,0.032567381858825684,0.143625,0.0398131220800325,1135.684204890729,0.0020177722540116265
1,PAIRED_CORE,paired_core,dfadd::p281_287,nan,4.0,0.284698486328125,0.0420120544731617,0.0453125,0.06396974952733636,1358.5538249623512,0.004378756566854013
0,PAIRED_CORE,paired_core,dfadd::p240_260,nan,4.0,0.41357421875,0.051361724734306335,0.06390625,0.0986109157955593,1853.318349347693,0.008976936563340135
1,PAIRED_CORE,paired_core,dfadd::p240_260,nan,4.0,0.514801025390625,0.06227715685963631,0.211234375,0.10640791262363475,2128.239694669751,0.021726562977779584
0,PAIRED_CORE,paired_core,dfadd::p305_254,nan,4.0,0.493377685546875,0.04350470006465912,0.4080625,0.056922764418194036,1690.6318623944326,0.009762099270367102
1,PAIRED_CORE,paired_core,dfadd::p305_254,nan,4.0,0.335479736328125,0.03952647000551224,0.10478125,0.13272082376287128,2161.0472318148973,0.022367289046035146
0,PAIRED_CORE,paired_core,fma_106336,nan,4.0,0.681488037109375,0.151742085814476,0.0056875,0.07637619337802153,1842.2275762159768,0.018815535063927226
1,PAIRED_CORE,paired_core,fma_106336,nan,4.0,0.438751220703125,0.06700976192951202,0.103625,0.0984859138424038,1747.1151306732193,0.008458899885300306
0,PAIRED_CORE,paired_core,fma_107429,nan,4.0,0.458587646484375,0.07258746773004532,0.019078125,0.11450178909045454,2270.356656605361,0.030656137583893423
1,PAIRED_CORE,paired_core,fma_107429,nan,4.0,0.811737060546875,0.12862904369831085,0.010359375,0.05061016578384037,1387.1025962622098,0.002667876483462623
0,PAIRED_CORE,paired_core,fma_111819,nan,4.0,0.3243408203125,0.0818517878651619,0.009921875,0.10993921780027813,1494.9341893091353,0.006412838249672044
1,PAIRED_CORE,paired_core,fma_111819,nan,4.0,0.09002685546875,0.008516399189829826,0.765734375,0.06993859279051236,3133.070706286384,0.0864688848558299
0,PAIRED_CORE,paired_core,fma_114004,nan,4.0,0.89263916015625,0.25258252024650574,0.002859375,0.09822028469194831,1910.8602589053214,0.01914730000407036
1,PAIRED_CORE,paired_core,fma_114004,nan,4.0,0.706512451171875,0.20051731169223785,0.00396875,0.05304770387037298,1295.1528743137956,0.003462494754058921
0,PAIRED_CORE,paired_core,fma_114244,nan,4.0,0.49090576171875,0.08890695124864578,0.012078125,0.0788762324411319,1504.505273893824,0.0020405164165504495
1,PAIRED_CORE,paired_core,fma_114244,nan,4.0,0.58148193359375,0.12355358153581619,0.00778125,0.08692323317551837,2610.126792057303,0.04352113814496326
0,PAIRED_CORE,paired_core,fma_114396,nan,4.0,0.21600341796875,0.05909119173884392,0.0128125,0.05971968312004875,845.4563477852707,5.797847739774295e-06
1,PAIRED_CORE,paired_core,fma_114396,nan,4.0,0.4725341796875,0.12037911266088486,0.007109375,0.11664244753824278,2043.1426126779706,0.015613954538182075
0,PAIRED_CORE,paired_core,fma_118048,nan,4.0,0.53094482421875,0.0861414298415184,0.026921875,0.07295426491038923,2141.7261620701784,0.01884724864853002
1,PAIRED_CORE,paired_core,fma_118048,nan,4.0,0.592498779296875,0.13239909708499908,0.0064375,0.13573649588274816,2459.8203709111363,0.031400568194115
0,PAIRED_CORE,paired_core,fma_118055,nan,4.0,0.74005126953125,0.08173602819442749,0.01175,0.0673604275066798,1680.558277566564,0.007815885464864327
1,PAIRED_CORE,paired_core,fma_118055,nan,4.0,0.910552978515625,0.23254378139972687,0.003609375,0.15376802762543165,2415.64902333345,0.030515911303429174
0,PAIRED_CORE,paired_core,fma_121722,nan,4.0,0.947509765625,0.2454138845205307,0.003890625,0.011906436038063095,579.9520354560736,0.0001949563128387925
1,PAIRED_CORE,paired_core,fma_121722,nan,4.0,0.45989990234375,0.1337226927280426,0.00590625,0.033063016609634524,693.9655664601946,2.7343213467554626e-05
0,PAIRED_CORE,paired_core,fma_123920,nan,4.0,0.838104248046875,0.1746516078710556,0.004625,0.06306348536695885,1577.648970457829,0.00727135065627222
1,PAIRED_CORE,paired_core,fma_123920,nan,4.0,0.61376953125,0.1230892688035965,0.00671875,0.08920451882060657,1711.2464901283759,0.01048757363212069
0,PAIRED_CORE,paired_core,fma_127294,nan,4.0,0.858154296875,0.3692251145839691,0.001859375,0.14386162283785683,1988.7586956537627,0.02054385259248128
1,PAIRED_CORE,paired_core,fma_127294,nan,4.0,0.7933349609375,0.2187175154685974,0.003734375,0.17415897123392554,2529.5436031118634,0.05672347465365078
0,PAIRED_CORE,paired_core,fma_130401,nan,4.0,0.866729736328125,0.14704866707324982,0.005390625,0.07446991359239988,1697.8281875717028,0.009013118288902238
1,PAIRED_CORE,paired_core,fma_130401,nan,4.0,0.636932373046875,0.12948478758335114,0.006203125,0.1837059954061782,2627.886341178974,0.08019068547858485
0,PAIRED_CORE,paired_core,fma_130608,nan,4.0,0.913543701171875,0.33154988288879395,0.003734375,0.12243941311582994,2123.4223063889535,0.0207861702900557
1,PAIRED_CORE,paired_core,fma_130608,nan,4.0,0.755584716796875,0.1629033386707306,0.00659375,0.17447147611681432,2555.042826724078,0.06168083484786971
0,PAIRED_CORE,paired_core,fma_131168,nan,4.0,0.34759521484375,0.06061007082462311,0.01871875,0.1427053547711683,1838.3868399267267,0.019004263515533033
1,PAIRED_CORE,paired_core,fma_131168,nan,4.0,0.52777099609375,0.14118367433547974,0.005921875,0.07621994093657714,1491.52614224066,0.006027755048463186
0,PAIRED_CORE,paired_core,fma_135341,nan,4.0,0.864410400390625,0.1574331521987915,0.004921875,0.1345333520836263,2438.132666477024,0.03132049515896415
1,PAIRED_CORE,paired_core,fma_135341,nan,4.0,0.393951416015625,0.047707799822092056,0.03446875,0.03150049219519055,1348.9559870953913,0.0004578911850124592
0,PAIRED_CORE,paired_core,fma_138061,nan,4.0,0.855255126953125,0.20703841745853424,0.003390625,0.04106314161158768,1139.7182932575247,0.0017577604484969762
1,PAIRED_CORE,paired_core,fma_138061,nan,4.0,0.74072265625,0.2883685827255249,0.00209375,0.021328458257160267,951.500005879031,0.0002449355268893442
0,PAIRED_CORE,paired_core,fma_140324,nan,4.0,0.016448974609375,0.004202809650450945,0.19975,0.026844169440147503,495.12722629000353,3.1970821718827024e-06
1,PAIRED_CORE,paired_core,fma_140324,nan,4.0,0.462493896484375,0.10302847623825073,0.009421875,0.06531352052375819,975.0069263848732,5.160025209908862e-06
0,PAIRED_CORE,paired_core,fma_140924,nan,4.0,0.893157958984375,0.24080519378185272,0.003203125,0.053828966077594964,1653.0319163013392,0.005692463701006972
1,PAIRED_CORE,paired_core,fma_140924,nan,4.0,0.001190185546875,0.00011907545558642596,0.999921875,0.2397849966405725,2783.9065666167535,0.05707713511962867
0,PAIRED_CORE,paired_core,fma_141875,nan,4.0,0.69378662109375,0.2469390630722046,0.005859375,0.0604853200831263,1438.5626145021324,0.0046325314939913795
1,PAIRED_CORE,paired_core,fma_141875,nan,4.0,0.6826171875,0.16129574179649353,0.005546875,0.18528414506476665,2257.1766119034005,0.044963159684768494
0,PAIRED_CORE,paired_core,fma_143051,nan,4.0,0.36444091796875,0.05464259162545204,0.06128125,0.14487726370724544,2234.1853867650952,0.02309965142911162
1,PAIRED_CORE,paired_core,fma_143051,nan,4.0,0.62091064453125,0.053033359348773956,0.084640625,0.14972108939202175,2560.0437111232923,0.03466348210219241
0,PAIRED_CORE,paired_core,fma_147380,nan,4.0,0.851470947265625,0.19516462087631226,0.003671875,0.11711120486257598,1850.1632561956915,0.010296211448891101
1,PAIRED_CORE,paired_core,fma_147380,nan,4.0,0.531951904296875,0.13126491010189056,0.0055625,0.07309489210768919,1515.7927111444346,0.003963280370801684
0,PAIRED_CORE,paired_core,fma_149695,nan,4.0,0.665191650390625,0.10752285271883011,0.011015625,0.1691901435959937,2618.485850242873,0.06104947351614672
1,PAIRED_CORE,paired_core,fma_149695,nan,4.0,0.263031005859375,0.05577119067311287,0.01421875,0.03270363599431241,486.6589771141025,1.8342784974735615e-05
0,PAIRED_CORE,paired_core,fma_1881,nan,4.0,0.92071533203125,0.2334706038236618,0.003640625,0.08550133595837435,2304.828342892764,0.024696072319747527
1,PAIRED_CORE,paired_core,fma_1881,nan,4.0,0.287445068359375,0.0683758482336998,0.0114375,0.049953905529773905,927.9227468489408,9.406358121527918e-05
0,PAIRED_CORE,paired_core,fma_22472,nan,4.0,0.46160888671875,0.05249583348631859,0.02375,0.08861075954311787,1193.6299616789095,0.0016072027527447778
1,PAIRED_CORE,paired_core,fma_22472,nan,4.0,0.512786865234375,0.11587554961442947,0.006546875,0.10681416897139018,2117.8050753135276,0.013046528293226462
0,PAIRED_CORE,paired_core,fma_22473,nan,4.0,0.601226806640625,0.07137654721736908,0.013390625,0.11698620290942045,1683.95864632841,0.011536093536772794
1,PAIRED_CORE,paired_core,fma_22473,nan,4.0,0.568206787109375,0.07445061206817627,0.040296875,0.13745527273863653,2072.8480811130385,0.004202967821588507
0,PAIRED_CORE,paired_core,fma_3956,nan,4.0,0.618133544921875,0.10237154364585876,0.008515625,0.09398584352880514,1642.1188905731897,0.00950262401558021
1,PAIRED_CORE,paired_core,fma_3956,nan,4.0,0.7056884765625,0.1798376441001892,0.005046875,0.2527070735480242,2840.39528577812,0.11515533232759426
0,PAIRED_CORE,paired_core,fma_3988,nan,4.0,0.792388916015625,0.3157971501350403,0.002015625,0.08187627931686432,1502.7539204711434,0.007722743891879435
1,PAIRED_CORE,paired_core,fma_3988,nan,4.0,0.795989990234375,0.15822869539260864,0.0053125,0.08714198659354053,1502.1655040842124,0.007575833047866601
0,PAIRED_CORE,paired_core,fma_4003,nan,4.0,0.343109130859375,0.06530580669641495,0.011421875,0.11612681448147627,1653.180058667121,0.003318537970355653
1,PAIRED_CORE,paired_core,fma_4003,nan,4.0,0.765289306640625,0.13350386917591095,0.0065,0.25453522711292365,2806.760507353474,0.1138137131136414
0,PAIRED_CORE,paired_core,fma_5289,nan,4.0,0.6380615234375,0.09637238830327988,0.01021875,0.09517336208378256,1744.4618389774148,0.012892064422299366
1,PAIRED_CORE,paired_core,fma_5289,nan,4.0,0.568023681640625,0.11737625300884247,0.009296875,0.11809559524367569,1712.874080317667,0.007527744287807805
0,PAIRED_CORE,paired_core,fma_61491,nan,4.0,0.84716796875,0.23577655851840973,0.00321875,0.0890951421115955,1685.5410416111895,0.0070374648300339186
1,PAIRED_CORE,paired_core,fma_61491,nan,4.0,0.9012451171875,0.23003487288951874,0.00528125,0.31594243660057186,3836.669441598439,0.2134203720711698
0,PAIRED_CORE,paired_core,fma_71506,nan,4.0,0.921905517578125,0.28018149733543396,0.002921875,0.06545414772105815,1542.9060055816342,0.007963625759376982
1,PAIRED_CORE,paired_core,fma_71506,nan,4.0,0.627838134765625,0.130946546792984,0.009046875,0.058047781996593696,1444.7011032576988,0.005082914628665982
0,PAIRED_CORE,paired_core,fma_74900,nan,4.0,0.765655517578125,0.20997077226638794,0.0075,0.03596931202050032,1642.3708268199662,0.006498533470352997
1,PAIRED_CORE,paired_core,fma_74900,nan,4.0,0.939117431640625,0.2841669023036957,0.0045625,0.5152268004187566,4556.854414716069,0.7140565297237682
0,PAIRED_CORE,paired_core,fma_89814,nan,4.0,0.888214111328125,0.18842478096485138,0.005484375,0.1655494617103392,2488.017583224211,0.03668133305404858
1,PAIRED_CORE,paired_core,fma_89814,nan,4.0,0.42706298828125,0.1486521065235138,0.005078125,0.013828341067829184,267.63386516214734,3.5235692241412086e-06
1,PARTIAL_FAKE,partial_fake,dorothy_and_wizard_oz_08_f000065|dorothy_and_wizard_oz_08_f000065,middle,4.0,0.442352294921875,0.05244012176990509,0.532640625,0.11253300832825514,1512.298462416268,0.002282091314614078
0,PARTIAL_CONTROL,partial_real_control,dorothy_and_wizard_oz_08_f000065|dorothy_and_wizard_oz_14_f000118,middle,4.0,0.442352294921875,0.05244012549519539,0.532640625,0.10887670119845623,1512.2937667449653,0.00228209108841919
1,PARTIAL_FAKE,partial_fake,dorothy_and_wizard_oz_14_f000118|dorothy_and_wizard_oz_14_f000118,middle,4.0,0.2703857421875,0.01841012015938759,0.759875,0.06959483741933467,2466.373752819897,0.06351320910589184
0,PARTIAL_CONTROL,partial_real_control,dorothy_and_wizard_oz_14_f000118|emerald_city_of_oz_07_f000056,middle,4.0,0.2703857421875,0.01841012015938759,0.759921875,0.069251082048157,2466.372955636432,0.06351321336459394
1,PARTIAL_FAKE,partial_fake,emerald_city_of_oz_07_f000056|emerald_city_of_oz_07_f000056,start,4.0,0.453399658203125,0.05574203282594681,0.231046875,0.15695557743089736,1519.0588915169453,0.002246105304603846
0,PARTIAL_CONTROL,partial_real_control,emerald_city_of_oz_07_f000056|emerald_city_of_oz_13_f000060,start,4.0,0.453399658203125,0.05574203282594681,0.231046875,0.15695557743089736,1519.0588915169453,0.002246105304603846
1,PARTIAL_FAKE,partial_fake,emerald_city_of_oz_13_f000060|emerald_city_of_oz_13_f000060,start,4.0,0.527984619140625,0.07316914945840836,0.25896875,0.12697073391771746,1387.2018278403145,0.0013782258143971327
0,PARTIAL_CONTROL,partial_real_control,emerald_city_of_oz_13_f000060|hunters_space_07_f000061,start,4.0,0.527984619140625,0.07316914945840836,0.25896875,0.12697073391771746,1387.2018278403145,0.0013782258143971327
1,PARTIAL_FAKE,partial_fake,hunters_space_07_f000061|hunters_space_07_f000061,end,4.0,0.64276123046875,0.05599992722272873,0.099953125,0.1315489304520383,2181.9273986985113,0.026657206117866657
0,PARTIAL_CONTROL,partial_real_control,hunters_space_07_f000061|hunters_space_18_f000010,end,4.0,0.64276123046875,0.05599992722272873,0.099953125,0.1315489304520383,2181.9273986985113,0.026657206117866657
1,PARTIAL_FAKE,partial_fake,hunters_space_18_f000010|hunters_space_18_f000010,end,4.0,0.367401123046875,0.03725477680563927,0.290765625,0.06795418678416851,1499.3096877705811,0.005449955465576101
0,PARTIAL_CONTROL,partial_real_control,hunters_space_18_f000010|jane_eyre_05_f000047,end,4.0,0.367401123046875,0.03725477680563927,0.290765625,0.06795418678416851,1499.3096877705811,0.005449955465576101
1,PARTIAL_FAKE,partial_fake,jane_eyre_05_f000047|jane_eyre_05_f000047,middle,4.0,0.579833984375,0.05477221682667732,0.0439375,0.14662729105142266,1558.080303757483,0.006982866193316826
0,PARTIAL_CONTROL,partial_real_control,jane_eyre_05_f000047|jane_eyre_06_f000021,middle,4.0,0.334686279296875,0.03423871845006943,0.158015625,0.16025250394537416,2136.9425838781253,0.03327724432873313
1,PARTIAL_FAKE,partial_fake,jane_eyre_06_f000021|jane_eyre_06_f000021,middle,4.0,0.582489013671875,0.03977888450026512,0.604921875,0.09140767824497258,1506.3752965591057,0.005967552815637093
0,PARTIAL_CONTROL,partial_real_control,jane_eyre_06_f000021|jane_eyre_12_f000082,middle,4.0,0.334686279296875,0.02319946512579918,0.6844375,0.058188409193893655,1790.6537290908204,0.017248838618148035
1,PARTIAL_FAKE,partial_fake,jane_eyre_12_f000082|jane_eyre_12_f000082,start,4.0,0.439849853515625,0.04697748273611069,0.07159375,0.14706479788746699,2144.3119738459745,0.034525652559442475
0,PARTIAL_CONTROL,partial_real_control,jane_eyre_12_f000082|jane_eyre_18_f000063,start,4.0,0.231109619140625,0.02793249487876892,0.061265625,0.1552524258191534,2164.0017737327885,0.03532589554577706
1,PARTIAL_FAKE,partial_fake,jane_eyre_18_f000063|jane_eyre_18_f000063,start,4.0,0.260650634765625,0.028118716552853584,0.103390625,0.1404709448585134,2241.144665692837,0.05170002232076801
0,PARTIAL_CONTROL,partial_real_control,jane_eyre_18_f000063|dorothy_and_wizard_oz_09_f000102,start,4.0,0.577239990234375,0.05441474914550781,0.075390625,0.1348146064782262,1992.0607725783436,0.027335921076425428
1,PARTIAL_FAKE,partial_fake,dorothy_and_wizard_oz_09_f000102|dorothy_and_wizard_oz_09_f000102,end,4.0,0.58184814453125,0.06427501887083054,0.6055,0.1427522305036016,1530.0612138798406,0.0026725897955466532
0,PARTIAL_CONTROL,partial_real_control,dorothy_and_wizard_oz_09_f000102|dorothy_and_wizard_oz_14_f000119,end,4.0,0.58184814453125,0.06842023879289627,0.310609375,0.12034563040047501,1519.3566627809932,0.0025035175958963095
1,PARTIAL_FAKE,partial_fake,dorothy_and_wizard_oz_14_f000119|dorothy_and_wizard_oz_14_f000119,end,4.0,0.33642578125,0.02637392096221447,0.66290625,0.10293910842356911,1783.8678244928017,0.0057096673843869085
0,PARTIAL_CONTROL,partial_real_control,dorothy_and_wizard_oz_14_f000119|emerald_city_of_oz_08_f000059,end,4.0,0.609039306640625,0.07196374237537384,0.31728125,0.1408147002296911,1588.3927351472844,0.002225479866935179
1,PARTIAL_FAKE,partial_fake,emerald_city_of_oz_08_f000059|emerald_city_of_oz_08_f000059,middle,4.0,0.327850341796875,0.04532623291015625,0.57178125,0.12917389334208346,1725.9727632857343,0.007198881660057379
0,PARTIAL_CONTROL,partial_real_control,emerald_city_of_oz_08_f000059|emerald_city_of_oz_08_f000073,middle,4.0,0.44683837890625,0.0785430297255516,0.246828125,0.09957968093251457,1288.5906688991352,0.0016971618496634325
1,PARTIAL_FAKE,partial_fake,emerald_city_of_oz_08_f000073|emerald_city_of_oz_08_f000073,middle,4.0,0.95001220703125,0.09990724176168442,0.31278125,0.14876794949921093,1664.145797340253,0.006158899172713318
0,PARTIAL_CONTROL,partial_real_control,emerald_city_of_oz_08_f000073|jane_eyre_01_f000039,middle,4.0,0.3160400390625,0.03198542073369026,0.192015625,0.10657979030922358,1928.6949895905177,0.013847547647879134
1,PARTIAL_FAKE,partial_fake,jane_eyre_01_f000039|jane_eyre_01_f000039,start,4.0,0.360595703125,0.04763685539364815,0.320640625,0.08837638088095126,1520.141181035107,0.004989644034154612
0,PARTIAL_CONTROL,partial_real_control,jane_eyre_01_f000039|jane_eyre_02_f000105,start,4.0,0.362060546875,0.038739435374736786,0.285546875,0.1441272519883123,2341.506015241598,0.05924524319209423
1,PARTIAL_FAKE,partial_fake,jane_eyre_02_f000105|jane_eyre_02_f000105,start,4.0,0.440338134765625,0.04946098476648331,0.543015625,0.18426850419537805,1751.140327783126,0.005906798846517202
0,PARTIAL_CONTROL,partial_real_control,jane_eyre_02_f000105|jane_eyre_08_f000060,start,4.0,0.1749267578125,0.023450160399079323,0.4241875,0.10656416506507914,2884.616868161882,0.18780815731532777
1,PARTIAL_FAKE,partial_fake,fma_106336|fma_106336,middle,4.0,0.64813232421875,0.09492227435112,0.17365625,0.11690807668869826,1855.0556861405605,0.011384410680648115
0,PARTIAL_CONTROL,partial_real_control,fma_106336|fma_107429,middle,4.0,0.64813232421875,0.07993853837251663,0.0450625,0.05971968312004875,994.6028266560213,0.0007180866098829837
1,PARTIAL_FAKE,partial_fake,fma_107429|fma_107429,middle,4.0,0.925506591796875,0.13177001476287842,0.035015625,0.09112642385037266,1557.0867654939875,0.007315254091114662
0,PARTIAL_CONTROL,partial_real_control,fma_107429|fma_111819,middle,4.0,0.41131591796875,0.03610292077064514,0.719875,0.2770355786809169,2275.9077260560875,0.04248035179294943
1,PARTIAL_FAKE,partial_fake,fma_111819|fma_111819,start,4.0,0.3243408203125,0.0818517878651619,0.009921875,0.10993921780027813,1494.9341893091353,0.006412838249672044
0,PARTIAL_CONTROL,partial_real_control,fma_111819|fma_114004,start,4.0,0.3243408203125,0.0818517878651619,0.009921875,0.10993921780027813,1494.9341893091353,0.006412838249672044
1,PARTIAL_FAKE,partial_fake,fma_114004|fma_114004,start,4.0,0.89263916015625,0.25258252024650574,0.002859375,0.09822028469194831,1910.8602589053214,0.01914730000407036
0,PARTIAL_CONTROL,partial_real_control,fma_114004|fma_114244,start,4.0,0.89263916015625,0.25258252024650574,0.002859375,0.09822028469194831,1910.8602589053214,0.01914730000407036
1,PARTIAL_FAKE,partial_fake,fma_114244|fma_114244,end,4.0,0.49090576171875,0.08890695124864578,0.012078125,0.0788762324411319,1504.505273893824,0.0020405164165504495
0,PARTIAL_CONTROL,partial_real_control,fma_114244|fma_114396,end,4.0,0.49090576171875,0.08890695124864578,0.012078125,0.0788762324411319,1504.505273893824,0.0020405164165504495
1,PARTIAL_FAKE,partial_fake,fma_114396|fma_114396,end,4.0,0.21600341796875,0.05909119173884392,0.0128125,0.05971968312004875,845.4563477852707,5.797847739774295e-06
0,PARTIAL_CONTROL,partial_real_control,fma_114396|fma_118048,end,4.0,0.21600341796875,0.05909119173884392,0.0128125,0.05971968312004875,845.4563477852707,5.797847739774295e-06
1,PARTIAL_FAKE,partial_fake,fma_118048|fma_118048,middle,4.0,0.589019775390625,0.17024019360542297,0.00415625,0.08917326833231769,2125.1336617752127,0.027835598152797795
0,PARTIAL_CONTROL,partial_real_control,fma_118048|fma_118055,middle,4.0,0.7474365234375,0.08098743110895157,0.011625,0.06643853810215784,1630.8107149306811,0.006983517809177446
1,PARTIAL_FAKE,partial_fake,fma_118055|fma_118055,middle,4.0,0.34588623046875,0.07693946361541748,0.0101875,0.06703229737964655,1227.623766896099,0.00028498009064703035
0,PARTIAL_CONTROL,partial_real_control,fma_118055|fma_121722,middle,4.0,0.929840087890625,0.20781351625919342,0.004546875,0.014328348880451256,584.3978689501284,0.00019705423317529247
1,PARTIAL_FAKE,partial_fake,fma_121722|fma_121722,start,4.0,0.947509765625,0.2454138845205307,0.003890625,0.011906436038063095,579.9520354560736,0.0001949563128387925
0,PARTIAL_CONTROL,partial_real_control,fma_121722|fma_123920,start,4.0,0.947509765625,0.2454138845205307,0.003890625,0.011906436038063095,579.9520354560736,0.0001949563128387925
1,PARTIAL_FAKE,partial_fake,fma_123920|fma_123920,start,4.0,0.838104248046875,0.1746516078710556,0.004625,0.06306348536695885,1577.648970457829,0.00727135065627222
0,PARTIAL_CONTROL,partial_real_control,fma_123920|fma_127294,start,4.0,0.838104248046875,0.1746516078710556,0.004625,0.06306348536695885,1577.648970457829,0.00727135065627222
1,PARTIAL_FAKE,partial_fake,fma_127294|fma_127294,end,4.0,0.858154296875,0.2695058584213257,0.03125,0.14923670682354412,1937.4705912216325,0.018106256315641018
0,PARTIAL_CONTROL,partial_real_control,fma_127294|fma_130401,end,4.0,0.95001220703125,0.27060654759407043,0.122421875,0.22130033281770028,1948.7839012940667,0.018283236118026045
1,PARTIAL_FAKE,partial_fake,fma_130401|fma_130401,end,4.0,0.7633056640625,0.14520034193992615,0.094328125,0.12503320364380693,1633.88031197001,0.006751498832669334
0,PARTIAL_CONTROL,partial_real_control,fma_130401|fma_130608,end,4.0,0.88494873046875,0.1946450024843216,0.004921875,0.08475132423944125,1863.8366884540092,0.01258215257958063
1,PARTIAL_FAKE,partial_fake,fma_130608|fma_130608,middle,4.0,0.78192138671875,0.19285444915294647,0.100171875,0.18483101298457788,2766.4690236579886,0.0946233930086103
0,PARTIAL_CONTROL,partial_real_control,fma_130608|fma_131168,middle,4.0,0.1661376953125,0.020886486396193504,0.056359375,0.232269254207097,2500.8475176682277,0.07297321844342075
1,PARTIAL_FAKE,partial_fake,fma_131168|fma_131168,middle,4.0,0.59033203125,0.1486777514219284,0.05078125,0.10357974343349115,1809.0301518835697,0.014862597817746426
0,PARTIAL_CONTROL,partial_real_control,fma_131168|fma_135341,middle,4.0,0.836883544921875,0.11735977977514267,0.012609375,0.26662916608072,2637.8477995818835,0.06910879779494039
1,PARTIAL_FAKE,partial_fake,fma_135341|fma_135341,start,4.0,0.342987060546875,0.03659878298640251,0.063359375,0.029312958014968984,1364.3498471200687,0.00023449848949194112
0,PARTIAL_CONTROL,partial_real_control,fma_135341|fma_138061,start,4.0,0.88800048828125,0.16144689917564392,0.005515625,0.04028187940436569,1102.7703449377668,0.0012838502374534612
1,PARTIAL_FAKE,partial_fake,fma_138061|fma_138061,start,4.0,0.000244140625,5.709290780941956e-05,1.0,0.41595962436913075,3714.7253933889097,0.30554706529364634
0,PARTIAL_CONTROL,partial_real_control,fma_138061|fma_140324,start,4.0,0.0928955078125,0.022600321099162102,0.0651875,0.02651603931311427,536.0472090040639,2.2306743493427624e-05
0,RR,mixed,dorothy_and_wizard_oz_08_f000065|fma_114004,nan,4.0,0.49099671840667725,0.1389331966638565,0.00546875,0.09822028469194831,1910.860258396786,0.01914729998488748
0,RR,mixed,dorothy_and_wizard_oz_14_f000118|fma_127294,nan,4.0,0.09826702624559402,0.04201307147741318,0.01578125,0.14264285379459055,2056.6012617297856,0.02468657312317373
0,RR,mixed,emerald_city_of_oz_07_f000056|fma_140924,nan,4.0,0.40613850951194763,0.12274973839521408,0.005984375,0.04689135767746371,1811.3414605162486,0.004271796536005374
0,RR,mixed,emerald_city_of_oz_13_f000060|fma_22473,nan,4.0,0.25914809107780457,0.03228241577744484,0.028125,0.12642385037266207,2032.1881729827537,0.030998804690960568
0,RR,mixed,hunters_space_07_f000061|fma_74900,nan,4.0,0.06574860215187073,0.020412860438227654,0.19503125,0.04903201612525196,1866.1122147224014,0.010568611619015221
0,RR,mixed,hunters_space_18_f000010|fma_114396,nan,4.0,0.8789862990379333,0.24046078324317932,0.002921875,0.05971968312004875,845.4563476703477,5.7978484780649646e-06
0,RR,mixed,jane_eyre_05_f000047|fma_130608,nan,4.0,0.10740883648395538,0.0408676452934742,0.026390625,0.11143924123814435,2140.994093987396,0.021640605861369767
0,RR,mixed,jane_eyre_06_f000021|fma_143051,nan,4.0,0.05503365769982338,0.006337263155728579,0.420328125,0.17911217362771292,2667.4883485389773,0.0639771819517376
0,RR,mixed,jane_eyre_12_f000082|fma_3988,nan,4.0,0.07939451932907104,0.031819846481084824,0.021703125,0.0839856872763637,1573.3746121679362,0.00760539125388561
0,RR,mixed,jane_eyre_18_f000063|fma_106336,nan,4.0,0.030061565339565277,0.007803651504218578,0.110984375,0.10431412990827982,1978.1463191644273,0.023414569013904922
0,RR,mixed,dorothy_and_wizard_oz_09_f000102|fma_118055,nan,4.0,0.9214114546775818,0.10176660120487213,0.0095,0.0673604275066798,1680.5582803790815,0.007815885512606908
0,RR,mixed,dorothy_and_wizard_oz_14_f000119|fma_135341,nan,4.0,0.3759099841117859,0.054220352321863174,0.026796875,0.23680057500898452,2919.2412673560984,0.11430094982144275
0,RR,mixed,emerald_city_of_oz_08_f000059|fma_149695,nan,4.0,0.3099912106990814,0.05261142551898956,0.0183125,0.16187752933639588,2357.6633429686976,0.03660752414819349
0,RR,mixed,emerald_city_of_oz_08_f000073|fma_5289,nan,4.0,0.319668710231781,0.050354696810245514,0.0195,0.09834528664510384,1680.1109156401199,0.008969594581702219
0,RR,mixed,jane_eyre_01_f000039|fma_111819,nan,4.0,0.08861378580331802,0.022903287783265114,0.034078125,0.12237691213925217,1504.5063203121779,0.006076647351523232
0,RR,mixed,jane_eyre_02_f000105|fma_123920,nan,4.0,0.3458530008792877,0.07207192480564117,0.01146875,0.06306348536695885,1577.648966571572,0.007271350613664154
0,RR,mixed,jane_eyre_08_f000060|fma_140324,nan,4.0,0.054544560611248016,0.010725612752139568,0.074609375,0.026203534430225474,534.8075832131856,1.8850356753132223e-06
0,RR,mixed,jane_eyre_12_f000078|fma_22472,nan,4.0,0.394256591796875,0.055394984781742096,0.0258125,0.10095470241722528,1310.1075283592722,0.0013894567762218707
0,RR,mixed,jane_eyre_17_f000177|fma_71506,nan,4.0,0.07663126289844513,0.02293560840189457,0.03296875,0.07403240675635557,1702.6971054933779,0.013964907327516133
0,RR,mixed,jane_eyre_17_f000379|fma_114244,nan,4.0,0.08641892671585083,0.015249473042786121,0.067796875,0.08062625978530914,1707.6897372185888,0.008244179603512952
0,RR,mixed,dorothy_and_wizard_oz_02_f000150|fma_130401,nan,4.0,0.7250879406929016,0.12301784008741379,0.0065,0.07446991359239988,1697.8281866274967,0.009013118251106544
0,RR,mixed,dorothy_and_wizard_oz_03_f000008|fma_141875,nan,4.0,0.1611882448196411,0.04807257279753685,0.025078125,0.06161033766152596,1085.0048047536857,0.0009076222309207139
0,RR,mixed,dorothy_and_wizard_oz_07_f000046|fma_3956,nan,4.0,0.45117583870887756,0.08045816421508789,0.010515625,0.07996999953124267,1415.6320680608146,0.004261602756668713
0,RR,mixed,emerald_city_of_oz_05_f000014|fma_89814,nan,4.0,0.438664048910141,0.09482569992542267,0.0108125,0.1647525742589728,2568.25595719952,0.0437541634203267
1,RF,mixed,dorothy_and_wizard_oz_08_f000065|fma_114004,nan,4.0,0.4743790626525879,0.134634867310524,0.006046875,0.05304770387037298,1295.152874455573,0.003462494752266783
1,RF,mixed,dorothy_and_wizard_oz_14_f000118|fma_127294,nan,4.0,0.17138147354125977,0.047162748873233795,0.01625,0.17125267582305972,2550.015272077092,0.05337064755330901
1,RF,mixed,emerald_city_of_oz_07_f000056|fma_140924,nan,4.0,2.5191697204718366e-05,1.565955790283624e-05,1.0,0.43174112095501493,3877.1883420190175,0.23425577163430403
1,RF,mixed,emerald_city_of_oz_13_f000060|fma_22473,nan,4.0,0.27656301856040955,0.056560687720775604,0.0168125,0.1337833403646932,1582.4881677225135,0.0006410711482180398
1,RF,mixed,hunters_space_07_f000061|fma_74900,nan,4.0,0.08896353095769882,0.020136427134275436,0.105640625,0.49841403771933934,3969.8638278150584,0.3857286455695431
1,RF,mixed,hunters_space_18_f000010|fma_114396,nan,4.0,0.8316406607627869,0.21186226606369019,0.004234375,0.11664244753824278,2043.1426142300222,0.015613954572658835
1,RF,mixed,jane_eyre_05_f000047|fma_130608,nan,4.0,0.16916285455226898,0.04523644968867302,0.016765625,0.18651853935217738,2795.5977436197427,0.0969821002152724
1,RF,mixed,jane_eyre_06_f000021|fma_143051,nan,4.0,0.045442916452884674,0.00931088998913765,0.333421875,0.14698667166674478,2575.5532577071326,0.034518021080013304
1,RF,mixed,jane_eyre_12_f000082|fma_3988,nan,4.0,0.21860121190547943,0.04222846031188965,0.05853125,0.09826716042438163,1632.5996887152774,0.011005811280868128
1,RF,mixed,jane_eyre_18_f000063|fma_106336,nan,4.0,0.04769149795174599,0.0060851313173770905,0.28678125,0.0933452085188831,1979.3898780458608,0.018910390102468883
1,RF,mixed,dorothy_and_wizard_oz_09_f000102|fma_118055,nan,4.0,0.9543100595474243,0.24371878802776337,0.0035,0.15376802762543165,2415.6490219645607,0.0305159112584773
1,RF,mixed,dorothy_and_wizard_oz_14_f000119|fma_135341,nan,4.0,0.3109917938709259,0.07890461385250092,0.02765625,0.04504757886841982,1392.2064119385163,0.0010035641575385109
1,RF,mixed,emerald_city_of_oz_08_f000059|fma_149695,nan,4.0,0.3271729052066803,0.06894303858280182,0.012171875,0.03489117017453398,400.8344337034939,4.454684489881649e-06
1,RF,mixed,emerald_city_of_oz_08_f000073|fma_5289,nan,4.0,0.30471453070640564,0.06479626893997192,0.014703125,0.10040781887216987,1651.6341869280363,0.006621751493639613
1,RF,mixed,jane_eyre_01_f000039|fma_111819,nan,4.0,0.05995379015803337,0.011395161971449852,0.085984375,0.19194049907029798,2510.5937257287296,0.04004068649456261
1,RF,mixed,jane_eyre_02_f000105|fma_123920,nan,4.0,0.3493911921977997,0.07006914913654327,0.01228125,0.08920451882060657,1711.2464907705737,0.010487573643816795
1,RF,mixed,jane_eyre_08_f000060|fma_140324,nan,4.0,0.21753329038619995,0.0474822074174881,0.018046875,0.062172846450725794,802.7157966801258,1.2163915062558918e-06
1,RF,mixed,jane_eyre_12_f000078|fma_22472,nan,4.0,0.19277918338775635,0.04890355095267296,0.02015625,0.13415834622415976,2943.9123459367906,0.030365520795607125
1,RF,mixed,jane_eyre_17_f000177|fma_71506,nan,4.0,0.07293317466974258,0.013197723776102066,0.06465625,0.06409475148049189,1538.3214224975627,0.004641776102616378
1,RF,mixed,jane_eyre_17_f000379|fma_114244,nan,4.0,0.16459782421588898,0.032566606998443604,0.03271875,0.10782980984077876,2655.4770308972834,0.04214391440210386
1,RF,mixed,dorothy_and_wizard_oz_02_f000150|fma_130401,nan,4.0,0.6573835611343384,0.13364240527153015,0.00603125,0.1837059954061782,2627.8863412904875,0.08019068554276826
1,RF,mixed,dorothy_and_wizard_oz_03_f000008|fma_141875,nan,4.0,0.2048136442899704,0.05710465461015701,0.01796875,0.15825247269488585,2530.6621068565737,0.0652508417379625
1,RF,mixed,dorothy_and_wizard_oz_07_f000046|fma_3956,nan,4.0,0.2949962317943573,0.05297747254371643,0.021609375,0.2573946467913561,2890.101966296116,0.10378279714461962
1,RF,mixed,emerald_city_of_oz_05_f000014|fma_89814,nan,4.0,0.2279052883386612,0.07849117368459702,0.010359375,0.014250222659729058,296.2597897989532,3.859034174369951e-06
1,FR,mixed,dorothy_and_wizard_oz_08_f000065|fma_114004,nan,4.0,0.26798078417778015,0.07582825422286987,0.01003125,0.09822028469194831,1910.860260021763,0.0191473000618627
1,FR,mixed,dorothy_and_wizard_oz_14_f000118|fma_127294,nan,4.0,0.1163182258605957,0.04966311901807785,0.01353125,0.14642416287754495,2001.6863666704885,0.021343933782895928
1,FR,mixed,emerald_city_of_oz_07_f000056|fma_140924,nan,4.0,0.34925997257232666,0.1077837347984314,0.00671875,0.04359443116298692,1792.6594706128083,0.0042150042588489645
1,FR,mixed,emerald_city_of_oz_13_f000060|fma_22473,nan,4.0,0.3062051832675934,0.03791428357362747,0.024234375,0.12428319192487383,2016.912311696356,0.024230762453990546
1,FR,mixed,hunters_space_07_f000061|fma_74900,nan,4.0,0.08226685225963593,0.02572026662528515,0.186453125,0.04481320020625322,1708.490231334216,0.0069913196642543965
1,FR,mixed,hunters_space_18_f000010|fma_114396,nan,4.0,0.9989999532699585,0.2732924222946167,0.00265625,0.05971968312004875,845.4563478198027,5.797846821063344e-06
1,FR,mixed,jane_eyre_05_f000047|fma_130608,nan,4.0,0.17809706926345825,0.06690329313278198,0.015953125,0.11281426272285504,2128.728215979408,0.02171981228800527
1,FR,mixed,jane_eyre_06_f000021|fma_143051,nan,4.0,0.19614194333553314,0.022587381303310394,0.13859375,0.1785496648385131,2641.0654755854184,0.059189773824060384
1,FR,mixed,jane_eyre_12_f000082|fma_3988,nan,4.0,0.19933782517910004,0.07968313992023468,0.00871875,0.0842981921592525,1558.4935520738134,0.0075770385806509495
1,FR,mixed,jane_eyre_18_f000063|fma_106336,nan,4.0,0.040668413043022156,0.010561550967395306,0.082734375,0.10431412990827982,1978.24470876994,0.023413486695434856
1,FR,mixed,dorothy_and_wizard_oz_09_f000102|fma_118055,nan,4.0,0.9214114546775818,0.10176660865545273,0.0095,0.0673604275066798,1680.5582769680475,0.00781588545830047
1,FR,mixed,dorothy_and_wizard_oz_14_f000119|fma_135341,nan,4.0,0.1257544457912445,0.01847282238304615,0.079234375,0.24742574102720355,3052.7043573200963,0.12945254658612906
1,FR,mixed,emerald_city_of_oz_08_f000059|fma_149695,nan,4.0,0.13645389676094055,0.022791512310504913,0.04225,0.1505336020875326,2530.9690874577377,0.03379639038560832
1,FR,mixed,emerald_city_of_oz_08_f000073|fma_5289,nan,4.0,0.3701704740524292,0.05860653892159462,0.016984375,0.09715776809012641,1682.105694448595,0.009104948832663582
1,FR,mixed,jane_eyre_01_f000039|fma_111819,nan,4.0,0.14900128543376923,0.03430933877825737,0.023265625,0.12664260379068423,1483.1231505868418,0.00480566620481703
1,FR,mixed,jane_eyre_02_f000105|fma_123920,nan,4.0,0.48758450150489807,0.10160719603300095,0.008046875,0.06306348536695885,1577.6489664552898,0.007271350607098473
1,FR,mixed,jane_eyre_08_f000060|fma_140324,nan,4.0,0.06625550985336304,0.011803209781646729,0.064640625,0.025469147955436804,524.2714783173335,2.065114404817464e-06
1,FR,mixed,jane_eyre_12_f000078|fma_22472,nan,4.0,0.5373355746269226,0.07108563184738159,0.021890625,0.10118908107939187,1264.7714650871967,0.0015310851527513035
1,FR,mixed,jane_eyre_17_f000177|fma_71506,nan,4.0,0.046719104051589966,0.014033587649464607,0.0543125,0.07518867482304412,1693.5725413098191,0.013738550140272898
1,FR,mixed,jane_eyre_17_f000379|fma_114244,nan,4.0,0.059908922761678696,0.011026917025446892,0.09246875,0.07909498585915405,1676.4232885271017,0.006186379196328019
1,FR,mixed,dorothy_and_wizard_oz_02_f000150|fma_130401,nan,4.0,0.8424734473228455,0.14293336868286133,0.005640625,0.07446991359239988,1697.828184746302,0.009013118195856191
1,FR,mixed,dorothy_and_wizard_oz_03_f000008|fma_141875,nan,4.0,0.18163950741291046,0.053716715425252914,0.022203125,0.06301660963452554,994.6264345949992,0.0005786226989736917
1,FR,mixed,dorothy_and_wizard_oz_07_f000046|fma_3956,nan,4.0,0.27443376183509827,0.05140191316604614,0.0175,0.08720448757011828,1449.409949197512,0.003994968511129412
1,FR,mixed,emerald_city_of_oz_05_f000014|fma_89814,nan,4.0,0.1906605362892151,0.041065607219934464,0.024734375,0.16598696854638353,2564.4749313167436,0.04352000044966742
1,FF,mixed,dorothy_and_wizard_oz_08_f000065|fma_114004,nan,4.0,0.25891104340553284,0.07348228245973587,0.011328125,0.05304770387037298,1295.1528722697042,0.003462494737000788
1,FF,mixed,dorothy_and_wizard_oz_14_f000118|fma_127294,nan,4.0,0.20286346971988678,0.05543334409594536,0.01415625,0.16911201737527148,2556.7838492817123,0.05529303165994123
1,FF,mixed,emerald_city_of_oz_07_f000056|fma_140924,nan,4.0,4.3160853238077834e-05,1.3673163266503252e-05,1.0,0.40655322739417804,3827.723284855221,0.20950300514275685
1,FF,mixed,emerald_city_of_oz_13_f000060|fma_22473,nan,4.0,0.32678237557411194,0.06607704609632492,0.014,0.1330802043781934,1590.0121150273642,0.0006648932262157166
1,FF,mixed,hunters_space_07_f000061|fma_74900,nan,4.0,0.11427675187587738,0.027896039187908173,0.08396875,0.5472898014031469,4366.548760906444,0.5574363430293335
1,FF,mixed,hunters_space_18_f000010|fma_114396,nan,4.0,0.8316406607627869,0.21186226606369019,0.004234375,0.11664244753824278,2043.1426118045877,0.01561395444724282
1,FF,mixed,jane_eyre_05_f000047|fma_130608,nan,4.0,0.2804928421974182,0.07462373375892639,0.009765625,0.18981546586665415,2807.9909475401328,0.10001292047879133
1,FF,mixed,jane_eyre_06_f000021|fma_143051,nan,4.0,0.1619601994752884,0.033593032509088516,0.10290625,0.1465960405631338,2572.6750362847533,0.03496679254704734
1,FF,mixed,jane_eyre_12_f000082|fma_3988,nan,4.0,0.5488476157188416,0.10795879364013672,0.01578125,0.10028281691901436,1583.4400182777813,0.009559830898092574
1,FF,mixed,jane_eyre_18_f000063|fma_106336,nan,4.0,0.06451885402202606,0.008230355568230152,0.2338125,0.09336083376302755,1980.7636899164634,0.01894606307174684
1,FF,mixed,dorothy_and_wizard_oz_09_f000102|fma_118055,nan,4.0,0.9587997198104858,0.24486537277698517,0.0035,0.15376802762543165,2415.6490222020993,0.03051591129538457
1,FF,mixed,dorothy_and_wizard_oz_14_f000119|fma_135341,nan,4.0,0.10745914280414581,0.022778799757361412,0.25015625,0.03207862622853482,1033.9736858271137,0.0003287732783802984
1,FF,mixed,emerald_city_of_oz_08_f000059|fma_149695,nan,4.0,0.13614130020141602,0.03106146864593029,0.02709375,0.03015672119876873,361.9083637346624,1.0168045280199591e-06
1,FF,mixed,emerald_city_of_oz_08_f000073|fma_5289,nan,4.0,0.35285377502441406,0.07559423893690109,0.0128125,0.1012047063235363,1656.5533901784,0.0066696477187583045
1,FF,mixed,jane_eyre_01_f000039|fma_111819,nan,4.0,0.09369175881147385,0.018756166100502014,0.04665625,0.1749714839294364,2570.944006746423,0.04172494612815125
1,FF,mixed,jane_eyre_02_f000105|fma_123920,nan,4.0,0.4925726652145386,0.09878367930650711,0.008421875,0.08920451882060657,1711.2464890461915,0.010487573581460165
1,FF,mixed,jane_eyre_08_f000060|fma_140324,nan,4.0,0.2700987458229065,0.05825703963637352,0.015359375,0.06096970265160393,819.340691262956,1.4670547588132271e-06
1,FF,mixed,jane_eyre_12_f000078|fma_22472,nan,4.0,0.3543628752231598,0.1024479866027832,0.007828125,0.12375193362396288,2442.213209318149,0.014528618027362357
1,FF,mixed,jane_eyre_17_f000177|fma_71506,nan,4.0,0.049569904804229736,0.008238310925662518,0.10525,0.0639072485507586,1518.4971350285196,0.0044898582010817
1,FF,mixed,jane_eyre_17_f000379|fma_114244,nan,4.0,0.09892955422401428,0.020925775170326233,0.0536875,0.15750246097595275,2714.787406018658,0.04778518517468553
1,FF,mixed,dorothy_and_wizard_oz_02_f000150|fma_130401,nan,4.0,0.7516810297966003,0.15281255543231964,0.005078125,0.1837059954061782,2627.886340341549,0.08019068546501194
1,FF,mixed,dorothy_and_wizard_oz_03_f000008|fma_141875,nan,4.0,0.23080000281333923,0.06368746608495712,0.016734375,0.157439959999375,2520.083480795936,0.06262629649530216
1,FF,mixed,dorothy_and_wizard_oz_07_f000046|fma_3956,nan,4.0,0.18528807163238525,0.029198089614510536,0.04046875,0.24547258550914858,2993.390569165427,0.1032432303399816
1,FF,mixed,emerald_city_of_oz_05_f000014|fma_89814,nan,4.0,0.09905654191970825,0.03405016288161278,0.02334375,0.014250222659729058,293.884117213471,3.925240910655347e-06
