path,y_file_fake,y_voice_fake,y_music_fake,y_voice_present,y_music_present,source,generator,data_role,v7_vf,v7_vfile,v7_vp_model,v7_mf,v7_mfile,v7_mp_model,v9_vf,v9_vfile,v9_vp_model,v9_mf,v9_mfile,v9_mp_model
data\raw\public_v9\mlaad_tiny\fake\en\Cartesia.ai (Sonic-3)\dorothy_and_wizard_oz_06_f000040.wav,1,1,0,1,0,mlaad_tiny_matched,MLAAD::Cartesia.ai (Sonic-3),val_b_unseen_generator,0.7912576794624329,0.7979656457901001,0.9900355935096741,0.5372101664543152,0.5485857129096985,0.08947671949863434,0.6210108399391174,0.5955513715744019,0.9793961048126221,0.8514130711555481,0.8539744019508362,0.16315597295761108
data\raw\public_v9\mlaad_tiny\fake\en\Cartesia.ai (Sonic-3)\dorothy_and_wizard_oz_12_f000027.wav,1,1,0,1,0,mlaad_tiny_matched,MLAAD::Cartesia.ai (Sonic-3),val_b_unseen_generator,0.8235677480697632,0.8093061447143555,0.9908140897750854,0.47273409366607666,0.4772656559944153,0.09215083718299866,0.5705519914627075,0.5430678129196167,0.9712009429931641,0.8497011661529541,0.8525552749633789,0.16748280823230743
data\raw\public_v9\mlaad_tiny\fake\en\Cartesia.ai (Sonic-3)\emerald_city_of_oz_09_f000109.wav,1,1,0,1,0,mlaad_tiny_matched,MLAAD::Cartesia.ai (Sonic-3),val_b_unseen_generator,0.7935765981674194,0.7975025773048401,0.9780162572860718,0.5492628216743469,0.5647075176239014,0.11086097359657288,0.5570949912071228,0.5447750687599182,0.8784971833229065,0.8539453148841858,0.8548370003700256,0.1061495915055275
data\raw\public_v9\mlaad_tiny\fake\en\Cartesia.ai (Sonic-3)\emerald_city_of_oz_10_f000117.wav,1,1,0,1,0,mlaad_tiny_matched,MLAAD::Cartesia.ai (Sonic-3),val_b_unseen_generator,0.7953271269798279,0.7968445420265198,0.977220356464386,0.7063940763473511,0.7132596373558044,0.26043328642845154,0.5030092597007751,0.4882155954837799,0.9478877186775208,0.8034170866012573,0.7955456376075745,0.20028150081634521
data\raw\public_v9\mlaad_tiny\fake\en\Cartesia.ai (Sonic-3)\emerald_city_of_oz_12_f000086.wav,1,1,0,1,0,mlaad_tiny_matched,MLAAD::Cartesia.ai (Sonic-3),val_b_unseen_generator,0.7403224110603333,0.7437386512756348,0.9342427253723145,0.6347130537033081,0.643545389175415,0.1227286159992218,0.6326180696487427,0.6135021448135376,0.9825609922409058,0.8175349235534668,0.8125571012496948,0.09041152894496918
data\raw\public_v9\mlaad_tiny\fake\en\Cartesia.ai (Sonic-3)\emerald_city_of_oz_22_f000076.wav,1,1,0,1,0,mlaad_tiny_matched,MLAAD::Cartesia.ai (Sonic-3),val_b_unseen_generator,0.8014615774154663,0.8032416701316833,0.9483029246330261,0.4817678928375244,0.49194541573524475,0.06781259179115295,0.5766898393630981,0.5556726455688477,0.9115790128707886,0.907275915145874,0.9090258479118347,0.11199351400136948
data\raw\public_v9\mlaad_tiny\fake\en\Cartesia.ai (Sonic-3)\emerald_city_of_oz_29_f000057.wav,1,1,0,1,0,mlaad_tiny_matched,MLAAD::Cartesia.ai (Sonic-3),val_b_unseen_generator,0.7519985437393188,0.7638856768608093,0.9701206684112549,0.5804114937782288,0.5925561785697937,0.04540838673710823,0.6305446028709412,0.6195125579833984,0.988294243812561,0.8670612573623657,0.8673305511474609,0.09716156870126724
data\raw\public_v9\mlaad_tiny\fake\en\Cartesia.ai (Sonic-3)\hunters_space_02_f000038.wav,1,1,0,1,0,mlaad_tiny_matched,MLAAD::Cartesia.ai (Sonic-3),val_b_unseen_generator,0.787614643573761,0.7568789720535278,0.9848969578742981,0.5074609518051147,0.5108814239501953,0.06122543662786484,0.5959619879722595,0.5681694746017456,0.9829966425895691,0.8349147439002991,0.8365622758865356,0.11441877484321594
data\raw\public_v9\mlaad_tiny\fake\en\Cartesia.ai (Sonic-3)\hunters_space_12_f000054.wav,1,1,0,1,0,mlaad_tiny_matched,MLAAD::Cartesia.ai (Sonic-3),val_b_unseen_generator,0.736943781375885,0.745899498462677,0.8550904393196106,0.5364641547203064,0.5495091676712036,0.05928763374686241,0.5968968272209167,0.5810885429382324,0.9645354151725769,0.8276056051254272,0.8268454074859619,0.13026805222034454
data\raw\public_v9\mlaad_tiny\fake\en\Cartesia.ai (Sonic-3)\jane_eyre_01_f000012.wav,1,1,0,1,0,mlaad_tiny_matched,MLAAD::Cartesia.ai (Sonic-3),val_b_unseen_generator,0.7232841849327087,0.7345426678657532,0.9861963391304016,0.44983038306236267,0.44542717933654785,0.055161044001579285,0.5258833765983582,0.512822151184082,0.9806339740753174,0.8121216893196106,0.8149753212928772,0.13801071047782898
data\raw\public_v9\mlaad_tiny\fake\en\DeepGram\dorothy_and_wizard_oz_03_f000061.wav,1,1,0,1,0,mlaad_tiny_matched,MLAAD::DeepGram,val_b_unseen_generator,0.7654205560684204,0.7693389058113098,0.9780973196029663,0.6985312700271606,0.7081699371337891,0.1088518276810646,0.5654205679893494,0.5517885088920593,0.968109667301178,0.8727207183837891,0.8715329170227051,0.10224732011556625
data\raw\public_v9\mlaad_tiny\fake\en\DeepGram\dorothy_and_wizard_oz_11_f000069.wav,1,1,0,1,0,mlaad_tiny_matched,MLAAD::DeepGram,val_b_unseen_generator,0.7534788250923157,0.7530412077903748,0.9544986486434937,0.303020179271698,0.2938913106918335,0.09859253466129303,0.5778582692146301,0.55726557970047,0.9670329093933105,0.8112550973892212,0.8117845058441162,0.23541943728923798
data\raw\public_v9\mlaad_tiny\fake\en\DeepGram\emerald_city_of_oz_10_f000012.wav,1,1,0,1,0,mlaad_tiny_matched,MLAAD::DeepGram,val_b_unseen_generator,0.757781982421875,0.7647491097450256,0.9824655055999756,0.3053056597709656,0.2994650602340698,0.17759090662002563,0.5321621894836426,0.5234451293945312,0.9663056135177612,0.6926270723342896,0.7005860209465027,0.289298415184021
data\raw\public_v9\mlaad_tiny\fake\en\DeepGram\emerald_city_of_oz_10_f000046.wav,1,1,0,1,0,mlaad_tiny_matched,MLAAD::DeepGram,val_b_unseen_generator,0.7467849850654602,0.7564482092857361,0.9752150774002075,0.26531627774238586,0.2560631036758423,0.1455233246088028,0.5874545574188232,0.5772823095321655,0.9762911796569824,0.7716025114059448,0.7754045724868774,0.26958587765693665
data\raw\public_v9\mlaad_tiny\fake\en\DeepGram\emerald_city_of_oz_10_f000072.wav,1,1,0,1,0,mlaad_tiny_matched,MLAAD::DeepGram,val_b_unseen_generator,0.6421647667884827,0.6686643362045288,0.9662187695503235,0.31953296065330505,0.2965487241744995,0.0567573718726635,0.5049053430557251,0.4933176338672638,0.9812730550765991,0.7119324803352356,0.7168304920196533,0.15456776320934296
data\raw\public_v9\mlaad_tiny\fake\en\DeepGram\emerald_city_of_oz_14_f000041.wav,1,1,0,1,0,mlaad_tiny_matched,MLAAD::DeepGram,val_b_unseen_generator,0.793695330619812,0.7978471517562866,0.987117350101471,0.5460591912269592,0.5596827864646912,0.11888161301612854,0.5671094059944153,0.5564513802528381,0.9625547528266907,0.8264741897583008,0.8293648362159729,0.15629826486110687
data\raw\public_v9\mlaad_tiny\fake\en\DeepGram\emerald_city_of_oz_23_f000030.wav,1,1,0,1,0,mlaad_tiny_matched,MLAAD::DeepGram,val_b_unseen_generator,0.744249165058136,0.7541936635971069,0.9608807563781738,0.2790524363517761,0.27498260140419006,0.1765054166316986,0.5725084543228149,0.5597037672996521,0.971123456954956,0.8114646077156067,0.8128744959831238,0.24442028999328613
data\raw\public_v9\mlaad_tiny\fake\en\DeepGram\emerald_city_of_oz_29_f000051.wav,1,1,0,1,0,mlaad_tiny_matched,MLAAD::DeepGram,val_b_unseen_generator,0.7563410401344299,0.7575138211250305,0.9498723745346069,0.2055913805961609,0.20114150643348694,0.2697095274925232,0.5539994835853577,0.5377589464187622,0.9661000967025757,0.8169159889221191,0.8178917765617371,0.25908663868904114
data\raw\public_v9\mlaad_tiny\fake\en\DeepGram\jane_eyre_03_f000165.wav,1,1,0,1,0,mlaad_tiny_matched,MLAAD::DeepGram,val_b_unseen_generator,0.7513064742088318,0.7606166005134583,0.9654680490493774,0.7788360714912415,0.7855604290962219,0.21975895762443542,0.6299883723258972,0.6125198006629944,0.9769288897514343,0.864079475402832,0.8593463897705078,0.10347210615873337
data\raw\public_v9\mlaad_tiny\fake\en\DeepGram\jane_eyre_03_f000179.wav,1,1,0,1,0,mlaad_tiny_matched,MLAAD::DeepGram,val_b_unseen_generator,0.7849339246749878,0.774176836013794,0.97019362449646,0.7082247734069824,0.7168002724647522,0.1579420566558838,0.5885646939277649,0.5722045302391052,0.980076014995575,0.8409679532051086,0.8380630016326904,0.1246563047170639
data\raw\public_v9\mlaad_tiny\fake\en\Edge-TTS\emerald_city_of_oz_06_f000048.wav,1,1,0,1,0,mlaad_tiny_matched,MLAAD::Edge-TTS,val_b_unseen_generator,0.7659094333648682,0.7689493298530579,0.9680696725845337,0.26013779640197754,0.25605812668800354,0.17636314034461975,0.5945608019828796,0.5786690711975098,0.9763962626457214,0.7770973443984985,0.7762451171875,0.22698378562927246
data\raw\public_v9\mlaad_tiny\fake\en\Edge-TTS\emerald_city_of_oz_12_f000118.wav,1,1,0,1,0,mlaad_tiny_matched,MLAAD::Edge-TTS,val_b_unseen_generator,0.8286775350570679,0.8349176645278931,0.994055986404419,0.42294421792030334,0.4257623255252838,0.059442855417728424,0.5786577463150024,0.5638061761856079,0.9713298678398132,0.8762180805206299,0.8788224458694458,0.12276946753263474
data\raw\public_v9\mlaad_tiny\fake\en\Edge-TTS\emerald_city_of_oz_19_f000080.wav,1,1,0,1,0,mlaad_tiny_matched,MLAAD::Edge-TTS,val_b_unseen_generator,0.8311111927032471,0.8284918069839478,0.9955875277519226,0.48177725076675415,0.49035316705703735,0.053022146224975586,0.5909813642501831,0.5646928548812866,0.9771412014961243,0.8921371698379517,0.8932174444198608,0.08124259114265442
data\raw\public_v9\mlaad_tiny\fake\en\Edge-TTS\emerald_city_of_oz_23_f000060.wav,1,1,0,1,0,mlaad_tiny_matched,MLAAD::Edge-TTS,val_b_unseen_generator,0.7588534951210022,0.7647132873535156,0.9567790031433105,0.3913692235946655,0.3933982253074646,0.09857257455587387,0.5888559818267822,0.5778637528419495,0.9689702391624451,0.8638530373573303,0.8661772608757019,0.15245509147644043
data\raw\public_v9\mlaad_tiny\fake\en\Edge-TTS\hunters_space_13_f000101.wav,1,1,0,1,0,mlaad_tiny_matched,MLAAD::Edge-TTS,val_b_unseen_generator,0.8039519786834717,0.8062043190002441,0.9863327741622925,0.5592054128646851,0.5736263990402222,0.06761786341667175,0.5973218083381653,0.5819735527038574,0.9711080193519592,0.8802363872528076,0.8784661293029785,0.053965792059898376
data\raw\public_v9\mlaad_tiny\fake\en\Edge-TTS\jane_eyre_02_f000096.wav,1,1,0,1,0,mlaad_tiny_matched,MLAAD::Edge-TTS,val_b_unseen_generator,0.7698524594306946,0.7737383246421814,0.9511888027191162,0.25865647196769714,0.25642460584640503,0.18612396717071533,0.6145514845848083,0.5947717428207397,0.9625341296195984,0.8127370476722717,0.8131116628646851,0.2035391628742218
data\raw\public_v9\mlaad_tiny\fake\en\Edge-TTS\jane_eyre_04_f000070.wav,1,1,0,1,0,mlaad_tiny_matched,MLAAD::Edge-TTS,val_b_unseen_generator,0.7717200517654419,0.7727857828140259,0.950305163860321,0.33830124139785767,0.3378167748451233,0.08909714967012405,0.5466628670692444,0.53426593542099,0.937727153301239,0.8183149695396423,0.818979024887085,0.1391148716211319
data\raw\public_v9\mlaad_tiny\fake\en\Edge-TTS\jane_eyre_08_f000086.wav,1,1,0,1,0,mlaad_tiny_matched,MLAAD::Edge-TTS,val_b_unseen_generator,0.7918336987495422,0.7844717502593994,0.9757221937179565,0.4997561275959015,0.5101648569107056,0.06590324640274048,0.6189722418785095,0.5991582274436951,0.9827766418457031,0.8433930277824402,0.8419936895370483,0.08735682815313339
data\raw\public_v9\mlaad_tiny\fake\en\Edge-TTS\jane_eyre_12_f000050.wav,1,1,0,1,0,mlaad_tiny_matched,MLAAD::Edge-TTS,val_b_unseen_generator,0.823161780834198,0.8167360424995422,0.9855741858482361,0.5289519429206848,0.5433537364006042,0.08713692426681519,0.6086660623550415,0.5762304067611694,0.970964789390564,0.8516578674316406,0.8511877059936523,0.08982643485069275
data\raw\public_v9\mlaad_tiny\fake\en\Edge-TTS\jane_eyre_12_f000061.wav,1,1,0,1,0,mlaad_tiny_matched,MLAAD::Edge-TTS,val_b_unseen_generator,0.7373303771018982,0.7538267374038696,0.9883967041969299,0.5098044276237488,0.5141279101371765,0.04830024018883705,0.5562055706977844,0.5425118803977966,0.9840525388717651,0.8378542065620422,0.8379708528518677,0.07666412740945816
"data\raw\public_v9\mlaad_tiny\fake\en\Resemble.ai (April 12th, 2025)\dorothy_and_wizard_oz_01_f000032.wav",1,1,0,1,0,mlaad_tiny_matched,"MLAAD::Resemble.ai (April 12th, 2025)",val_b_unseen_generator,0.7173059582710266,0.7425052523612976,0.9925963878631592,0.5483472943305969,0.547355592250824,0.049481101334095,0.5409852266311646,0.5295385718345642,0.9861825704574585,0.801054835319519,0.8003802299499512,0.08628479391336441
"data\raw\public_v9\mlaad_tiny\fake\en\Resemble.ai (April 12th, 2025)\dorothy_and_wizard_oz_02_f000008.wav",1,1,0,1,0,mlaad_tiny_matched,"MLAAD::Resemble.ai (April 12th, 2025)",val_b_unseen_generator,0.8008587956428528,0.8042863011360168,0.9863080382347107,0.16169248521327972,0.1578933149576187,0.3070465922355652,0.4902348220348358,0.47720226645469666,0.9527668356895447,0.815457284450531,0.819277286529541,0.23326751589775085
"data\raw\public_v9\mlaad_tiny\fake\en\Resemble.ai (April 12th, 2025)\dorothy_and_wizard_oz_05_f000066.wav",1,1,0,1,0,mlaad_tiny_matched,"MLAAD::Resemble.ai (April 12th, 2025)",val_b_unseen_generator,0.777987539768219,0.7642546892166138,0.991255521774292,0.5055210590362549,0.5062631368637085,0.05873957276344299,0.601610541343689,0.5600942373275757,0.9844062328338623,0.8353452682495117,0.8361166715621948,0.08880465477705002
"data\raw\public_v9\mlaad_tiny\fake\en\Resemble.ai (April 12th, 2025)\dorothy_and_wizard_oz_06_f000025.wav",1,1,0,1,0,mlaad_tiny_matched,"MLAAD::Resemble.ai (April 12th, 2025)",val_b_unseen_generator,0.7835877537727356,0.776994526386261,0.9663683176040649,0.4495028257369995,0.45463740825653076,0.07479360699653625,0.620895504951477,0.6005698442459106,0.9799100160598755,0.8405541777610779,0.8423763513565063,0.1294412761926651
"data\raw\public_v9\mlaad_tiny\fake\en\Resemble.ai (April 12th, 2025)\dorothy_and_wizard_oz_09_f000035.wav",1,1,0,1,0,mlaad_tiny_matched,"MLAAD::Resemble.ai (April 12th, 2025)",val_b_unseen_generator,0.8300641179084778,0.8355283737182617,0.9962252378463745,0.5370218753814697,0.5499849915504456,0.06972043216228485,0.5526776909828186,0.5413475036621094,0.9731937646865845,0.8684081435203552,0.8700324296951294,0.10443220287561417
"data\raw\public_v9\mlaad_tiny\fake\en\Resemble.ai (April 12th, 2025)\emerald_city_of_oz_07_f000009.wav",1,1,0,1,0,mlaad_tiny_matched,"MLAAD::Resemble.ai (April 12th, 2025)",val_b_unseen_generator,0.7797183990478516,0.7806776762008667,0.9904317855834961,0.4556068181991577,0.45476511120796204,0.08234338462352753,0.5909912586212158,0.5685667395591736,0.9819275140762329,0.8302398324012756,0.8279032111167908,0.08424630016088486
"data\raw\public_v9\mlaad_tiny\fake\en\Resemble.ai (April 12th, 2025)\emerald_city_of_oz_21_f000090.wav",1,1,0,1,0,mlaad_tiny_matched,"MLAAD::Resemble.ai (April 12th, 2025)",val_b_unseen_generator,0.714401364326477,0.7368589639663696,0.9917094111442566,0.48636096715927124,0.4809654653072357,0.03229561075568199,0.5256921648979187,0.5128668546676636,0.9835831522941589,0.8481020331382751,0.8496392369270325,0.06751775741577148
"data\raw\public_v9\mlaad_tiny\fake\en\Resemble.ai (April 12th, 2025)\hunters_space_07_f000104.wav",1,1,0,1,0,mlaad_tiny_matched,"MLAAD::Resemble.ai (April 12th, 2025)",val_b_unseen_generator,0.7474062442779541,0.7517051100730896,0.9798306226730347,0.6404529809951782,0.6509426832199097,0.06781432777643204,0.5952107906341553,0.5728440284729004,0.9812864065170288,0.8378355503082275,0.8330098390579224,0.07199409604072571
"data\raw\public_v9\mlaad_tiny\fake\en\Resemble.ai (April 12th, 2025)\hunters_space_10_f000046.wav",1,1,0,1,0,mlaad_tiny_matched,"MLAAD::Resemble.ai (April 12th, 2025)",val_b_unseen_generator,0.7900000214576721,0.7987662553787231,0.9912926554679871,0.42641064524650574,0.42649298906326294,0.05208618566393852,0.5835696458816528,0.5702081918716431,0.9801040887832642,0.8525921106338501,0.8551475405693054,0.11598850786685944
"data\raw\public_v9\mlaad_tiny\fake\en\Resemble.ai (April 12th, 2025)\jane_eyre_01_f000063.wav",1,1,0,1,0,mlaad_tiny_matched,"MLAAD::Resemble.ai (April 12th, 2025)",val_b_unseen_generator,0.7922347784042358,0.7966676950454712,0.9783899784088135,0.5820271372795105,0.5917404294013977,0.107367604970932,0.6093128323554993,0.5969083905220032,0.963634729385376,0.8788737058639526,0.8770800232887268,0.0784328356385231
data\raw\public_v9\mlaad_tiny\original\en\dorothy_and_wizard_oz_01_f000032.wav,0,0,0,1,0,mlaad_tiny_matched,MLAAD_original,val_b_unseen_generator,0.6881359815597534,0.7123429775238037,0.9889175891876221,0.4060623347759247,0.3953540623188019,0.0633324384689331,0.4969709813594818,0.4842967689037323,0.9804725050926208,0.7328363656997681,0.7364914417266846,0.12300124019384384
data\raw\public_v9\mlaad_tiny\original\en\dorothy_and_wizard_oz_02_f000008.wav,0,0,0,1,0,mlaad_tiny_matched,MLAAD_original,val_b_unseen_generator,0.7825624942779541,0.7820659279823303,0.9778958559036255,0.502974271774292,0.5060901641845703,0.220865398645401,0.5558826923370361,0.5426536798477173,0.9692553877830505,0.636725902557373,0.6125435829162598,0.25493043661117554
data\raw\public_v9\mlaad_tiny\original\en\dorothy_and_wizard_oz_03_f000061.wav,0,0,0,1,0,mlaad_tiny_matched,MLAAD_original,val_b_unseen_generator,0.798317015171051,0.790240466594696,0.9795082807540894,0.48746222257614136,0.4978014826774597,0.12359809875488281,0.5360427498817444,0.5216894745826721,0.9658846855163574,0.819010853767395,0.8178993463516235,0.1237538605928421
data\raw\public_v9\mlaad_tiny\original\en\dorothy_and_wizard_oz_05_f000066.wav,0,0,0,1,0,mlaad_tiny_matched,MLAAD_original,val_b_unseen_generator,0.7404507398605347,0.7463862895965576,0.9767869114875793,0.41847318410873413,0.4185936450958252,0.16980156302452087,0.5339696407318115,0.5116152763366699,0.9769195318222046,0.7006465196609497,0.6960601806640625,0.22321657836437225
data\raw\public_v9\mlaad_tiny\original\en\dorothy_and_wizard_oz_06_f000025.wav,0,0,0,1,0,mlaad_tiny_matched,MLAAD_original,val_b_unseen_generator,0.7573379874229431,0.7489432096481323,0.9636803865432739,0.5040842294692993,0.5067571401596069,0.23433254659175873,0.542098343372345,0.5140690207481384,0.9625158309936523,0.7132364511489868,0.6997294425964355,0.20898479223251343
data\raw\public_v9\mlaad_tiny\original\en\dorothy_and_wizard_oz_06_f000040.wav,0,0,0,1,0,mlaad_tiny_matched,MLAAD_original,val_b_unseen_generator,0.7583352327346802,0.760212779045105,0.9703155755996704,0.3257697820663452,0.32853811979293823,0.26535776257514954,0.5342940092086792,0.5164090991020203,0.9716805219650269,0.6092367172241211,0.5939640998840332,0.315080463886261
data\raw\public_v9\mlaad_tiny\original\en\dorothy_and_wizard_oz_09_f000035.wav,0,0,0,1,0,mlaad_tiny_matched,MLAAD_original,val_b_unseen_generator,0.7758980393409729,0.780120849609375,0.9773914813995361,0.4428759515285492,0.4496329724788666,0.1842089593410492,0.5072256922721863,0.4938988983631134,0.9604990482330322,0.674340546131134,0.6613219380378723,0.20368549227714539
data\raw\public_v9\mlaad_tiny\original\en\dorothy_and_wizard_oz_11_f000069.wav,0,0,0,1,0,mlaad_tiny_matched,MLAAD_original,val_b_unseen_generator,0.7998700737953186,0.7728093266487122,0.9823093414306641,0.5284251570701599,0.5351210236549377,0.14721186459064484,0.5501387715339661,0.5308293104171753,0.965686023235321,0.7296292781829834,0.7151790857315063,0.18213407695293427
data\raw\public_v9\mlaad_tiny\original\en\dorothy_and_wizard_oz_12_f000027.wav,0,0,0,1,0,mlaad_tiny_matched,MLAAD_original,val_b_unseen_generator,0.7954370975494385,0.7994924187660217,0.9845995903015137,0.5880032181739807,0.5943950414657593,0.2267221361398697,0.5554212927818298,0.5375745296478271,0.9605764150619507,0.7595715522766113,0.7485648393630981,0.1847207248210907
data\raw\public_v9\mlaad_tiny\original\en\emerald_city_of_oz_06_f000048.wav,0,0,0,1,0,mlaad_tiny_matched,MLAAD_original,val_b_unseen_generator,0.7499906420707703,0.752709150314331,0.9657482504844666,0.6020655035972595,0.6085288524627686,0.12301257997751236,0.6009413003921509,0.575251042842865,0.9759535789489746,0.7286646366119385,0.7109837532043457,0.13325941562652588
data\raw\public_v9\mlaad_tiny\original\en\emerald_city_of_oz_07_f000009.wav,0,0,0,1,0,mlaad_tiny_matched,MLAAD_original,val_b_unseen_generator,0.7548519372940063,0.7596968412399292,0.9667084217071533,0.5346955060958862,0.5352157354354858,0.14009878039360046,0.5602914094924927,0.545000433921814,0.9713751673698425,0.6698219776153564,0.6463937759399414,0.19574545323848724
data\raw\public_v9\mlaad_tiny\original\en\emerald_city_of_oz_09_f000109.wav,0,0,0,1,0,mlaad_tiny_matched,MLAAD_original,val_b_unseen_generator,0.7555025219917297,0.7647478580474854,0.9595935940742493,0.7087032198905945,0.7158632278442383,0.13173513114452362,0.5789582133293152,0.5648597478866577,0.9612935781478882,0.7121486663818359,0.6858021020889282,0.20659111440181732
data\raw\public_v9\mlaad_tiny\original\en\emerald_city_of_oz_10_f000012.wav,0,0,0,1,0,mlaad_tiny_matched,MLAAD_original,val_b_unseen_generator,0.7894287705421448,0.7920980453491211,0.9687718152999878,0.5657105445861816,0.5781740546226501,0.15062397718429565,0.570270299911499,0.5559390783309937,0.9498040676116943,0.8373692035675049,0.8319702744483948,0.08107475936412811
data\raw\public_v9\mlaad_tiny\original\en\emerald_city_of_oz_10_f000046.wav,0,0,0,1,0,mlaad_tiny_matched,MLAAD_original,val_b_unseen_generator,0.7810048460960388,0.785856306552887,0.9736363291740417,0.5856727957725525,0.5971740484237671,0.12365904450416565,0.5842129588127136,0.5700314044952393,0.9745813012123108,0.7585808634757996,0.7424524426460266,0.13441024720668793
data\raw\public_v9\mlaad_tiny\original\en\emerald_city_of_oz_10_f000072.wav,0,0,0,1,0,mlaad_tiny_matched,MLAAD_original,val_b_unseen_generator,0.6817320585250854,0.7145960330963135,0.9892981052398682,0.48446038365364075,0.47673189640045166,0.05817672982811928,0.5242918133735657,0.5115114450454712,0.9834195375442505,0.7198064923286438,0.7168480157852173,0.0968455895781517
data\raw\public_v9\mlaad_tiny\original\en\emerald_city_of_oz_10_f000117.wav,0,0,0,1,0,mlaad_tiny_matched,MLAAD_original,val_b_unseen_generator,0.7885354161262512,0.7777401208877563,0.9681925773620605,0.5511548519134521,0.5543181896209717,0.20800167322158813,0.5775579810142517,0.5620752573013306,0.972068190574646,0.7423402070999146,0.724228024482727,0.17462949454784393
data\raw\public_v9\mlaad_tiny\original\en\emerald_city_of_oz_12_f000086.wav,0,0,0,1,0,mlaad_tiny_matched,MLAAD_original,val_b_unseen_generator,0.7915194630622864,0.7869352102279663,0.9801952838897705,0.5347217321395874,0.5467174053192139,0.13610830903053284,0.5807745456695557,0.5644617080688477,0.973549485206604,0.8071750402450562,0.8052719831466675,0.13124746084213257
data\raw\public_v9\mlaad_tiny\original\en\emerald_city_of_oz_12_f000118.wav,0,0,0,1,0,mlaad_tiny_matched,MLAAD_original,val_b_unseen_generator,0.804257869720459,0.8067140579223633,0.9862676858901978,0.5421411991119385,0.5576967597007751,0.10476197302341461,0.5800564289093018,0.5654246807098389,0.9709299802780151,0.8410409688949585,0.8400130271911621,0.08188626915216446
data\raw\public_v9\mlaad_tiny\original\en\emerald_city_of_oz_14_f000041.wav,0,0,0,1,0,mlaad_tiny_matched,MLAAD_original,val_b_unseen_generator,0.775256872177124,0.7817364931106567,0.9820054769515991,0.5325385332107544,0.5425710678100586,0.15482096374034882,0.5623712539672852,0.5501830577850342,0.9738823771476746,0.861711323261261,0.8621194958686829,0.11781998723745346
data\raw\public_v9\mlaad_tiny\original\en\emerald_city_of_oz_19_f000080.wav,0,0,0,1,0,mlaad_tiny_matched,MLAAD_original,val_b_unseen_generator,0.8145664930343628,0.813261091709137,0.9911102056503296,0.5290635824203491,0.5415759682655334,0.10677909851074219,0.5803399682044983,0.5568931102752686,0.9761390686035156,0.8146576285362244,0.8119401335716248,0.11296819150447845
data\raw\public_v9\mlaad_tiny\original\en\emerald_city_of_oz_21_f000090.wav,0,0,0,1,0,mlaad_tiny_matched,MLAAD_original,val_b_unseen_generator,0.6935270428657532,0.7234321236610413,0.9922115802764893,0.4597008228302002,0.44984641671180725,0.049097876995801926,0.4969864785671234,0.4837023615837097,0.9801496863365173,0.7523131370544434,0.7541025280952454,0.09030257910490036
data\raw\public_v9\mlaad_tiny\original\en\emerald_city_of_oz_22_f000076.wav,0,0,0,1,0,mlaad_tiny_matched,MLAAD_original,val_b_unseen_generator,0.7746681571006775,0.7762536406517029,0.9631175994873047,0.529011607170105,0.5352202653884888,0.17693309485912323,0.5397753715515137,0.5246346592903137,0.9379147291183472,0.7671874165534973,0.7549765110015869,0.1244170144200325
data\raw\public_v9\mlaad_tiny\original\en\emerald_city_of_oz_23_f000030.wav,0,0,0,1,0,mlaad_tiny_matched,MLAAD_original,val_b_unseen_generator,0.7590479850769043,0.7689161896705627,0.9821412563323975,0.46741941571235657,0.47147852182388306,0.2296844720840454,0.5592143535614014,0.5450341701507568,0.9679490923881531,0.7186300754547119,0.7006028890609741,0.17891967296600342
data\raw\public_v9\mlaad_tiny\original\en\emerald_city_of_oz_23_f000060.wav,0,0,0,1,0,mlaad_tiny_matched,MLAAD_original,val_b_unseen_generator,0.779524028301239,0.7722474336624146,0.9745470285415649,0.6274418830871582,0.6341015100479126,0.23027163743972778,0.565326452255249,0.5499284267425537,0.9717574119567871,0.7833069562911987,0.7761194705963135,0.1717529594898224
data\raw\public_v9\mlaad_tiny\original\en\emerald_city_of_oz_29_f000051.wav,0,0,0,1,0,mlaad_tiny_matched,MLAAD_original,val_b_unseen_generator,0.7530438899993896,0.7539196014404297,0.9680608510971069,0.5346428155899048,0.5391321182250977,0.19539205729961395,0.5762407183647156,0.5595069527626038,0.9738012552261353,0.7397055625915527,0.7268449068069458,0.18477937579154968
data\raw\public_v9\mlaad_tiny\original\en\emerald_city_of_oz_29_f000057.wav,0,0,0,1,0,mlaad_tiny_matched,MLAAD_original,val_b_unseen_generator,0.7715528607368469,0.7754704356193542,0.9747325778007507,0.5478390455245972,0.561282753944397,0.13373737037181854,0.5600633025169373,0.547173798084259,0.970790684223175,0.7311995625495911,0.7176435589790344,0.1485004872083664
data\raw\public_v9\mlaad_tiny\original\en\hunters_space_02_f000038.wav,0,0,0,1,0,mlaad_tiny_matched,MLAAD_original,val_b_unseen_generator,0.7278454899787903,0.7134085893630981,0.9694225788116455,0.26361745595932007,0.2519600987434387,0.10435136407613754,0.5598472356796265,0.5312944650650024,0.9771130084991455,0.7230253219604492,0.7224758863449097,0.16826176643371582
data\raw\public_v9\mlaad_tiny\original\en\hunters_space_07_f000104.wav,0,0,0,1,0,mlaad_tiny_matched,MLAAD_original,val_b_unseen_generator,0.7468273043632507,0.7367717623710632,0.9750205874443054,0.27808547019958496,0.26627206802368164,0.07863302528858185,0.5539125800132751,0.5324710607528687,0.9772971868515015,0.7737629413604736,0.7738687992095947,0.14930158853530884
data\raw\public_v9\mlaad_tiny\original\en\hunters_space_10_f000046.wav,0,0,0,1,0,mlaad_tiny_matched,MLAAD_original,val_b_unseen_generator,0.7353052496910095,0.743802011013031,0.9857988357543945,0.18960857391357422,0.17965872585773468,0.20029452443122864,0.47799795866012573,0.46667009592056274,0.9703715443611145,0.7747880816459656,0.7777518033981323,0.20172518491744995
data\raw\public_v9\mlaad_tiny\original\en\hunters_space_12_f000054.wav,0,0,0,1,0,mlaad_tiny_matched,MLAAD_original,val_b_unseen_generator,0.6738224029541016,0.6888964772224426,0.8969749808311462,0.31339988112449646,0.30454349517822266,0.12662015855312347,0.5856370329856873,0.5762775540351868,0.979420006275177,0.6729617118835449,0.6648468375205994,0.17370863258838654
data\raw\public_v9\mlaad_tiny\original\en\hunters_space_13_f000101.wav,0,0,0,1,0,mlaad_tiny_matched,MLAAD_original,val_b_unseen_generator,0.7203729748725891,0.7098522186279297,0.9600069522857666,0.17878998816013336,0.17050932347774506,0.21117016673088074,0.508781373500824,0.4930451512336731,0.9741955399513245,0.6948553323745728,0.698860764503479,0.2406279593706131
data\raw\public_v9\mlaad_tiny\original\en\jane_eyre_01_f000012.wav,0,0,0,1,0,mlaad_tiny_matched,MLAAD_original,val_b_unseen_generator,0.6839128136634827,0.697025716304779,0.9685425162315369,0.5669495463371277,0.5652692914009094,0.12646228075027466,0.5481587052345276,0.5367913246154785,0.9792311191558838,0.7230570316314697,0.7186475396156311,0.13379031419754028
data\raw\public_v9\mlaad_tiny\original\en\jane_eyre_01_f000063.wav,0,0,0,1,0,mlaad_tiny_matched,MLAAD_original,val_b_unseen_generator,0.7208345532417297,0.7243279814720154,0.9314302206039429,0.5827281475067139,0.5835503339767456,0.4658633768558502,0.5238186120986938,0.516860842704773,0.9611574411392212,0.6851223707199097,0.6744741797447205,0.30360132455825806
data\raw\public_v9\mlaad_tiny\original\en\jane_eyre_02_f000096.wav,0,0,0,1,0,mlaad_tiny_matched,MLAAD_original,val_b_unseen_generator,0.7375757098197937,0.7282640933990479,0.9387192726135254,0.635647177696228,0.635195255279541,0.32591724395751953,0.5409125685691833,0.5316131114959717,0.9649645686149597,0.7242846488952637,0.7128418684005737,0.18921521306037903
data\raw\public_v9\mlaad_tiny\original\en\jane_eyre_03_f000165.wav,0,0,0,1,0,mlaad_tiny_matched,MLAAD_original,val_b_unseen_generator,0.7173914909362793,0.7223929762840271,0.9239437580108643,0.6665398478507996,0.6678256988525391,0.42175155878067017,0.5003898739814758,0.4882345199584961,0.9499696493148804,0.6813581585884094,0.6685194373130798,0.3030308485031128
data\raw\public_v9\mlaad_tiny\original\en\jane_eyre_03_f000179.wav,0,0,0,1,0,mlaad_tiny_matched,MLAAD_original,val_b_unseen_generator,0.7406786680221558,0.7443593740463257,0.9452824592590332,0.6254242658615112,0.6273976564407349,0.23134365677833557,0.5362603068351746,0.5151767134666443,0.966243326663971,0.800352931022644,0.8008143305778503,0.16259177029132843
data\raw\public_v9\mlaad_tiny\original\en\jane_eyre_04_f000070.wav,0,0,0,1,0,mlaad_tiny_matched,MLAAD_original,val_b_unseen_generator,0.7282807230949402,0.7325245141983032,0.9284272789955139,0.7209763526916504,0.7216787934303284,0.41843560338020325,0.46228912472724915,0.4503861665725708,0.9257608652114868,0.7006928324699402,0.6884530782699585,0.37514451146125793
data\raw\public_v9\mlaad_tiny\original\en\jane_eyre_08_f000086.wav,0,0,0,1,0,mlaad_tiny_matched,MLAAD_original,val_b_unseen_generator,0.728273868560791,0.7160549163818359,0.964476466178894,0.6937488913536072,0.6952703595161438,0.30120551586151123,0.5209982395172119,0.5000041723251343,0.9741707444190979,0.7866878509521484,0.7911407947540283,0.22917571663856506
data\raw\public_v9\mlaad_tiny\original\en\jane_eyre_12_f000050.wav,0,0,0,1,0,mlaad_tiny_matched,MLAAD_original,val_b_unseen_generator,0.7372406125068665,0.7299154996871948,0.9421801567077637,0.5574842691421509,0.5577105283737183,0.28768855333328247,0.52290278673172,0.5040463805198669,0.9661682844161987,0.6828528642654419,0.6757947206497192,0.22700992226600647
data\raw\public_v9\mlaad_tiny\original\en\jane_eyre_12_f000061.wav,0,0,0,1,0,mlaad_tiny_matched,MLAAD_original,val_b_unseen_generator,0.6695993542671204,0.6877030730247498,0.9714158177375793,0.6051923632621765,0.6015795469284058,0.1627318263053894,0.5174604058265686,0.5054733753204346,0.979534924030304,0.757261335849762,0.7591493725776672,0.15610924363136292
data\raw\public_v9\echoes_fma_paired\real\fma_111819.mp3,0,0,0,0,1,echoes_fma_paired,Echoes::FMA_original,val_b_unseen_music_generator,0.678504228591919,0.6597254276275635,0.5602598786354065,6.400833285624685e-08,5.905206279521735e-08,0.9999998211860657,0.6132389903068542,0.611412763595581,0.47351017594337463,0.05361538380384445,0.05237998068332672,0.9990423321723938
data\raw\public_v9\echoes_fma_paired\fake\Ad_Astra_P_C_III_diffrhythm_ATA_001.mp3,1,0,1,0,1,echoes_fma_paired,Echoes::diffrhythm,val_b_unseen_music_generator,0.7123472094535828,0.6833866834640503,0.6075157523155212,0.0077201384119689465,0.006565922871232033,0.8653075695037842,0.5904868245124817,0.5162261128425598,0.7777723670005798,0.3509056568145752,0.34529104828834534,0.8407325744628906
data\raw\public_v9\echoes_fma_paired\fake\Ad_Astra_P_C_III_songgen_ATA_001.mp3,1,0,1,0,1,echoes_fma_paired,Echoes::songgen,val_b_unseen_music_generator,0.7573536038398743,0.7452025413513184,0.8931090831756592,0.04034193605184555,0.04146788641810417,0.9732915759086609,0.565942645072937,0.551629900932312,0.5374998450279236,0.31415095925331116,0.30336934328079224,0.9645399451255798
data\raw\public_v9\echoes_fma_paired\real\fma_111821.mp3,0,0,0,0,1,echoes_fma_paired,Echoes::FMA_original,val_b_unseen_music_generator,0.6891200542449951,0.6733800172805786,0.47714710235595703,6.036469102355113e-08,5.634964139744625e-08,0.9999999403953552,0.6211328506469727,0.6070582866668701,0.453450471162796,0.10836086422204971,0.10609482228755951,0.9990144371986389
data\raw\public_v9\echoes_fma_paired\fake\Ancient_Whispers_I_P_C_III_diffrhythm_ATA_001.mp3,1,0,1,0,1,echoes_fma_paired,Echoes::diffrhythm,val_b_unseen_music_generator,0.6999692916870117,0.646431565284729,0.7162420153617859,0.0017962970305234194,0.001722217770293355,0.9967949986457825,0.5639795660972595,0.48280829191207886,0.7813708782196045,0.226639062166214,0.22533436119556427,0.9805915951728821
data\raw\public_v9\echoes_fma_paired\fake\Ancient_Whispers_I_P_C_III_songgen_ATA_001.mp3,1,0,1,0,1,echoes_fma_paired,Echoes::songgen,val_b_unseen_music_generator,0.7943971157073975,0.7833106517791748,0.9151915907859802,0.03729317709803581,0.03825956955552101,0.9595515131950378,0.49880820512771606,0.48063310980796814,0.9033029675483704,0.5003753304481506,0.48967045545578003,0.9005104899406433
data\raw\public_v9\echoes_fma_paired\real\fma_112378.mp3,0,0,0,0,1,echoes_fma_paired,Echoes::FMA_original,val_b_unseen_music_generator,0.7192085385322571,0.7213659286499023,0.7613604664802551,2.0098155800951645e-05,1.913639425765723e-05,0.9999983906745911,0.416836678981781,0.4004511833190918,0.6459072828292847,0.49287229776382446,0.4954642951488495,0.9988091588020325
data\raw\public_v9\echoes_fma_paired\fake\3_am_West_End_statusq_diffrhythm_ATA_001.mp3,1,0,1,0,1,echoes_fma_paired,Echoes::diffrhythm,val_b_unseen_music_generator,0.7370579242706299,0.7163774967193604,0.6857419610023499,0.02304469794034958,0.023114724084734917,0.9533317685127258,0.5875978469848633,0.541955828666687,0.6640435457229614,0.4866880178451538,0.4884473979473114,0.8593632578849792
data\raw\public_v9\echoes_fma_paired\fake\3_am_West_End_statusq_songgen_ATA_001.mp3,1,0,1,0,1,echoes_fma_paired,Echoes::songgen,val_b_unseen_music_generator,0.7616783380508423,0.7624874114990234,0.9729984402656555,0.3907870352268219,0.3858290910720825,0.12988989055156708,0.5495790839195251,0.5333150625228882,0.9808949828147888,0.7973875999450684,0.8000233173370361,0.1519872546195984
data\raw\public_v9\echoes_fma_paired\real\fma_114244.mp3,0,0,0,0,1,echoes_fma_paired,Echoes::FMA_original,val_b_unseen_music_generator,0.6914365887641907,0.6705780625343323,0.5004212856292725,0.00012488168431445956,0.00011880440433742478,0.9997264742851257,0.5323763489723206,0.49676182866096497,0.5892391800880432,0.21776574850082397,0.21857790648937225,0.9842169880867004
data\raw\public_v9\echoes_fma_paired\fake\2Much_Andy_Spinelli_Alex_Sánchez_House_Edit_Tentacles_diffrhythm_ATA_001.mp3,1,0,1,0,1,echoes_fma_paired,Echoes::diffrhythm,val_b_unseen_music_generator,0.674799382686615,0.6651745438575745,0.6276693940162659,0.0033813943155109882,0.003294839523732662,0.9942545890808105,0.46402302384376526,0.4361782670021057,0.7223321795463562,0.6800637245178223,0.6850534677505493,0.8677470684051514
data\raw\public_v9\echoes_fma_paired\fake\2Much_Andy_Spinelli_Alex_Sánchez_House_Edit_Tentacles_songgen_ATA_001.mp3,1,0,1,0,1,echoes_fma_paired,Echoes::songgen,val_b_unseen_music_generator,0.7037070989608765,0.681475043296814,0.47254106402397156,0.002975607290863991,0.002938892925158143,0.9983915686607361,0.507088303565979,0.47377872467041016,0.5549077391624451,0.7015847563743591,0.7006417512893677,0.9489993453025818
data\raw\public_v9\echoes_fma_paired\real\fma_118048.mp3,0,0,0,0,1,echoes_fma_paired,Echoes::FMA_original,val_b_unseen_music_generator,0.7454124689102173,0.7444683313369751,0.9043850302696228,0.000946297834161669,0.0009108090307563543,0.9967486262321472,0.4246821105480194,0.4110078811645508,0.7527609467506409,0.44130319356918335,0.4455207586288452,0.8961682319641113
data\raw\public_v9\echoes_fma_paired\fake\Attention_Pete_Prodoehl_diffrhythm_ATA_001.mp3,1,0,1,0,1,echoes_fma_paired,Echoes::diffrhythm,val_b_unseen_music_generator,0.6894757747650146,0.6732159852981567,0.4979931116104126,3.623317979872809e-06,3.4268491617694963e-06,0.9999949336051941,0.4933949410915375,0.4614275395870209,0.6857163310050964,0.27158123254776,0.2688210904598236,0.9959052205085754
data\raw\public_v9\echoes_fma_paired\fake\Attention_Pete_Prodoehl_songgen_TTA_001.mp3,1,0,1,0,1,echoes_fma_paired,Echoes::songgen,val_b_unseen_music_generator,0.7170834541320801,0.7001078128814697,0.5418226718902588,4.529253419605084e-05,4.214417276671156e-05,0.9997437596321106,0.6526080369949341,0.5993030667304993,0.4895459711551666,0.6913626194000244,0.6903761029243469,0.9145218729972839
data\raw\public_v9\echoes_fma_paired\real\fma_127294.mp3,0,0,0,0,1,echoes_fma_paired,Echoes::FMA_original,val_b_unseen_music_generator,0.8183894157409668,0.7772011756896973,0.24171467125415802,1.4156605629978003e-06,1.3024905456404667e-06,0.9999979138374329,0.6641950607299805,0.6747801899909973,0.2803240120410919,0.33190274238586426,0.33084774017333984,0.99881511926651
data\raw\public_v9\echoes_fma_paired\fake\Autopsy_Oh_Yeah_the_Future_diffrhythm_ATA_001.mp3,1,0,1,0,1,echoes_fma_paired,Echoes::diffrhythm,val_b_unseen_music_generator,0.7678508758544922,0.7325722575187683,0.4166346490383148,2.2854836061014794e-05,2.1656043827533722e-05,0.999962329864502,0.5386661887168884,0.5109689235687256,0.5830191969871521,0.3193136751651764,0.31868040561676025,0.99408358335495
data\raw\public_v9\echoes_fma_paired\fake\Autopsy_Oh_Yeah_the_Future_songgen_ATA_001.mp3,1,0,1,0,1,echoes_fma_paired,Echoes::songgen,val_b_unseen_music_generator,0.7274628281593323,0.7079215049743652,0.5514437556266785,0.001197845209389925,0.0012171946000307798,0.9990646839141846,0.5771476626396179,0.5680109262466431,0.4696867763996124,0.6221801042556763,0.6178351044654846,0.9823107123374939
data\raw\public_v9\echoes_fma_paired\real\fma_129963.mp3,0,0,0,0,1,echoes_fma_paired,Echoes::FMA_original,val_b_unseen_music_generator,0.7024706602096558,0.6778405904769897,0.4223330020904541,1.2108426744816825e-05,1.1158816050738096e-05,0.9999651908874512,0.5024519562721252,0.4930480718612671,0.5362219214439392,0.3227699398994446,0.32123783230781555,0.9937512278556824
data\raw\public_v9\echoes_fma_paired\fake\A_Dark_Blue_Arc_Pipe_Choir_diffrhythm_ATA_001.mp3,1,0,1,0,1,echoes_fma_paired,Echoes::diffrhythm,val_b_unseen_music_generator,0.722690224647522,0.6893976926803589,0.6014837622642517,0.18226906657218933,0.16852621734142303,0.6798226237297058,0.6437479853630066,0.5774950981140137,0.7807603478431702,0.5420737266540527,0.5444298982620239,0.7107188105583191
data\raw\public_v9\echoes_fma_paired\fake\A_Dark_Blue_Arc_Pipe_Choir_songgen_ATA_001.mp3,1,0,1,0,1,echoes_fma_paired,Echoes::songgen,val_b_unseen_music_generator,0.6657781004905701,0.6681169867515564,0.8322127461433411,0.2608731985092163,0.26307213306427,0.9780447483062744,0.5118546485900879,0.4414583444595337,0.747581958770752,0.6549774408340454,0.6606554985046387,0.9701040387153625
data\raw\public_v9\echoes_fma_paired\real\fma_130129.mp3,0,0,0,0,1,echoes_fma_paired,Echoes::FMA_original,val_b_unseen_music_generator,0.7657341361045837,0.7220637202262878,0.3975540101528168,1.158237864729017e-05,1.0858115274459124e-05,0.9999804496765137,0.6935256123542786,0.6801047325134277,0.38779783248901367,0.38494667410850525,0.38395506143569946,0.9965168833732605
data\raw\public_v9\echoes_fma_paired\fake\Artificial_anxiety_Michett_diffrhythm_ATA_001.mp3,1,0,1,0,1,echoes_fma_paired,Echoes::diffrhythm,val_b_unseen_music_generator,0.7291574478149414,0.6998704671859741,0.6026865839958191,0.0024307561106979847,0.0024015791714191437,0.9944610595703125,0.562219500541687,0.5402349233627319,0.6518616676330566,0.3749420940876007,0.373050719499588,0.950641393661499
data\raw\public_v9\echoes_fma_paired\fake\Artificial_anxiety_Michett_songgen_ATA_001.mp3,1,0,1,0,1,echoes_fma_paired,Echoes::songgen,val_b_unseen_music_generator,0.6967902779579163,0.6741323471069336,0.482231467962265,3.7773138501506764e-06,3.5576185837271623e-06,0.9999942779541016,0.5209072828292847,0.5038419365882874,0.543047308921814,0.3856365382671356,0.3829115033149719,0.9913475513458252
data\raw\public_v9\echoes_fma_paired\real\fma_130401.mp3,0,0,0,0,1,echoes_fma_paired,Echoes::FMA_original,val_b_unseen_music_generator,0.7194862365722656,0.6937047243118286,0.3936123847961426,3.9274723917515075e-07,3.6469486985879485e-07,0.9999993443489075,0.6712521314620972,0.6565201282501221,0.39846113324165344,0.2185434103012085,0.21457621455192566,0.9984044432640076
data\raw\public_v9\echoes_fma_paired\fake\50000_Volts_of_Democracy_mp3_Legally_Blind_diffrhythm_ATA_001.mp3,1,0,1,0,1,echoes_fma_paired,Echoes::diffrhythm,val_b_unseen_music_generator,0.7202876210212708,0.6914694309234619,0.3766349256038666,2.873490075216978e-06,2.6474679089005804e-06,0.9999947547912598,0.588632345199585,0.5806324481964111,0.47560790181159973,0.2681019604206085,0.2635950446128845,0.9960080981254578
data\raw\public_v9\echoes_fma_paired\fake\50000_Volts_of_Democracy_mp3_Legally_Blind_songgen_TTA_001.mp3,1,0,1,0,1,echoes_fma_paired,Echoes::songgen,val_b_unseen_music_generator,0.7420881986618042,0.7126660346984863,0.36865273118019104,6.079910963308066e-05,5.7212695537600666e-05,0.9999461770057678,0.6060738563537598,0.5971584916114807,0.3984816074371338,0.5865789651870728,0.5803344249725342,0.9890767335891724
data\raw\public_v9\echoes_fma_paired\real\fma_137049.mp3,0,0,0,0,1,echoes_fma_paired,Echoes::FMA_original,val_b_unseen_music_generator,0.7191969752311707,0.706423282623291,0.561880886554718,0.001082592993043363,0.0010370289674028754,0.9961698651313782,0.6442384123802185,0.6314010620117188,0.45820674300193787,0.612676739692688,0.6100758910179138,0.9316613674163818
data\raw\public_v9\echoes_fma_paired\fake\Autobahn_S-B-J_diffrhythm_ATA_001.mp3,1,0,1,0,1,echoes_fma_paired,Echoes::diffrhythm,val_b_unseen_music_generator,0.6820888519287109,0.6669483780860901,0.5301387310028076,0.00021103743347339332,0.0001989935990422964,0.9996406435966492,0.7559102773666382,0.7100768089294434,0.5653678774833679,0.7898828387260437,0.7949134707450867,0.947611391544342
data\raw\public_v9\echoes_fma_paired\fake\Autobahn_S-B-J_songgen_ATA_001.mp3,1,0,1,0,1,echoes_fma_paired,Echoes::songgen,val_b_unseen_music_generator,0.7450623512268066,0.7474644184112549,0.8378697037696838,0.0035831029526889324,0.0033569601364433765,0.954537570476532,0.46441060304641724,0.443777859210968,0.903986930847168,0.7572895288467407,0.7549362778663635,0.539333164691925
data\raw\public_v9\echoes_fma_paired\real\fma_138061.mp3,0,0,0,0,1,echoes_fma_paired,Echoes::FMA_original,val_b_unseen_music_generator,0.6943743824958801,0.6843583583831787,0.6740131378173828,0.0017324363579973578,0.001633539330214262,0.9947602152824402,0.6451935768127441,0.6291340589523315,0.5511648058891296,0.3601806163787842,0.36546528339385986,0.9700570106506348
data\raw\public_v9\echoes_fma_paired\fake\Bergwald_Bergwald_Every_Now_and_Every_Then_diffrhythm_ATA_001.mp3,1,0,1,0,1,echoes_fma_paired,Echoes::diffrhythm,val_b_unseen_music_generator,0.7056123614311218,0.6922621726989746,0.48876896500587463,3.762225105674588e-06,3.594966756281792e-06,0.9999954104423523,0.7534547448158264,0.6680964231491089,0.4415378272533417,0.2607136368751526,0.2564839720726013,0.9970240592956543
data\raw\public_v9\echoes_fma_paired\fake\Bergwald_Bergwald_Every_Now_and_Every_Then_songgen_TTA_001.mp3,1,0,1,0,1,echoes_fma_paired,Echoes::songgen,val_b_unseen_music_generator,0.7155920267105103,0.6899881362915039,0.42026370763778687,0.0001102074165828526,0.00010405525972601026,0.9993891716003418,0.6230151653289795,0.6399520635604858,0.31758010387420654,0.508045494556427,0.5070136785507202,0.9348304271697998
data\raw\public_v9\echoes_fma_paired\real\fma_140924.mp3,0,0,0,0,1,echoes_fma_paired,Echoes::FMA_original,val_b_unseen_music_generator,0.7201690077781677,0.6933486461639404,0.38070300221443176,1.279928385500284e-09,1.1716867476252446e-09,1.0,0.707156777381897,0.7043156623840332,0.3985675871372223,0.3007258176803589,0.2910194396972656,0.9998653531074524
data\raw\public_v9\echoes_fma_paired\fake\Authenticity_Nihilore_diffrhythm_ATA_001.mp3,1,0,1,0,1,echoes_fma_paired,Echoes::diffrhythm,val_b_unseen_music_generator,0.7006139755249023,0.6775620579719543,0.603975772857666,0.1904604434967041,0.17649944126605988,0.6772227883338928,0.5338385701179504,0.509513258934021,0.6872003674507141,0.5244030952453613,0.526454508304596,0.7084310054779053
data\raw\public_v9\echoes_fma_paired\fake\Authenticity_Nihilore_songgen_ATA_001.mp3,1,0,1,0,1,echoes_fma_paired,Echoes::songgen,val_b_unseen_music_generator,0.7234516739845276,0.7088422775268555,0.6030037999153137,1.1895946954609826e-05,1.115651957661612e-05,0.9999973773956299,0.6872780919075012,0.6596940755844116,0.4241032302379608,0.7841763496398926,0.7836686372756958,0.9987483024597168
data\raw\public_v9\echoes_fma_paired\real\fma_140926.mp3,0,0,0,0,1,echoes_fma_paired,Echoes::FMA_original,val_b_unseen_music_generator,0.6972914338111877,0.6793020963668823,0.503315269947052,9.323252356807643e-07,8.484030331601389e-07,0.9999985694885254,0.6964259147644043,0.6646923422813416,0.43110284209251404,0.5433521270751953,0.547792911529541,0.9957134127616882
data\raw\public_v9\echoes_fma_paired\fake\A_Different_World_By_Night_Nihilore_diffrhythm_ATA_001.mp3,1,0,1,0,1,echoes_fma_paired,Echoes::diffrhythm,val_b_unseen_music_generator,0.6888930797576904,0.6635570526123047,0.6244639158248901,0.06359086185693741,0.05440836772322655,0.7079346776008606,0.5286535620689392,0.48163262009620667,0.7285864353179932,0.5015569925308228,0.5068653225898743,0.7321615815162659
data\raw\public_v9\echoes_fma_paired\fake\A_Different_World_By_Night_Nihilore_songgen_ATA_001.mp3,1,0,1,0,1,echoes_fma_paired,Echoes::songgen,val_b_unseen_music_generator,0.7279594540596008,0.7246607542037964,0.7535596489906311,0.07085473090410233,0.07117388397455215,0.942260205745697,0.6285240650177002,0.6298782825469971,0.4330929219722748,0.7876074314117432,0.7803398370742798,0.7891824841499329
data\raw\public_v9\echoes_fma_paired\real\fma_140932.mp3,0,0,0,0,1,echoes_fma_paired,Echoes::FMA_original,val_b_unseen_music_generator,0.71340012550354,0.6802197098731995,0.4130990505218506,2.9890809827293197e-09,2.728666625984033e-09,1.0,0.6515296697616577,0.6009402275085449,0.4625009298324585,0.1185382753610611,0.11607985943555832,0.9997122883796692
data\raw\public_v9\echoes_fma_paired\fake\10000_People_Chanting_Im_an_Individual_Nihilore_diffrhythm_ATA_001.mp3,1,0,1,0,1,echoes_fma_paired,Echoes::diffrhythm,val_b_unseen_music_generator,0.7077192068099976,0.6933985948562622,0.5718314051628113,4.260345667717047e-05,4.090653237653896e-05,0.9999377131462097,0.6699126958847046,0.5792117118835449,0.610758900642395,0.3522869348526001,0.34984999895095825,0.9954587817192078
data\raw\public_v9\echoes_fma_paired\fake\10000_People_Chanting_Im_an_Individual_Nihilore_songgen_ATA_001.mp3,1,0,1,0,1,echoes_fma_paired,Echoes::songgen,val_b_unseen_music_generator,0.6469700336456299,0.6569923162460327,0.8771769404411316,0.0015765324933454394,0.0015078046126291156,0.993848979473114,0.4261844754219055,0.400633305311203,0.8910337090492249,0.19051381945610046,0.19247305393218994,0.9476286768913269
data\raw\public_v9\echoes_fma_paired\real\fma_141875.mp3,0,0,0,0,1,echoes_fma_paired,Echoes::FMA_original,val_b_unseen_music_generator,0.685711681842804,0.6724420785903931,0.5100338459014893,0.0003896030248142779,0.00037503018393181264,0.998948872089386,0.5414698123931885,0.5268717408180237,0.518721342086792,0.20269295573234558,0.19989919662475586,0.972015380859375
data\raw\public_v9\echoes_fma_paired\fake\Acoustic_Unleashed_Remain_diffrhythm_ATA_001.mp3,1,0,1,0,1,echoes_fma_paired,Echoes::diffrhythm,val_b_unseen_music_generator,0.7347671985626221,0.6941779851913452,0.42644500732421875,6.836242391727865e-05,6.453679816331714e-05,0.9997997283935547,0.5218247771263123,0.4942750334739685,0.643155038356781,0.2494596540927887,0.2464282214641571,0.9867058396339417
data\raw\public_v9\echoes_fma_paired\fake\Acoustic_Unleashed_Remain_songgen_ATA_001.mp3,1,0,1,0,1,echoes_fma_paired,Echoes::songgen,val_b_unseen_music_generator,0.6903327107429504,0.6991671323776245,0.7484535574913025,6.642076186835766e-05,6.340397521853447e-05,0.9999024271965027,0.5885286331176758,0.5492183566093445,0.5737468600273132,0.37474703788757324,0.38003280758857727,0.9673926830291748
data\raw\public_v9\echoes_fma_paired\real\fma_144723.mp3,0,0,0,0,1,echoes_fma_paired,Echoes::FMA_original,val_b_unseen_music_generator,0.7670463919639587,0.7190190553665161,0.336899995803833,0.00018758984515443444,0.00017969615873880684,0.9997110366821289,0.5565375685691833,0.522413969039917,0.5045230388641357,0.2689874768257141,0.2687145173549652,0.9921240210533142
data\raw\public_v9\echoes_fma_paired\fake\And_Over_The_Rainbows_milky-chu_diffrhythm_ATA_001.mp3,1,0,1,0,1,echoes_fma_paired,Echoes::diffrhythm,val_b_unseen_music_generator,0.7231971621513367,0.6931360960006714,0.3778046667575836,2.0608227657703537e-07,1.8678306901165342e-07,0.9999997019767761,0.5543984174728394,0.5403785705566406,0.5229939818382263,0.3281483054161072,0.32411545515060425,0.9982779026031494
data\raw\public_v9\echoes_fma_paired\fake\And_Over_The_Rainbows_milky-chu_songgen_ATA_001.mp3,1,0,1,0,1,echoes_fma_paired,Echoes::songgen,val_b_unseen_music_generator,0.7179296016693115,0.7069448232650757,0.5868319272994995,0.00476042041555047,0.004753533285111189,0.9764136075973511,0.560601532459259,0.5340816974639893,0.6615685224533081,0.7134476900100708,0.7012070417404175,0.6444170475006104
data\raw\public_v9\echoes_fma_paired\real\fma_3956.mp3,0,0,0,0,1,echoes_fma_paired,Echoes::FMA_original,val_b_unseen_music_generator,0.6997658014297485,0.6896564364433289,0.6519392132759094,2.5761848519323394e-05,2.5022431145771407e-05,0.9999658465385437,0.5587946772575378,0.5360484719276428,0.5339562892913818,0.15001234412193298,0.14982502162456512,0.9969344139099121
data\raw\public_v9\echoes_fma_paired\fake\Better_Run_Away_From_Me_Miss_Derringer_diffrhythm_ATA_001.mp3,1,0,1,0,1,echoes_fma_paired,Echoes::diffrhythm,val_b_unseen_music_generator,0.7408859133720398,0.7069156169891357,0.3626551926136017,1.880845957202837e-05,1.78683694684878e-05,0.9999691843986511,0.5163466334342957,0.4836883544921875,0.6713408827781677,0.23304688930511475,0.23100224137306213,0.9948086738586426
data\raw\public_v9\echoes_fma_paired\fake\Better_Run_Away_From_Me_Miss_Derringer_songgen_ATA_001.mp3,1,0,1,0,1,echoes_fma_paired,Echoes::songgen,val_b_unseen_music_generator,0.6932069063186646,0.6778860092163086,0.5485904812812805,8.156489457178395e-06,7.64979085943196e-06,0.9999823570251465,0.5712244510650635,0.5447105169296265,0.5231196284294128,0.4574281573295593,0.4530624747276306,0.9914119243621826
data\raw\public_v9\echoes_fma_paired\real\fma_4003.mp3,0,0,0,0,1,echoes_fma_paired,Echoes::FMA_original,val_b_unseen_music_generator,0.6707833409309387,0.6567392945289612,0.5413934588432312,0.00013709613995160908,0.00013217008381616324,0.9998189806938171,0.5885032415390015,0.5540451407432556,0.5006482601165771,0.17480571568012238,0.17474745213985443,0.9872633814811707
data\raw\public_v9\echoes_fma_paired\fake\Beyond_Luxury_Mors_Ontologica_diffrhythm_ATA_001.mp3,1,0,1,0,1,echoes_fma_paired,Echoes::diffrhythm,val_b_unseen_music_generator,0.7176071405410767,0.6886870861053467,0.511474072933197,2.724242904150742e-06,2.572944595158333e-06,0.9999931454658508,0.4768596589565277,0.44799351692199707,0.7433478832244873,0.21030834317207336,0.20612359046936035,0.9956457018852234
data\raw\public_v9\echoes_fma_paired\fake\Beyond_Luxury_Mors_Ontologica_songgen_ATA_001.mp3,1,0,1,0,1,echoes_fma_paired,Echoes::songgen,val_b_unseen_music_generator,0.6702823042869568,0.6708332896232605,0.9128379225730896,0.10549332201480865,0.10766546428203583,0.9705042839050293,0.4414994418621063,0.4294463098049164,0.9427366256713867,0.4289754033088684,0.4317968487739563,0.9591910243034363
data\raw\public_v9\echoes_fma_paired\real\fma_47071.mp3,0,0,0,0,1,echoes_fma_paired,Echoes::FMA_original,val_b_unseen_music_generator,0.7020167112350464,0.6778321266174316,0.4711109697818756,0.00014856536290608346,0.0001474160817451775,0.9997608065605164,0.6365404725074768,0.6070952415466309,0.474284291267395,0.11941057443618774,0.1142975464463234,0.9959893226623535
data\raw\public_v9\echoes_fma_paired\fake\All_of_Us_Eric_Skiff_diffrhythm_ATA_001.mp3,1,0,1,0,1,echoes_fma_paired,Echoes::diffrhythm,val_b_unseen_music_generator,0.7130215167999268,0.6909602284431458,0.6090514659881592,9.72672933130525e-06,9.006960681290366e-06,0.9999690055847168,0.501823365688324,0.4835408329963684,0.8583412170410156,0.26606181263923645,0.262612909078598,0.9854815602302551
data\raw\public_v9\echoes_fma_paired\fake\All_of_Us_Eric_Skiff_songgen_ATA_001.mp3,1,0,1,0,1,echoes_fma_paired,Echoes::songgen,val_b_unseen_music_generator,0.7781839370727539,0.7481189370155334,0.8911685943603516,0.059347398579120636,0.05961265414953232,0.8983165621757507,0.5622762441635132,0.49101385474205017,0.8588125109672546,0.8888411521911621,0.8886775374412537,0.514995813369751
data\raw\public_v9\echoes_fma_paired\real\fma_74910.mp3,0,0,0,0,1,echoes_fma_paired,Echoes::FMA_original,val_b_unseen_music_generator,0.7904630303382874,0.751225471496582,0.2742862403392792,5.44880676898174e-05,5.058859824202955e-05,0.9998893141746521,0.6854032874107361,0.6614643335342407,0.4825255870819092,0.3134443163871765,0.3108316659927368,0.9965334534645081
data\raw\public_v9\echoes_fma_paired\fake\A_Lady_In_Red_With_A_Plan_To_Steal_Did_You_Just_Hex_Me_diffrhythm_ATA_001.mp3,1,0,1,0,1,echoes_fma_paired,Echoes::diffrhythm,val_b_unseen_music_generator,0.7384756803512573,0.7082551717758179,0.3653336763381958,1.7399829630448949e-06,1.6070370065790485e-06,0.9999969005584717,0.5658759474754333,0.537017822265625,0.6432921886444092,0.3287518620491028,0.3266191780567169,0.9976758360862732
data\raw\public_v9\echoes_fma_paired\fake\A_Lady_In_Red_With_A_Plan_To_Steal_Did_You_Just_Hex_Me_songgen_ATA_001.mp3,1,0,1,0,1,echoes_fma_paired,Echoes::songgen,val_b_unseen_music_generator,0.6708760261535645,0.6732667684555054,0.7936893105506897,0.0005147160263732076,0.0004918776685371995,0.9983265995979309,0.43050333857536316,0.4178604781627655,0.7957074046134949,0.6573850512504578,0.6651362180709839,0.9098153710365295
