path,split,calibration_fold,source,generator,data_role,y_file_fake,y_voice_fake,y_music_fake,y_voice_present,y_music_present,df,df_primary,df_second,df_has_second,df_used,duration_sec,vf,mf,vfile,mfile,vp_model,mp_model,vp_panns,mp_panns
data\raw\public_v9\mlaad_tiny\fake\en\Cartesia.ai (Sonic-3)\dorothy_and_wizard_oz_06_f000040.wav,expanded_unseen,expanded_unseen,mlaad_tiny_matched,MLAAD::Cartesia.ai (Sonic-3),val_b_unseen_generator,1,1,0,1,0,0.9993814481388468,0.9993814481388468,,False,True,11.477125,0.7912576794624329,0.5372101664543152,0.7979656457901001,0.5485857129096985,0.9900355935096741,0.08947671949863434,0.7551146745681763,0.025584213435649872
data\raw\public_v9\mlaad_tiny\fake\en\Cartesia.ai (Sonic-3)\dorothy_and_wizard_oz_12_f000027.wav,expanded_unseen,expanded_unseen,mlaad_tiny_matched,MLAAD::Cartesia.ai (Sonic-3),val_b_unseen_generator,1,1,0,1,0,0.5721955471851493,0.5721955471851493,,False,True,8.27275,0.8235677480697632,0.47273409366607666,0.8093061447143555,0.4772656559944153,0.9908140897750854,0.09215083718299866,0.7468838691711426,0.02190076932311058
data\raw\public_v9\mlaad_tiny\fake\en\Cartesia.ai (Sonic-3)\emerald_city_of_oz_09_f000109.wav,expanded_unseen,expanded_unseen,mlaad_tiny_matched,MLAAD::Cartesia.ai (Sonic-3),val_b_unseen_generator,1,1,0,1,0,0.9985885514722315,0.9985885514722315,,False,True,5.0684375,0.7935765981674194,0.5492628216743469,0.7975025773048401,0.5647075176239014,0.9780162572860718,0.11086097359657288,0.7167165279388428,0.02814933843910694
data\raw\public_v9\mlaad_tiny\fake\en\Cartesia.ai (Sonic-3)\emerald_city_of_oz_10_f000117.wav,expanded_unseen,expanded_unseen,mlaad_tiny_matched,MLAAD::Cartesia.ai (Sonic-3),val_b_unseen_generator,1,1,0,1,0,0.9990569431713718,0.9990569431713718,,False,True,6.3223125,0.7953271269798279,0.7063940763473511,0.7968445420265198,0.7132596373558044,0.977220356464386,0.26043328642845154,0.7366762161254883,0.03652215749025345
data\raw\public_v9\mlaad_tiny\fake\en\Cartesia.ai (Sonic-3)\emerald_city_of_oz_12_f000086.wav,expanded_unseen,expanded_unseen,mlaad_tiny_matched,MLAAD::Cartesia.ai (Sonic-3),val_b_unseen_generator,1,1,0,1,0,0.9978063387342729,0.9978063387342729,,False,True,8.3191875,0.7403224110603333,0.6347130537033081,0.7437386512756348,0.643545389175415,0.9342427253723145,0.1227286159992218,0.7429484724998474,0.02330860123038292
data\raw\public_v9\mlaad_tiny\fake\en\Cartesia.ai (Sonic-3)\emerald_city_of_oz_22_f000076.wav,expanded_unseen,expanded_unseen,mlaad_tiny_matched,MLAAD::Cartesia.ai (Sonic-3),val_b_unseen_generator,1,1,0,1,0,0.9998326840632149,0.9998326840632149,,False,True,5.114875,0.8014615774154663,0.4817678928375244,0.8032416701316833,0.49194541573524475,0.9483029246330261,0.06781259179115295,0.7716256380081177,0.029922351241111755
data\raw\public_v9\mlaad_tiny\fake\en\Cartesia.ai (Sonic-3)\emerald_city_of_oz_29_f000057.wav,expanded_unseen,expanded_unseen,mlaad_tiny_matched,MLAAD::Cartesia.ai (Sonic-3),val_b_unseen_generator,1,1,0,1,0,0.29253446815737066,0.29253446815737066,,False,True,6.3223125,0.7519985437393188,0.5804114937782288,0.7638856768608093,0.5925561785697937,0.9701206684112549,0.04540838673710823,0.7447971105575562,0.01987954042851925
data\raw\public_v9\mlaad_tiny\fake\en\Cartesia.ai (Sonic-3)\hunters_space_02_f000038.wav,expanded_unseen,expanded_unseen,mlaad_tiny_matched,MLAAD::Cartesia.ai (Sonic-3),val_b_unseen_generator,1,1,0,1,0,0.9992742136428674,0.9992742136428674,,False,True,9.758875,0.787614643573761,0.5074609518051147,0.7568789720535278,0.5108814239501953,0.9848969578742981,0.06122543662786484,0.6899946928024292,0.019178247079253197
data\raw\public_v9\mlaad_tiny\fake\en\Cartesia.ai (Sonic-3)\hunters_space_12_f000054.wav,expanded_unseen,expanded_unseen,mlaad_tiny_matched,MLAAD::Cartesia.ai (Sonic-3),val_b_unseen_generator,1,1,0,1,0,0.9965036734593166,0.9965036734593166,,False,True,4.1860625,0.736943781375885,0.5364641547203064,0.745899498462677,0.5495091676712036,0.8550904393196106,0.05928763374686241,0.7575322985649109,0.026306277140975
data\raw\public_v9\mlaad_tiny\fake\en\Cartesia.ai (Sonic-3)\jane_eyre_01_f000012.wav,expanded_unseen,expanded_unseen,mlaad_tiny_matched,MLAAD::Cartesia.ai (Sonic-3),val_b_unseen_generator,1,1,0,1,0,0.9994622140847769,0.9994622140847769,,False,True,2.8393125,0.7232841849327087,0.44983038306236267,0.7345426678657532,0.44542717933654785,0.9861963391304016,0.055161044001579285,0.7453765869140625,0.0251325536519289
data\raw\public_v9\mlaad_tiny\fake\en\DeepGram\dorothy_and_wizard_oz_03_f000061.wav,expanded_unseen,expanded_unseen,mlaad_tiny_matched,MLAAD::DeepGram,val_b_unseen_generator,1,1,0,1,0,0.9967607090138778,0.9967607090138778,,False,True,8.56,0.7654205560684204,0.6985312700271606,0.7693389058113098,0.7081699371337891,0.9780973196029663,0.1088518276810646,0.7366688251495361,0.030817978084087372
data\raw\public_v9\mlaad_tiny\fake\en\DeepGram\dorothy_and_wizard_oz_11_f000069.wav,expanded_unseen,expanded_unseen,mlaad_tiny_matched,MLAAD::DeepGram,val_b_unseen_generator,1,1,0,1,0,0.8998352061018292,0.8998352061018292,,False,True,9.04,0.7534788250923157,0.303020179271698,0.7530412077903748,0.2938913106918335,0.9544986486434937,0.09859253466129303,0.6879069805145264,0.018596403300762177
data\raw\public_v9\mlaad_tiny\fake\en\DeepGram\emerald_city_of_oz_10_f000012.wav,expanded_unseen,expanded_unseen,mlaad_tiny_matched,MLAAD::DeepGram,val_b_unseen_generator,1,1,0,1,0,0.19293539426019696,0.19293539426019696,,False,True,5.16,0.757781982421875,0.3053056597709656,0.7647491097450256,0.2994650602340698,0.9824655055999756,0.17759090662002563,0.6921812891960144,0.028138164430856705
data\raw\public_v9\mlaad_tiny\fake\en\DeepGram\emerald_city_of_oz_10_f000046.wav,expanded_unseen,expanded_unseen,mlaad_tiny_matched,MLAAD::DeepGram,val_b_unseen_generator,1,1,0,1,0,0.3608469317787904,0.3608469317787904,,False,True,6.44,0.7467849850654602,0.26531627774238586,0.7564482092857361,0.2560631036758423,0.9752150774002075,0.1455233246088028,0.7565012574195862,0.029331862926483154
data\raw\public_v9\mlaad_tiny\fake\en\DeepGram\emerald_city_of_oz_10_f000072.wav,expanded_unseen,expanded_unseen,mlaad_tiny_matched,MLAAD::DeepGram,val_b_unseen_generator,1,1,0,1,0,0.2670678021969809,0.2670678021969809,,False,True,1.32,0.6421647667884827,0.31953296065330505,0.6686643362045288,0.2965487241744995,0.9662187695503235,0.0567573718726635,0.8667007684707642,0.03600889444351196
data\raw\public_v9\mlaad_tiny\fake\en\DeepGram\emerald_city_of_oz_14_f000041.wav,expanded_unseen,expanded_unseen,mlaad_tiny_matched,MLAAD::DeepGram,val_b_unseen_generator,1,1,0,1,0,0.0846217937475499,0.0846217937475499,,False,True,6.08,0.793695330619812,0.5460591912269592,0.7978471517562866,0.5596827864646912,0.987117350101471,0.11888161301612854,0.8245059847831726,0.03096495009958744
data\raw\public_v9\mlaad_tiny\fake\en\DeepGram\emerald_city_of_oz_23_f000030.wav,expanded_unseen,expanded_unseen,mlaad_tiny_matched,MLAAD::DeepGram,val_b_unseen_generator,1,1,0,1,0,0.8687691204998144,0.8687691204998144,,False,True,4.0,0.7362594604492188,0.3007081151008606,0.7447121739387512,0.29513314366340637,0.9479970932006836,0.1456478238105774,0.7601567506790161,0.02868369221687317
data\raw\public_v9\mlaad_tiny\fake\en\DeepGram\emerald_city_of_oz_29_f000051.wav,expanded_unseen,expanded_unseen,mlaad_tiny_matched,MLAAD::DeepGram,val_b_unseen_generator,1,1,0,1,0,0.9794500145951671,0.9794500145951671,,False,True,8.28,0.7500254511833191,0.21327823400497437,0.750032901763916,0.20796409249305725,0.9378361701965332,0.2472086250782013,0.6964625120162964,0.020193593576550484
data\raw\public_v9\mlaad_tiny\fake\en\DeepGram\jane_eyre_03_f000165.wav,expanded_unseen,expanded_unseen,mlaad_tiny_matched,MLAAD::DeepGram,val_b_unseen_generator,1,1,0,1,0,0.9994767326766757,0.9994767326766757,,False,True,5.12,0.7436671853065491,0.7801963090896606,0.7512977123260498,0.786736249923706,0.9540066123008728,0.2022312730550766,0.7668173313140869,0.01846785843372345
data\raw\public_v9\mlaad_tiny\fake\en\DeepGram\jane_eyre_03_f000179.wav,expanded_unseen,expanded_unseen,mlaad_tiny_matched,MLAAD::DeepGram,val_b_unseen_generator,1,1,0,1,0,0.9985383571018907,0.9985383571018907,,False,True,10.28,0.7763250470161438,0.708297848701477,0.7649732232093811,0.7165411710739136,0.9613302946090698,0.15046361088752747,0.7215102910995483,0.024711480364203453
data\raw\public_v9\mlaad_tiny\fake\en\Edge-TTS\emerald_city_of_oz_06_f000048.wav,expanded_unseen,expanded_unseen,mlaad_tiny_matched,MLAAD::Edge-TTS,val_b_unseen_generator,1,1,0,1,0,0.9971267828940378,0.9971267828940378,,False,True,11.3520625,0.7606581449508667,0.26506441831588745,0.7611874341964722,0.26022088527679443,0.9589176177978516,0.1611599177122116,0.7091241478919983,0.019874349236488342
data\raw\public_v9\mlaad_tiny\fake\en\Edge-TTS\emerald_city_of_oz_12_f000118.wav,expanded_unseen,expanded_unseen,mlaad_tiny_matched,MLAAD::Edge-TTS,val_b_unseen_generator,1,1,0,1,0,0.9991113110706317,0.9991113110706317,,False,True,6.0,0.8178790807723999,0.42860519886016846,0.822502076625824,0.4315131902694702,0.9905087947845459,0.05691574886441231,0.693698525428772,0.0182170569896698
data\raw\public_v9\mlaad_tiny\fake\en\Edge-TTS\emerald_city_of_oz_19_f000080.wav,expanded_unseen,expanded_unseen,mlaad_tiny_matched,MLAAD::Edge-TTS,val_b_unseen_generator,1,1,0,1,0,0.999422713522769,0.999422713522769,,False,True,8.4480625,0.8200035095214844,0.48092132806777954,0.8156840205192566,0.48867514729499817,0.9925702810287476,0.04944445937871933,0.7042032480239868,0.014719726517796516
data\raw\public_v9\mlaad_tiny\fake\en\Edge-TTS\emerald_city_of_oz_23_f000060.wav,expanded_unseen,expanded_unseen,mlaad_tiny_matched,MLAAD::Edge-TTS,val_b_unseen_generator,1,1,0,1,0,0.9997574547644478,0.9997574547644478,,False,True,7.4160625,0.7550045847892761,0.43431156873703003,0.7596118450164795,0.439187616109848,0.9481279850006104,0.09079642593860626,0.677808403968811,0.021724369376897812
data\raw\public_v9\mlaad_tiny\fake\en\Edge-TTS\hunters_space_13_f000101.wav,expanded_unseen,expanded_unseen,mlaad_tiny_matched,MLAAD::Edge-TTS,val_b_unseen_generator,1,1,0,1,0,0.9876196571822139,0.9876196571822139,,False,True,9.24,0.7981157898902893,0.5703153610229492,0.798274040222168,0.5853041410446167,0.9819245338439941,0.06471684575080872,0.6639038324356079,0.017482202500104904
data\raw\public_v9\mlaad_tiny\fake\en\Edge-TTS\jane_eyre_02_f000096.wav,expanded_unseen,expanded_unseen,mlaad_tiny_matched,MLAAD::Edge-TTS,val_b_unseen_generator,1,1,0,1,0,0.9997811243923727,0.9997811243923727,,False,True,6.1440625,0.7656503915786743,0.27087077498435974,0.768319308757782,0.2684040367603302,0.9419680833816528,0.1760496348142624,0.6660082340240479,0.023108523339033127
data\raw\public_v9\mlaad_tiny\fake\en\Edge-TTS\jane_eyre_04_f000070.wav,expanded_unseen,expanded_unseen,mlaad_tiny_matched,MLAAD::Edge-TTS,val_b_unseen_generator,1,1,0,1,0,0.9997613228124456,0.9997613228124456,,False,True,5.52,0.7669748663902283,0.34422993659973145,0.7673650979995728,0.3440752923488617,0.9424790143966675,0.08791903406381607,0.7515537738800049,0.024412594735622406
data\raw\public_v9\mlaad_tiny\fake\en\Edge-TTS\jane_eyre_08_f000086.wav,expanded_unseen,expanded_unseen,mlaad_tiny_matched,MLAAD::Edge-TTS,val_b_unseen_generator,1,1,0,1,0,0.9973136343492114,0.9973136343492114,,False,True,11.2080625,0.784760057926178,0.5175601840019226,0.7771850824356079,0.5291853547096252,0.9692593812942505,0.062154971063137054,0.6765792369842529,0.017806347459554672
data\raw\public_v9\mlaad_tiny\fake\en\Edge-TTS\jane_eyre_12_f000050.wav,expanded_unseen,expanded_unseen,mlaad_tiny_matched,MLAAD::Edge-TTS,val_b_unseen_generator,1,1,0,1,0,0.9994220564552382,0.9994220564552382,,False,True,9.1920625,0.8189399242401123,0.533221423625946,0.8106959462165833,0.5476769208908081,0.9822317957878113,0.08294568210840225,0.6626635193824768,0.01898801326751709
data\raw\public_v9\mlaad_tiny\fake\en\Edge-TTS\jane_eyre_12_f000061.wav,expanded_unseen,expanded_unseen,mlaad_tiny_matched,MLAAD::Edge-TTS,val_b_unseen_generator,1,1,0,1,0,0.9989944639231216,0.9989944639231216,,False,True,3.4080625,0.7243993878364563,0.5121178030967712,0.7370251417160034,0.5163028240203857,0.980323076248169,0.044526632875204086,0.7352922558784485,0.014928954653441906
"data\raw\public_v9\mlaad_tiny\fake\en\Resemble.ai (April 12th, 2025)\dorothy_and_wizard_oz_01_f000032.wav",expanded_unseen,expanded_unseen,mlaad_tiny_matched,"MLAAD::Resemble.ai (April 12th, 2025)",val_b_unseen_generator,1,1,0,1,0,0.999489799712084,0.999489799712084,,False,True,2.4875625,0.6974354982376099,0.5498183369636536,0.7180967926979065,0.5482458472251892,0.9851564168930054,0.04465341567993164,0.7562645077705383,0.03191220760345459
"data\raw\public_v9\mlaad_tiny\fake\en\Resemble.ai (April 12th, 2025)\dorothy_and_wizard_oz_02_f000008.wav",expanded_unseen,expanded_unseen,mlaad_tiny_matched,"MLAAD::Resemble.ai (April 12th, 2025)",val_b_unseen_generator,1,1,0,1,0,0.6874267507469399,0.6874267507469399,,False,True,7.9,0.7945410013198853,0.16382621228694916,0.7968136072158813,0.1593441516160965,0.9823299050331116,0.2913942337036133,0.7115538120269775,0.020563658326864243
"data\raw\public_v9\mlaad_tiny\fake\en\Resemble.ai (April 12th, 2025)\dorothy_and_wizard_oz_05_f000066.wav",expanded_unseen,expanded_unseen,mlaad_tiny_matched,"MLAAD::Resemble.ai (April 12th, 2025)",val_b_unseen_generator,1,1,0,1,0,0.9842178611135715,0.9842178611135715,,False,True,8.9125625,0.7779874801635742,0.5055210590362549,0.7642546892166138,0.5062630772590637,0.991255521774292,0.05873958021402359,0.6371462345123291,0.01944422535598278
"data\raw\public_v9\mlaad_tiny\fake\en\Resemble.ai (April 12th, 2025)\dorothy_and_wizard_oz_06_f000025.wav",expanded_unseen,expanded_unseen,mlaad_tiny_matched,"MLAAD::Resemble.ai (April 12th, 2025)",val_b_unseen_generator,1,1,0,1,0,0.9996845336183988,0.9996845336183988,,False,True,12.8750625,0.7835877537727356,0.4495028257369995,0.7769945859909058,0.4546373784542084,0.9663683176040649,0.07479360699653625,0.7323638200759888,0.02345776930451393
"data\raw\public_v9\mlaad_tiny\fake\en\Resemble.ai (April 12th, 2025)\dorothy_and_wizard_oz_09_f000035.wav",expanded_unseen,expanded_unseen,mlaad_tiny_matched,"MLAAD::Resemble.ai (April 12th, 2025)",val_b_unseen_generator,1,1,0,1,0,0.9455346195401997,0.9455346195401997,,False,True,5.7,0.8300641179084778,0.5370218753814697,0.8355283737182617,0.5499849915504456,0.9962252378463745,0.06972044706344604,0.6277902722358704,0.013650074601173401
"data\raw\public_v9\mlaad_tiny\fake\en\Resemble.ai (April 12th, 2025)\emerald_city_of_oz_07_f000009.wav",expanded_unseen,expanded_unseen,mlaad_tiny_matched,"MLAAD::Resemble.ai (April 12th, 2025)",val_b_unseen_generator,1,1,0,1,0,0.9948122968030859,0.9948122968030859,,False,True,12.7250625,0.7797183990478516,0.4556068181991577,0.7806776762008667,0.45476508140563965,0.9904317855834961,0.08234337717294693,0.61419677734375,0.012947703711688519
"data\raw\public_v9\mlaad_tiny\fake\en\Resemble.ai (April 12th, 2025)\emerald_city_of_oz_21_f000090.wav",expanded_unseen,expanded_unseen,mlaad_tiny_matched,"MLAAD::Resemble.ai (April 12th, 2025)",val_b_unseen_generator,1,1,0,1,0,0.9992462900883544,0.9992462900883544,,False,True,2.4500625,0.714401364326477,0.48636096715927124,0.7368589639663696,0.48096540570259094,0.9917094111442566,0.032295603305101395,0.7901530861854553,0.033031005412340164
"data\raw\public_v9\mlaad_tiny\fake\en\Resemble.ai (April 12th, 2025)\hunters_space_07_f000104.wav",expanded_unseen,expanded_unseen,mlaad_tiny_matched,"MLAAD::Resemble.ai (April 12th, 2025)",val_b_unseen_generator,1,1,0,1,0,0.9996547921367674,0.9996547921367674,,False,True,11.3500625,0.7474062442779541,0.6404529809951782,0.7517051100730896,0.6509426832199097,0.9798306226730347,0.06781432777643204,0.673708975315094,0.012652854435145855
"data\raw\public_v9\mlaad_tiny\fake\en\Resemble.ai (April 12th, 2025)\hunters_space_10_f000046.wav",expanded_unseen,expanded_unseen,mlaad_tiny_matched,"MLAAD::Resemble.ai (April 12th, 2025)",val_b_unseen_generator,1,1,0,1,0,0.9860967761313012,0.9860967761313012,,False,True,6.8250625,0.7899999618530273,0.42641064524650574,0.7987662553787231,0.42649295926094055,0.9912926554679871,0.05208618566393852,0.7152581214904785,0.01739678718149662
"data\raw\public_v9\mlaad_tiny\fake\en\Resemble.ai (April 12th, 2025)\jane_eyre_01_f000063.wav",expanded_unseen,expanded_unseen,mlaad_tiny_matched,"MLAAD::Resemble.ai (April 12th, 2025)",val_b_unseen_generator,1,1,0,1,0,0.9751872194880712,0.9751872194880712,,False,True,5.3750625,0.7922347784042358,0.5820271968841553,0.7966676950454712,0.5917404294013977,0.9783899784088135,0.10736758261919022,0.6000426411628723,0.014618239365518093
data\raw\public_v9\mlaad_tiny\original\en\dorothy_and_wizard_oz_01_f000032.wav,expanded_unseen,expanded_unseen,mlaad_tiny_matched,MLAAD_original,val_b_unseen_generator,0,0,0,1,0,0.01012516278987676,0.01012516278987676,,False,True,3.049875,0.6881359815597534,0.40606245398521423,0.7123429775238037,0.39535412192344666,0.9889175891876221,0.06333242356777191,0.8374123573303223,0.02996663562953472
data\raw\public_v9\mlaad_tiny\original\en\dorothy_and_wizard_oz_02_f000008.wav,expanded_unseen,expanded_unseen,mlaad_tiny_matched,MLAAD_original,val_b_unseen_generator,0,0,0,1,0,0.024548914464368292,0.024548914464368292,,False,True,9.049875,0.7825624942779541,0.5029741525650024,0.7820658683776855,0.5060901045799255,0.9778958559036255,0.2208654135465622,0.8126450777053833,0.032462235540151596
data\raw\public_v9\mlaad_tiny\original\en\dorothy_and_wizard_oz_03_f000061.wav,expanded_unseen,expanded_unseen,mlaad_tiny_matched,MLAAD_original,val_b_unseen_generator,0,0,0,1,0,0.01558697233265675,0.01558697233265675,,False,True,9.769875,0.798317015171051,0.48746222257614136,0.7902404069900513,0.4978014826774597,0.9795082807540894,0.12359809875488281,0.8046457171440125,0.03044259175658226
data\raw\public_v9\mlaad_tiny\original\en\dorothy_and_wizard_oz_05_f000066.wav,expanded_unseen,expanded_unseen,mlaad_tiny_matched,MLAAD_original,val_b_unseen_generator,0,0,0,1,0,0.0199448744325063,0.0199448744325063,,False,True,8.489875,0.7404507398605347,0.4184733033180237,0.7463863492012024,0.41859376430511475,0.9767869114875793,0.16980159282684326,0.734331488609314,0.02437947317957878
data\raw\public_v9\mlaad_tiny\original\en\dorothy_and_wizard_oz_06_f000025.wav,expanded_unseen,expanded_unseen,mlaad_tiny_matched,MLAAD_original,val_b_unseen_generator,0,0,0,1,0,0.005083479702485231,0.005083479702485231,,False,True,13.439875,0.7573379874229431,0.5040842890739441,0.7489432096481323,0.5067571997642517,0.9636803865432739,0.23433248698711395,0.7067683935165405,0.025699637830257416
data\raw\public_v9\mlaad_tiny\original\en\dorothy_and_wizard_oz_06_f000040.wav,expanded_unseen,expanded_unseen,mlaad_tiny_matched,MLAAD_original,val_b_unseen_generator,0,0,0,1,0,0.0155484060192795,0.0155484060192795,,False,True,11.919875,0.7583352327346802,0.32576984167099,0.760212779045105,0.328538179397583,0.9703155755996704,0.26535770297050476,0.8496427536010742,0.019716579467058182
data\raw\public_v9\mlaad_tiny\original\en\dorothy_and_wizard_oz_09_f000035.wav,expanded_unseen,expanded_unseen,mlaad_tiny_matched,MLAAD_original,val_b_unseen_generator,0,0,0,1,0,0.005320140261325344,0.005320140261325344,,False,True,5.939875,0.7758980393409729,0.4428759813308716,0.780120849609375,0.44963306188583374,0.9773916006088257,0.1842089295387268,0.7426844835281372,0.022016510367393494
data\raw\public_v9\mlaad_tiny\original\en\dorothy_and_wizard_oz_11_f000069.wav,expanded_unseen,expanded_unseen,mlaad_tiny_matched,MLAAD_original,val_b_unseen_generator,0,0,0,1,0,0.004028682024240035,0.004028682024240035,,False,True,9.929875,0.7998700141906738,0.5284251570701599,0.7728093266487122,0.5351210236549377,0.9823093414306641,0.14721184968948364,0.7318257093429565,0.030081454664468765
data\raw\public_v9\mlaad_tiny\original\en\dorothy_and_wizard_oz_12_f000027.wav,expanded_unseen,expanded_unseen,mlaad_tiny_matched,MLAAD_original,val_b_unseen_generator,0,0,0,1,0,0.005735724700614764,0.005735724700614764,,False,True,9.399875,0.7943646311759949,0.5957534313201904,0.7982547283172607,0.6027219295501709,0.9839494228363037,0.22060182690620422,0.8134771585464478,0.03416278958320618
data\raw\public_v9\mlaad_tiny\original\en\emerald_city_of_oz_06_f000048.wav,expanded_unseen,expanded_unseen,mlaad_tiny_matched,MLAAD_original,val_b_unseen_generator,0,0,0,1,0,0.15682687121914282,0.15682687121914282,,False,True,12.029875,0.7481587529182434,0.6106393337249756,0.7506639957427979,0.6179124116897583,0.9628838300704956,0.12041746079921722,0.7745632529258728,0.020048217847943306
data\raw\public_v9\mlaad_tiny\original\en\emerald_city_of_oz_07_f000009.wav,expanded_unseen,expanded_unseen,mlaad_tiny_matched,MLAAD_original,val_b_unseen_generator,0,0,0,1,0,0.006924494579291786,0.006924494579291786,,False,True,10.729875,0.7537521123886108,0.548250675201416,0.7577202320098877,0.5497329235076904,0.9644672870635986,0.13466940820217133,0.8391165733337402,0.020320383831858635
data\raw\public_v9\mlaad_tiny\original\en\emerald_city_of_oz_09_f000109.wav,expanded_unseen,expanded_unseen,mlaad_tiny_matched,MLAAD_original,val_b_unseen_generator,0,0,0,1,0,0.00783474409632679,0.00783474409632679,,False,True,6.689875,0.7544392943382263,0.7150498628616333,0.7633676528930664,0.7228730320930481,0.9575968980789185,0.12735657393932343,0.789434552192688,0.0352168083190918
data\raw\public_v9\mlaad_tiny\original\en\emerald_city_of_oz_10_f000012.wav,expanded_unseen,expanded_unseen,mlaad_tiny_matched,MLAAD_original,val_b_unseen_generator,0,0,0,1,0,0.004120325553336795,0.004120325553336795,,False,True,5.539875,0.7886149883270264,0.5789334774017334,0.7911787033081055,0.5923898220062256,0.9677616357803345,0.1495424509048462,0.6737909317016602,0.020839810371398926
data\raw\public_v9\mlaad_tiny\original\en\emerald_city_of_oz_10_f000046.wav,expanded_unseen,expanded_unseen,mlaad_tiny_matched,MLAAD_original,val_b_unseen_generator,0,0,0,1,0,0.004683533787029333,0.004683533787029333,,False,True,7.172875,0.7798556089401245,0.5939674377441406,0.7844961285591125,0.6057262420654297,0.9726129770278931,0.12191933393478394,0.7868865728378296,0.02010456658899784
data\raw\public_v9\mlaad_tiny\original\en\emerald_city_of_oz_10_f000072.wav,expanded_unseen,expanded_unseen,mlaad_tiny_matched,MLAAD_original,val_b_unseen_generator,0,0,0,1,0,0.005485010938927747,0.005485010938927747,,False,True,2.259875,0.6731685996055603,0.48764196038246155,0.7032513618469238,0.47971343994140625,0.9859905242919922,0.054881565272808075,0.6077472567558289,0.04873525723814964
data\raw\public_v9\mlaad_tiny\original\en\emerald_city_of_oz_10_f000117.wav,expanded_unseen,expanded_unseen,mlaad_tiny_matched,MLAAD_original,val_b_unseen_generator,0,0,0,1,0,0.013941167234073033,0.013941167234073033,,False,True,10.639875,0.7876410484313965,0.5640182495117188,0.7767350673675537,0.5675878524780273,0.9671543836593628,0.20145119726657867,0.8150395154953003,0.024086279794573784
data\raw\public_v9\mlaad_tiny\original\en\emerald_city_of_oz_12_f000086.wav,expanded_unseen,expanded_unseen,mlaad_tiny_matched,MLAAD_original,val_b_unseen_generator,0,0,0,1,0,0.011813354221363028,0.011813354221363028,,False,True,9.949875,0.7907341122627258,0.5439668893814087,0.7858594655990601,0.5565184950828552,0.979443371295929,0.1328413486480713,0.7748387455940247,0.02004868909716606
data\raw\public_v9\mlaad_tiny\original\en\emerald_city_of_oz_12_f000118.wav,expanded_unseen,expanded_unseen,mlaad_tiny_matched,MLAAD_original,val_b_unseen_generator,0,0,0,1,0,0.006710002028282208,0.006710002028282208,,False,True,5.869875,0.8031328916549683,0.5479989647865295,0.8053639531135559,0.5638494491577148,0.9855839014053345,0.10237214714288712,0.6721700429916382,0.018259286880493164
data\raw\public_v9\mlaad_tiny\original\en\emerald_city_of_oz_14_f000041.wav,expanded_unseen,expanded_unseen,mlaad_tiny_matched,MLAAD_original,val_b_unseen_generator,0,0,0,1,0,0.01213203936582073,0.01213203936582073,,False,True,7.619875,0.7743709087371826,0.5375454425811768,0.7804331183433533,0.5478547215461731,0.9810354113578796,0.1490863710641861,0.8005805611610413,0.02058175951242447
data\raw\public_v9\mlaad_tiny\original\en\emerald_city_of_oz_19_f000080.wav,expanded_unseen,expanded_unseen,mlaad_tiny_matched,MLAAD_original,val_b_unseen_generator,0,0,0,1,0,0.011987531146685966,0.011987531146685966,,False,True,9.559875,0.8130899667739868,0.5324388742446899,0.8115079998970032,0.5450210571289062,0.9904415607452393,0.10435240715742111,0.6685138940811157,0.023688938468694687
data\raw\public_v9\mlaad_tiny\original\en\emerald_city_of_oz_21_f000090.wav,expanded_unseen,expanded_unseen,mlaad_tiny_matched,MLAAD_original,val_b_unseen_generator,0,0,0,1,0,0.005921598111873114,0.005921598111873114,,False,True,2.259875,0.6854302883148193,0.46120500564575195,0.712585985660553,0.45112577080726624,0.9897550940513611,0.046384621411561966,0.7938543558120728,0.03562343493103981
data\raw\public_v9\mlaad_tiny\original\en\emerald_city_of_oz_22_f000076.wav,expanded_unseen,expanded_unseen,mlaad_tiny_matched,MLAAD_original,val_b_unseen_generator,0,0,0,1,0,0.008087639889309184,0.008087639889309184,,False,True,6.339875,0.774107813835144,0.5408115386962891,0.7755928039550781,0.5477040410041809,0.9623754024505615,0.1730942279100418,0.8149359226226807,0.032083772122859955
data\raw\public_v9\mlaad_tiny\original\en\emerald_city_of_oz_23_f000030.wav,expanded_unseen,expanded_unseen,mlaad_tiny_matched,MLAAD_original,val_b_unseen_generator,0,0,0,1,0,0.005368869657166143,0.005368869657166143,,False,True,4.769875,0.7571626305580139,0.49345698952674866,0.7664609551429749,0.49659305810928345,0.9805169701576233,0.21126385033130646,0.7567576169967651,0.014358616434037685
data\raw\public_v9\mlaad_tiny\original\en\emerald_city_of_oz_23_f000060.wav,expanded_unseen,expanded_unseen,mlaad_tiny_matched,MLAAD_original,val_b_unseen_generator,0,0,0,1,0,0.004860800006381068,0.004860800006381068,,False,True,8.349875,0.7783384919166565,0.6331442594528198,0.7708496451377869,0.6400052309036255,0.9730892181396484,0.22509412467479706,0.7596068382263184,0.019376475363969803
data\raw\public_v9\mlaad_tiny\original\en\emerald_city_of_oz_29_f000051.wav,expanded_unseen,expanded_unseen,mlaad_tiny_matched,MLAAD_original,val_b_unseen_generator,0,0,0,1,0,0.04610142404255326,0.04610142404255326,,False,True,9.949875,0.7499834895133972,0.5537323951721191,0.7487714290618896,0.557644248008728,0.9613893628120422,0.17581366002559662,0.843003511428833,0.02420082688331604
data\raw\public_v9\mlaad_tiny\original\en\emerald_city_of_oz_29_f000057.wav,expanded_unseen,expanded_unseen,mlaad_tiny_matched,MLAAD_original,val_b_unseen_generator,0,0,0,1,0,0.04616460940932057,0.04616460940932057,,False,True,7.859875,0.7681611180305481,0.5601484775543213,0.7713720202445984,0.5738873481750488,0.9709280729293823,0.12497029453516006,0.7665143609046936,0.027068590745329857
data\raw\public_v9\mlaad_tiny\original\en\hunters_space_02_f000038.wav,expanded_unseen,expanded_unseen,mlaad_tiny_matched,MLAAD_original,val_b_unseen_generator,0,0,0,1,0,0.06350448509701319,0.06350448509701319,,False,True,9.979875,0.7247774004936218,0.27924084663391113,0.704375147819519,0.26633140444755554,0.9583680629730225,0.08763165771961212,0.6768795251846313,0.015529876574873924
data\raw\public_v9\mlaad_tiny\original\en\hunters_space_07_f000104.wav,expanded_unseen,expanded_unseen,mlaad_tiny_matched,MLAAD_original,val_b_unseen_generator,0,0,0,1,0,0.045468969451010095,0.045468969451010095,,False,True,10.429875,0.7440981268882751,0.28935787081718445,0.7300357222557068,0.27616122364997864,0.96683669090271,0.06747281551361084,0.7198686599731445,0.015313585288822651
data\raw\public_v9\mlaad_tiny\original\en\hunters_space_10_f000046.wav,expanded_unseen,expanded_unseen,mlaad_tiny_matched,MLAAD_original,val_b_unseen_generator,0,0,0,1,0,0.012855430820840789,0.012855430820840789,,False,True,5.989875,0.7299697399139404,0.2246238887310028,0.7374701499938965,0.21250303089618683,0.9812355041503906,0.14282900094985962,0.8395411372184753,0.017465749755501747
data\raw\public_v9\mlaad_tiny\original\en\hunters_space_12_f000054.wav,expanded_unseen,expanded_unseen,mlaad_tiny_matched,MLAAD_original,val_b_unseen_generator,0,0,0,1,0,0.0041097810427351885,0.0041097810427351885,,False,True,5.569875,0.6715275049209595,0.3240654170513153,0.6836685538291931,0.31464412808418274,0.8713725805282593,0.11805576086044312,0.5637750625610352,0.017866618931293488
data\raw\public_v9\mlaad_tiny\original\en\hunters_space_13_f000101.wav,expanded_unseen,expanded_unseen,mlaad_tiny_matched,MLAAD_original,val_b_unseen_generator,0,0,0,1,0,0.01911861480557367,0.01911861480557367,,False,True,13.039875,0.7182278633117676,0.2001437544822693,0.7032917737960815,0.1901353895664215,0.9497512578964233,0.1681237518787384,0.730514407157898,0.016462022438645363
data\raw\public_v9\mlaad_tiny\original\en\jane_eyre_01_f000012.wav,expanded_unseen,expanded_unseen,mlaad_tiny_matched,MLAAD_original,val_b_unseen_generator,0,0,0,1,0,0.0057388595676780415,0.0057388595676780415,,False,True,3.589875,0.6761903762817383,0.5758630037307739,0.6864359974861145,0.5749919414520264,0.9563543796539307,0.11749435216188431,0.8182205557823181,0.021420825272798538
data\raw\public_v9\mlaad_tiny\original\en\jane_eyre_01_f000063.wav,expanded_unseen,expanded_unseen,mlaad_tiny_matched,MLAAD_original,val_b_unseen_generator,0,0,0,1,0,0.019773385589579515,0.019773385589579515,,False,True,6.829875,0.7193813323974609,0.6363129019737244,0.7222281098365784,0.6352194547653198,0.9261879324913025,0.40349170565605164,0.7791167497634888,0.02257421240210533
data\raw\public_v9\mlaad_tiny\original\en\jane_eyre_02_f000096.wav,expanded_unseen,expanded_unseen,mlaad_tiny_matched,MLAAD_original,val_b_unseen_generator,0,0,0,1,0,0.0387836396597853,0.0387836396597853,,False,True,8.189875,0.7357742786407471,0.6577409505844116,0.7249617576599121,0.6572757959365845,0.931678295135498,0.30291882157325745,0.8287694454193115,0.01620594412088394
data\raw\public_v9\mlaad_tiny\original\en\jane_eyre_03_f000165.wav,expanded_unseen,expanded_unseen,mlaad_tiny_matched,MLAAD_original,val_b_unseen_generator,0,0,0,1,0,0.04213380871482188,0.04213380871482188,,False,True,6.649875,0.7161153554916382,0.6915727853775024,0.7205053567886353,0.6912859082221985,0.9188394546508789,0.38417088985443115,0.8045691847801208,0.022676104679703712
data\raw\public_v9\mlaad_tiny\original\en\jane_eyre_03_f000179.wav,expanded_unseen,expanded_unseen,mlaad_tiny_matched,MLAAD_original,val_b_unseen_generator,0,0,0,1,0,0.014355358654943631,0.014355358654943631,,False,True,11.039875,0.739578366279602,0.6418704986572266,0.7412936687469482,0.6452940106391907,0.9400457143783569,0.2225339412689209,0.8427533507347107,0.01784118264913559
data\raw\public_v9\mlaad_tiny\original\en\jane_eyre_04_f000070.wav,expanded_unseen,expanded_unseen,mlaad_tiny_matched,MLAAD_original,val_b_unseen_generator,0,0,0,1,0,0.008475868912333307,0.008475868912333307,,False,True,5.119875,0.7256070375442505,0.7432301044464111,0.729346752166748,0.7434555292129517,0.9223511219024658,0.39291268587112427,0.8222301006317139,0.026840340346097946
data\raw\public_v9\mlaad_tiny\original\en\jane_eyre_08_f000086.wav,expanded_unseen,expanded_unseen,mlaad_tiny_matched,MLAAD_original,val_b_unseen_generator,0,0,0,1,0,0.16178175587510668,0.16178175587510668,,False,True,11.6168125,0.7259842157363892,0.7071819305419922,0.7122600078582764,0.7092458009719849,0.957921028137207,0.26088184118270874,0.6881453394889832,0.015370076522231102
data\raw\public_v9\mlaad_tiny\original\en\jane_eyre_12_f000050.wav,expanded_unseen,expanded_unseen,mlaad_tiny_matched,MLAAD_original,val_b_unseen_generator,0,0,0,1,0,0.02605280127739186,0.02605280127739186,,False,True,9.199875,0.7357981204986572,0.593859076499939,0.727907657623291,0.593938946723938,0.937098503112793,0.26682472229003906,0.7177408337593079,0.021323665976524353
data\raw\public_v9\mlaad_tiny\original\en\jane_eyre_12_f000061.wav,expanded_unseen,expanded_unseen,mlaad_tiny_matched,MLAAD_original,val_b_unseen_generator,0,0,0,1,0,0.009951744079656277,0.009951744079656277,,False,True,3.249875,0.6600514054298401,0.6135549545288086,0.6735554337501526,0.6104627847671509,0.9577891826629639,0.1493605673313141,0.7585031390190125,0.03176744282245636
data\raw\public_v9\echoes_fma_paired\real\fma_111819.mp3,expanded_unseen,expanded_unseen,echoes_fma_paired,Echoes::FMA_original,val_b_unseen_music_generator,0,0,0,0,1,0.4942927874263143,0.4942927874263143,,False,True,113.084125,0.678504228591919,6.400833285624685e-08,0.6597254276275635,5.905206279521735e-08,0.5602598786354065,0.9999998211860657,0.02382577955722809,0.7868172526359558
data\raw\public_v9\echoes_fma_paired\fake\Ad_Astra_P_C_III_diffrhythm_ATA_001.mp3,expanded_unseen,expanded_unseen,echoes_fma_paired,Echoes::diffrhythm,val_b_unseen_music_generator,1,0,1,0,1,0.34410771256636064,0.34410771256636064,,False,True,97.98825,0.7123472094535828,0.0077201384119689465,0.6833866834640503,0.006565922871232033,0.6075157523155212,0.8653075695037842,0.026003411039710045,0.7558380961418152
data\raw\public_v9\echoes_fma_paired\fake\Ad_Astra_P_C_III_songgen_ATA_001.mp3,expanded_unseen,expanded_unseen,echoes_fma_paired,Echoes::songgen,val_b_unseen_music_generator,1,0,1,0,1,0.9975774273333885,0.9975774273333885,,False,True,29.72,0.7573536038398743,0.04034193605184555,0.7452025413513184,0.04146788641810417,0.8931090831756592,0.9732915759086609,0.0622023306787014,0.8551003932952881
data\raw\public_v9\echoes_fma_paired\real\fma_111821.mp3,expanded_unseen,expanded_unseen,echoes_fma_paired,Echoes::FMA_original,val_b_unseen_music_generator,0,0,0,0,1,0.31853907618294414,0.31853907618294414,,False,True,490.0833125,0.6891200542449951,6.036469102355113e-08,0.6733800172805786,5.634964139744625e-08,0.47714710235595703,0.9999999403953552,0.07029564678668976,0.792948305606842
data\raw\public_v9\echoes_fma_paired\fake\Ancient_Whispers_I_P_C_III_diffrhythm_ATA_001.mp3,expanded_unseen,expanded_unseen,echoes_fma_paired,Echoes::diffrhythm,val_b_unseen_music_generator,1,0,1,0,1,0.9943476718188402,0.9943476718188402,,False,True,127.9884375,0.6999692916870117,0.0017962970305234194,0.646431565284729,0.001722217770293355,0.7162420153617859,0.9967949986457825,0.1551574021577835,0.7307395935058594
data\raw\public_v9\echoes_fma_paired\fake\Ancient_Whispers_I_P_C_III_songgen_ATA_001.mp3,expanded_unseen,expanded_unseen,echoes_fma_paired,Echoes::songgen,val_b_unseen_music_generator,1,0,1,0,1,0.8984214119225569,0.8984214119225569,,False,True,29.84,0.7943971157073975,0.03729317709803581,0.7833106517791748,0.03825956955552101,0.9151915907859802,0.9595515131950378,0.024832405149936676,0.8250204920768738
data\raw\public_v9\echoes_fma_paired\real\fma_112378.mp3,expanded_unseen,expanded_unseen,echoes_fma_paired,Echoes::FMA_original,val_b_unseen_music_generator,0,0,0,0,1,0.48907768538236646,0.48907768538236646,,False,True,291.099875,0.7192085385322571,2.0098155800951645e-05,0.7213659286499023,1.913639425765723e-05,0.7613604664802551,0.9999983906745911,0.016654862090945244,0.6722963452339172
data\raw\public_v9\echoes_fma_paired\fake\3_am_West_End_statusq_diffrhythm_ATA_001.mp3,expanded_unseen,expanded_unseen,echoes_fma_paired,Echoes::diffrhythm,val_b_unseen_music_generator,1,0,1,0,1,0.9887303911541043,0.9887303911541043,,False,True,134.9544375,0.7370579242706299,0.02304469794034958,0.7163774967193604,0.023114724084734917,0.6857419610023499,0.9533317685127258,0.11997681111097336,0.7691347002983093
data\raw\public_v9\echoes_fma_paired\fake\3_am_West_End_statusq_songgen_ATA_001.mp3,expanded_unseen,expanded_unseen,echoes_fma_paired,Echoes::songgen,val_b_unseen_music_generator,1,0,1,0,1,0.9969595851559637,0.9969595851559637,,False,True,29.84,0.7616783380508423,0.3907870352268219,0.7624874114990234,0.3858290910720825,0.9729984402656555,0.12988989055156708,0.6712713837623596,0.02239018864929676
data\raw\public_v9\echoes_fma_paired\real\fma_114244.mp3,expanded_unseen,expanded_unseen,echoes_fma_paired,Echoes::FMA_original,val_b_unseen_music_generator,0,0,0,0,1,0.6220614761655973,0.6220614761655973,,False,True,486.029375,0.6914365887641907,0.00012488168431445956,0.6705780625343323,0.00011880440433742478,0.5004212856292725,0.9997264742851257,0.016752304509282112,0.8440704941749573
data\raw\public_v9\echoes_fma_paired\fake\2Much_Andy_Spinelli_Alex_Sánchez_House_Edit_Tentacles_diffrhythm_ATA_001.mp3,expanded_unseen,expanded_unseen,echoes_fma_paired,Echoes::diffrhythm,val_b_unseen_music_generator,1,0,1,0,1,0.7794722374778129,0.7794722374778129,,False,True,115.9605,0.674799382686615,0.0033813943155109882,0.6651745438575745,0.003294839523732662,0.6276693940162659,0.9942545890808105,0.041469067335128784,0.877384603023529
data\raw\public_v9\echoes_fma_paired\fake\2Much_Andy_Spinelli_Alex_Sánchez_House_Edit_Tentacles_songgen_ATA_001.mp3,expanded_unseen,expanded_unseen,echoes_fma_paired,Echoes::songgen,val_b_unseen_music_generator,1,0,1,0,1,0.8389244193310992,0.8389244193310992,,False,True,29.84,0.7037070989608765,0.002975607290863991,0.681475043296814,0.002938892925158143,0.47254106402397156,0.9983915686607361,0.05978589132428169,0.7965414524078369
data\raw\public_v9\echoes_fma_paired\real\fma_118048.mp3,expanded_unseen,expanded_unseen,echoes_fma_paired,Echoes::FMA_original,val_b_unseen_music_generator,0,0,0,0,1,0.57259812659756,0.57259812659756,,False,True,111.9721875,0.7454124689102173,0.000946297834161669,0.7444683313369751,0.000910809263586998,0.9043850302696228,0.9967486262321472,0.09926194697618484,0.8061626553535461
data\raw\public_v9\echoes_fma_paired\fake\Attention_Pete_Prodoehl_diffrhythm_ATA_001.mp3,expanded_unseen,expanded_unseen,echoes_fma_paired,Echoes::diffrhythm,val_b_unseen_music_generator,1,0,1,0,1,0.8879515789838126,0.8879515789838126,,False,True,113.9635625,0.6894757747650146,3.623317979872809e-06,0.6732159852981567,3.4268491617694963e-06,0.4979931116104126,0.9999949336051941,0.028669709339737892,0.8254547119140625
data\raw\public_v9\echoes_fma_paired\fake\Attention_Pete_Prodoehl_songgen_TTA_001.mp3,expanded_unseen,expanded_unseen,echoes_fma_paired,Echoes::songgen,val_b_unseen_music_generator,1,0,1,0,1,0.9859178745263473,0.9859178745263473,,False,True,26.42,0.7170834541320801,4.529253419605084e-05,0.7001078128814697,4.214417276671156e-05,0.5418226718902588,0.9997437596321106,0.0576813779771328,0.9044413566589355
data\raw\public_v9\echoes_fma_paired\real\fma_127294.mp3,expanded_unseen,expanded_unseen,echoes_fma_paired,Echoes::FMA_original,val_b_unseen_music_generator,0,0,0,0,1,0.4971114280691169,0.4971114280691169,,False,True,219.28,0.8183894157409668,1.4156610177451512e-06,0.7772011756896973,1.3024905456404667e-06,0.24171467125415802,0.9999979138374329,0.021276066079735756,0.7903603911399841
data\raw\public_v9\echoes_fma_paired\fake\Autopsy_Oh_Yeah_the_Future_diffrhythm_ATA_001.mp3,expanded_unseen,expanded_unseen,echoes_fma_paired,Echoes::diffrhythm,val_b_unseen_music_generator,1,0,1,0,1,0.7250395110037929,0.7250395110037929,,False,True,98.9635,0.7678508758544922,2.2854836061014794e-05,0.7325722575187683,2.1656043827533722e-05,0.4166346490383148,0.999962329864502,0.01839299686253071,0.8199812769889832
data\raw\public_v9\echoes_fma_paired\fake\Autopsy_Oh_Yeah_the_Future_songgen_ATA_001.mp3,expanded_unseen,expanded_unseen,echoes_fma_paired,Echoes::songgen,val_b_unseen_music_generator,1,0,1,0,1,0.971299027235208,0.971299027235208,,False,True,29.84,0.7274628281593323,0.001197845209389925,0.7079215049743652,0.0012171946000307798,0.5514437556266785,0.9990646839141846,0.024321721866726875,0.8420500755310059
data\raw\public_v9\echoes_fma_paired\real\fma_129963.mp3,expanded_unseen,expanded_unseen,echoes_fma_paired,Echoes::FMA_original,val_b_unseen_music_generator,0,0,0,0,1,0.7004011693155578,0.7004011693155578,,False,True,327.0791875,0.7024706602096558,1.2108426744816825e-05,0.6778405904769897,1.1158816050738096e-05,0.4223330020904541,0.9999651908874512,0.027072036638855934,0.8156751990318298
data\raw\public_v9\echoes_fma_paired\fake\A_Dark_Blue_Arc_Pipe_Choir_diffrhythm_ATA_001.mp3,expanded_unseen,expanded_unseen,echoes_fma_paired,Echoes::diffrhythm,val_b_unseen_music_generator,1,0,1,0,1,0.9518682756353306,0.9518682756353306,,False,True,104.95425,0.722690224647522,0.18226906657218933,0.6893976926803589,0.16852621734142303,0.6014837622642517,0.6798226237297058,0.04351004958152771,0.5778566002845764
data\raw\public_v9\echoes_fma_paired\fake\A_Dark_Blue_Arc_Pipe_Choir_songgen_ATA_001.mp3,expanded_unseen,expanded_unseen,echoes_fma_paired,Echoes::songgen,val_b_unseen_music_generator,1,0,1,0,1,0.9124494460962905,0.9124494460962905,,False,True,29.84,0.6657781004905701,0.2608731985092163,0.6681169867515564,0.26307213306427,0.8322127461433411,0.9780447483062744,0.05103546380996704,0.471630334854126
data\raw\public_v9\echoes_fma_paired\real\fma_130129.mp3,expanded_unseen,expanded_unseen,echoes_fma_paired,Echoes::FMA_original,val_b_unseen_music_generator,0,0,0,0,1,0.6529396197735741,0.6529396197735741,,False,True,288.0,0.7657341361045837,1.158237864729017e-05,0.7220637202262878,1.0858115274459124e-05,0.3975540101528168,0.9999804496765137,0.021721117198467255,0.8421676158905029
data\raw\public_v9\echoes_fma_paired\fake\Artificial_anxiety_Michett_diffrhythm_ATA_001.mp3,expanded_unseen,expanded_unseen,echoes_fma_paired,Echoes::diffrhythm,val_b_unseen_music_generator,1,0,1,0,1,0.945749873600612,0.945749873600612,,False,True,102.9573125,0.7291574478149414,0.0024307561106979847,0.6998704671859741,0.0024015791714191437,0.6026865839958191,0.9944610595703125,0.10091215372085571,0.6744201183319092
data\raw\public_v9\echoes_fma_paired\fake\Artificial_anxiety_Michett_songgen_ATA_001.mp3,expanded_unseen,expanded_unseen,echoes_fma_paired,Echoes::songgen,val_b_unseen_music_generator,1,0,1,0,1,0.933915791144822,0.933915791144822,,False,True,25.96,0.6967902779579163,3.7773138501506764e-06,0.6741323471069336,3.5576185837271623e-06,0.482231467962265,0.9999942779541016,0.5971989631652832,0.1277245730161667
data\raw\public_v9\echoes_fma_paired\real\fma_130401.mp3,expanded_unseen,expanded_unseen,echoes_fma_paired,Echoes::FMA_original,val_b_unseen_music_generator,0,0,0,0,1,0.8666897562884143,0.8666897562884143,,False,True,270.680875,0.7194862365722656,3.9274723917515075e-07,0.6937047243118286,3.6469486985879485e-07,0.3936123847961426,0.9999993443489075,0.02437850832939148,0.8402512073516846
data\raw\public_v9\echoes_fma_paired\fake\50000_Volts_of_Democracy_mp3_Legally_Blind_diffrhythm_ATA_001.mp3,expanded_unseen,expanded_unseen,echoes_fma_paired,Echoes::diffrhythm,val_b_unseen_music_generator,1,0,1,0,1,0.973286716348346,0.973286716348346,,False,True,116.9821875,0.7202876210212708,2.873490075216978e-06,0.6914694309234619,2.6474679089005804e-06,0.3766349256038666,0.9999947547912598,0.018671328201889992,0.861066997051239
data\raw\public_v9\echoes_fma_paired\fake\50000_Volts_of_Democracy_mp3_Legally_Blind_songgen_TTA_001.mp3,expanded_unseen,expanded_unseen,echoes_fma_paired,Echoes::songgen,val_b_unseen_music_generator,1,0,1,0,1,0.9645586208625713,0.9645586208625713,,False,True,24.3,0.7420881986618042,6.079910963308066e-05,0.7126660346984863,5.7212695537600666e-05,0.36865273118019104,0.9999461770057678,0.033815279603004456,0.8755450248718262
data\raw\public_v9\echoes_fma_paired\real\fma_137049.mp3,expanded_unseen,expanded_unseen,echoes_fma_paired,Echoes::FMA_original,val_b_unseen_music_generator,0,0,0,0,1,0.43772862116434297,0.43772862116434297,,False,True,238.1084375,0.7191969752311707,0.001082592993043363,0.706423282623291,0.0010370289674028754,0.561880886554718,0.9961698651313782,0.18802602589130402,0.41718557476997375
data\raw\public_v9\echoes_fma_paired\fake\Autobahn_S-B-J_diffrhythm_ATA_001.mp3,expanded_unseen,expanded_unseen,echoes_fma_paired,Echoes::diffrhythm,val_b_unseen_music_generator,1,0,1,0,1,0.9510337111730925,0.9510337111730925,,False,True,142.9885,0.6820888519287109,0.00021103743347339332,0.6669483780860901,0.0001989935990422964,0.5301387310028076,0.9996406435966492,0.040114421397447586,0.8257072567939758
data\raw\public_v9\echoes_fma_paired\fake\Autobahn_S-B-J_songgen_ATA_001.mp3,expanded_unseen,expanded_unseen,echoes_fma_paired,Echoes::songgen,val_b_unseen_music_generator,1,0,1,0,1,0.9974085245978735,0.9974085245978735,,False,True,28.7,0.7450623512268066,0.0035831029526889324,0.7474644184112549,0.0033569601364433765,0.8378697037696838,0.954537570476532,0.6734893918037415,0.7704810500144958
data\raw\public_v9\echoes_fma_paired\real\fma_138061.mp3,expanded_unseen,expanded_unseen,echoes_fma_paired,Echoes::FMA_original,val_b_unseen_music_generator,0,0,0,0,1,0.4362962428261845,0.4362962428261845,,False,True,216.0,0.6943743824958801,0.0017324363579973578,0.6843583583831787,0.001633539330214262,0.6740131378173828,0.9947602152824402,0.04375157877802849,0.8184185028076172
data\raw\public_v9\echoes_fma_paired\fake\Bergwald_Bergwald_Every_Now_and_Every_Then_diffrhythm_ATA_001.mp3,expanded_unseen,expanded_unseen,echoes_fma_paired,Echoes::diffrhythm,val_b_unseen_music_generator,1,0,1,0,1,0.33723318427435495,0.33723318427435495,,False,True,111.966625,0.7056123614311218,3.762225105674588e-06,0.6922621726989746,3.594963573050336e-06,0.48876896500587463,0.9999954104423523,0.03176961466670036,0.7685990333557129
data\raw\public_v9\echoes_fma_paired\fake\Bergwald_Bergwald_Every_Now_and_Every_Then_songgen_TTA_001.mp3,expanded_unseen,expanded_unseen,echoes_fma_paired,Echoes::songgen,val_b_unseen_music_generator,1,0,1,0,1,0.9819077791844395,0.9819077791844395,,False,True,22.9,0.7155916094779968,0.00011061438999604434,0.6899871826171875,0.00010444205690873787,0.420291006565094,0.9993863105773926,0.09577518701553345,0.9151217937469482
data\raw\public_v9\echoes_fma_paired\real\fma_140924.mp3,expanded_unseen,expanded_unseen,echoes_fma_paired,Echoes::FMA_original,val_b_unseen_music_generator,0,0,0,0,1,0.4950457570133072,0.4950457570133072,,False,True,293.75,0.7201690077781677,1.2800324133976915e-09,0.6933486461639404,1.1717675718614373e-09,0.3807030916213989,1.0,0.021020034328103065,0.8827128410339355
data\raw\public_v9\echoes_fma_paired\fake\Authenticity_Nihilore_diffrhythm_ATA_001.mp3,expanded_unseen,expanded_unseen,echoes_fma_paired,Echoes::diffrhythm,val_b_unseen_music_generator,1,0,1,0,1,0.9913728613393464,0.9913728613393464,,False,True,143.96375,0.7006196975708008,0.1906018853187561,0.6775653958320618,0.17664580047130585,0.6037626266479492,0.677202045917511,0.020348329097032547,0.6176190376281738
data\raw\public_v9\echoes_fma_paired\fake\Authenticity_Nihilore_songgen_ATA_001.mp3,expanded_unseen,expanded_unseen,echoes_fma_paired,Echoes::songgen,val_b_unseen_music_generator,1,0,1,0,1,0.7233968989083784,0.7233968989083784,,False,True,29.42,0.7234468460083008,1.1974168955930509e-05,0.7088009119033813,1.1228910807403736e-05,0.6028540134429932,0.9999973773956299,0.033508241176605225,0.8653304576873779
data\raw\public_v9\echoes_fma_paired\real\fma_140926.mp3,expanded_unseen,expanded_unseen,echoes_fma_paired,Echoes::FMA_original,val_b_unseen_music_generator,0,0,0,0,1,0.46966460831456175,0.46966460831456175,,False,True,296.6129375,0.6972919702529907,9.327503676104243e-07,0.6793025732040405,8.48790136842581e-07,0.5033160448074341,0.9999985694885254,0.02765309251844883,0.8544926047325134
data\raw\public_v9\echoes_fma_paired\fake\A_Different_World_By_Night_Nihilore_diffrhythm_ATA_001.mp3,expanded_unseen,expanded_unseen,echoes_fma_paired,Echoes::diffrhythm,val_b_unseen_music_generator,1,0,1,0,1,0.9940112780498251,0.9940112780498251,,False,True,121.9976875,0.6888930797576904,0.06373495608568192,0.6635569334030151,0.05453683063387871,0.6242309212684631,0.7078220844268799,0.20605410635471344,0.584987461566925
data\raw\public_v9\echoes_fma_paired\fake\A_Different_World_By_Night_Nihilore_songgen_ATA_001.mp3,expanded_unseen,expanded_unseen,echoes_fma_paired,Echoes::songgen,val_b_unseen_music_generator,1,0,1,0,1,0.4794779422429422,0.4794779422429422,,False,True,29.84,0.7279548048973083,0.07106410712003708,0.7246204614639282,0.07137779146432877,0.7530732750892639,0.9420318603515625,0.01891660876572132,0.7865137457847595
data\raw\public_v9\echoes_fma_paired\real\fma_140932.mp3,expanded_unseen,expanded_unseen,echoes_fma_paired,Echoes::FMA_original,val_b_unseen_music_generator,0,0,0,0,1,0.41840456420638256,0.41840456420638256,,False,True,372.0000625,0.71340012550354,2.9926436884153418e-09,0.6802200078964233,2.731957104984417e-09,0.4130995273590088,1.0,0.02454494684934616,0.86937016248703
data\raw\public_v9\echoes_fma_paired\fake\10000_People_Chanting_Im_an_Individual_Nihilore_diffrhythm_ATA_001.mp3,expanded_unseen,expanded_unseen,echoes_fma_paired,Echoes::diffrhythm,val_b_unseen_music_generator,1,0,1,0,1,0.8944343378238269,0.8944343378238269,,False,True,138.9946875,0.707694411277771,4.268341581337154e-05,0.6933823823928833,4.098333010915667e-05,0.5717757344245911,0.9999375343322754,0.04046720266342163,0.7617723345756531
data\raw\public_v9\echoes_fma_paired\fake\10000_People_Chanting_Im_an_Individual_Nihilore_songgen_ATA_001.mp3,expanded_unseen,expanded_unseen,echoes_fma_paired,Echoes::songgen,val_b_unseen_music_generator,1,0,1,0,1,0.9784084128596062,0.9784084128596062,,False,True,29.7,0.6469433307647705,0.0015893725212663412,0.6568785905838013,0.0015199498739093542,0.8766354918479919,0.993778645992279,0.14703844487667084,0.7000420689582825
data\raw\public_v9\echoes_fma_paired\real\fma_141875.mp3,expanded_unseen,expanded_unseen,echoes_fma_paired,Echoes::FMA_original,val_b_unseen_music_generator,0,0,0,0,1,0.42415192514714467,0.42415192514714467,,False,True,216.0,0.6857118606567383,0.0003897794522345066,0.6724423170089722,0.0003752035554498434,0.5100343227386475,0.9989483952522278,0.025085022673010826,0.9043702483177185
data\raw\public_v9\echoes_fma_paired\fake\Acoustic_Unleashed_Remain_diffrhythm_ATA_001.mp3,expanded_unseen,expanded_unseen,echoes_fma_paired,Echoes::diffrhythm,val_b_unseen_music_generator,1,0,1,0,1,0.7833065287040929,0.7833065287040929,,False,True,101.9820625,0.7347671985626221,6.83798934915103e-05,0.6941794157028198,6.455355469370261e-05,0.4264432489871979,0.9997996687889099,0.034277427941560745,0.8575317859649658
data\raw\public_v9\echoes_fma_paired\fake\Acoustic_Unleashed_Remain_songgen_ATA_001.mp3,expanded_unseen,expanded_unseen,echoes_fma_paired,Echoes::songgen,val_b_unseen_music_generator,1,0,1,0,1,0.9941249152224618,0.9941249152224618,,False,True,29.84,0.6903426051139832,6.702610698994249e-05,0.6991705894470215,6.398231198545545e-05,0.7483918070793152,0.9999014735221863,0.1441805362701416,0.6271197199821472
data\raw\public_v9\echoes_fma_paired\real\fma_144723.mp3,expanded_unseen,expanded_unseen,echoes_fma_paired,Echoes::FMA_original,val_b_unseen_music_generator,0,0,0,0,1,0.47483045849475036,0.47483045849475036,,False,True,233.7436875,0.7670463919639587,0.00018759733939077705,0.7190181016921997,0.00017970384215004742,0.3368988037109375,0.9997109770774841,0.03274594247341156,0.878254234790802
data\raw\public_v9\echoes_fma_paired\fake\And_Over_The_Rainbows_milky-chu_diffrhythm_ATA_001.mp3,expanded_unseen,expanded_unseen,echoes_fma_paired,Echoes::diffrhythm,val_b_unseen_music_generator,1,0,1,0,1,0.711620261588765,0.711620261588765,,False,True,102.9573125,0.7231971621513367,2.0609817852346168e-07,0.6931360960006714,1.8679817515021568e-07,0.3778047561645508,0.9999997019767761,0.034389276057481766,0.8213198781013489
data\raw\public_v9\echoes_fma_paired\fake\And_Over_The_Rainbows_milky-chu_songgen_ATA_001.mp3,expanded_unseen,expanded_unseen,echoes_fma_paired,Echoes::songgen,val_b_unseen_music_generator,1,0,1,0,1,0.9918937901308162,0.9918937901308162,,False,True,20.12,0.717918872833252,0.004779191687703133,0.7069370150566101,0.004772228188812733,0.5868394374847412,0.9762957692146301,0.05192597210407257,0.8389548063278198
data\raw\public_v9\echoes_fma_paired\real\fma_3956.mp3,expanded_unseen,expanded_unseen,echoes_fma_paired,Echoes::FMA_original,val_b_unseen_music_generator,0,0,0,0,1,0.435281422230443,0.435281422230443,,False,True,158.4065625,0.6997658014297485,2.5761848519323394e-05,0.6896564364433289,2.5022431145771407e-05,0.6519392132759094,0.9999658465385437,0.03228354826569557,0.8268858790397644
data\raw\public_v9\echoes_fma_paired\fake\Better_Run_Away_From_Me_Miss_Derringer_diffrhythm_ATA_001.mp3,expanded_unseen,expanded_unseen,echoes_fma_paired,Echoes::diffrhythm,val_b_unseen_music_generator,1,0,1,0,1,0.7195576120552455,0.7195576120552455,,False,True,102.9573125,0.7408859133720398,1.880845957202837e-05,0.7069156169891357,1.78683694684878e-05,0.3626551926136017,0.9999691843986511,0.017724281176924706,0.8505234718322754
data\raw\public_v9\echoes_fma_paired\fake\Better_Run_Away_From_Me_Miss_Derringer_songgen_ATA_001.mp3,expanded_unseen,expanded_unseen,echoes_fma_paired,Echoes::songgen,val_b_unseen_music_generator,1,0,1,0,1,0.9851724962532348,0.9851724962532348,,False,True,29.66,0.6932069063186646,8.156489457178395e-06,0.6778860092163086,7.64979085943196e-06,0.5485904812812805,0.9999823570251465,0.049219656735658646,0.8791966438293457
data\raw\public_v9\echoes_fma_paired\real\fma_4003.mp3,expanded_unseen,expanded_unseen,echoes_fma_paired,Echoes::FMA_original,val_b_unseen_music_generator,0,0,0,0,1,0.36181840894535244,0.36181840894535244,,False,True,183.8236875,0.6707833409309387,0.00013709613995160908,0.6567392945289612,0.00013217008381616324,0.5413934588432312,0.9998189806938171,0.022141678258776665,0.8097861409187317
data\raw\public_v9\echoes_fma_paired\fake\Beyond_Luxury_Mors_Ontologica_diffrhythm_ATA_001.mp3,expanded_unseen,expanded_unseen,echoes_fma_paired,Echoes::diffrhythm,val_b_unseen_music_generator,1,0,1,0,1,0.9166831341541974,0.9166831341541974,,False,True,127.9884375,0.7176071405410767,2.724242904150742e-06,0.6886870861053467,2.572944595158333e-06,0.511474072933197,0.9999931454658508,0.02559684030711651,0.8122528195381165
data\raw\public_v9\echoes_fma_paired\fake\Beyond_Luxury_Mors_Ontologica_songgen_ATA_001.mp3,expanded_unseen,expanded_unseen,echoes_fma_paired,Echoes::songgen,val_b_unseen_music_generator,1,0,1,0,1,0.5486360509085644,0.5486360509085644,,False,True,29.78,0.6702823042869568,0.10549332201480865,0.6708332896232605,0.10766546428203583,0.9128379225730896,0.9705042839050293,0.1974773406982422,0.4163346290588379
data\raw\public_v9\echoes_fma_paired\real\fma_47071.mp3,expanded_unseen,expanded_unseen,echoes_fma_paired,Echoes::FMA_original,val_b_unseen_music_generator,0,0,0,0,1,0.679914666574699,0.679914666574699,,False,True,177.7110625,0.7020167112350464,0.00014856536290608346,0.6778321266174316,0.0001474160817451775,0.4711109697818756,0.9997608065605164,0.01542606856673956,0.8739726543426514
data\raw\public_v9\echoes_fma_paired\fake\All_of_Us_Eric_Skiff_diffrhythm_ATA_001.mp3,expanded_unseen,expanded_unseen,echoes_fma_paired,Echoes::diffrhythm,val_b_unseen_music_generator,1,0,1,0,1,0.9109426666945297,0.9109426666945297,,False,True,121.9976875,0.7130215167999268,9.72672933130525e-06,0.6909602284431458,9.006960681290366e-06,0.6090514659881592,0.9999690055847168,0.021817782893776894,0.7978983521461487
data\raw\public_v9\echoes_fma_paired\fake\All_of_Us_Eric_Skiff_songgen_ATA_001.mp3,expanded_unseen,expanded_unseen,echoes_fma_paired,Echoes::songgen,val_b_unseen_music_generator,1,0,1,0,1,0.9904249083497152,0.9904249083497152,,False,True,29.84,0.7781839370727539,0.059347398579120636,0.7481189370155334,0.05961265414953232,0.8911685943603516,0.8983165621757507,0.26580116152763367,0.496469110250473
data\raw\public_v9\echoes_fma_paired\real\fma_74910.mp3,expanded_unseen,expanded_unseen,echoes_fma_paired,Echoes::FMA_original,val_b_unseen_music_generator,0,0,0,0,1,0.5141310303106311,0.5141310303106311,,False,True,134.530625,0.7904630303382874,5.44880676898174e-05,0.751225471496582,5.058859824202955e-05,0.2742862403392792,0.9998893141746521,0.02497941255569458,0.920743465423584
data\raw\public_v9\echoes_fma_paired\fake\A_Lady_In_Red_With_A_Plan_To_Steal_Did_You_Just_Hex_Me_diffrhythm_ATA_001.mp3,expanded_unseen,expanded_unseen,echoes_fma_paired,Echoes::diffrhythm,val_b_unseen_music_generator,1,0,1,0,1,0.7036514562234731,0.7036514562234731,,False,True,99.985125,0.7384756803512573,1.7399829630448949e-06,0.7082551717758179,1.6070370065790485e-06,0.3653336763381958,0.9999969005584717,0.015294328331947327,0.8286789059638977
data\raw\public_v9\echoes_fma_paired\fake\A_Lady_In_Red_With_A_Plan_To_Steal_Did_You_Just_Hex_Me_songgen_ATA_001.mp3,expanded_unseen,expanded_unseen,echoes_fma_paired,Echoes::songgen,val_b_unseen_music_generator,1,0,1,0,1,0.9846256111500833,0.9846256111500833,,False,True,29.66,0.6708760261535645,0.0005147160263732076,0.6732667684555054,0.0004918776685371995,0.7936893105506897,0.9983265995979309,0.7215372920036316,0.3135022222995758
