voice_alpha,voice_method,music_alpha,music_method,voice_affects_file,music_affects_file,deployable,robust_objective,joint_selection_objective,mean_total,worst_total,unseen_total,mean_ads,mean_file_eer,mean_voice_eer,worst_voice_eer,mean_music_eer,worst_music_eer,voice_unseen_eer,music_unseen_eer
0.0,probability,0.0,probability,False,False,True,0.8987836100260416,0.8715860270182291,0.9070621744791666,0.8873828125,0.8973307291666668,0.8999999999999999,0.12083333333333335,0.16666666666666669,0.20833333333333337,0.02083333333333335,0.02083333333333335,0.4,0.4
0.0,probability,0.0,probability,True,False,True,0.8987836100260416,0.8715860270182291,0.9070621744791666,0.8873828125,0.8973307291666668,0.8999999999999999,0.12083333333333335,0.16666666666666669,0.20833333333333337,0.02083333333333335,0.02083333333333335,0.4,0.4
0.05,probability,0.0,probability,False,False,True,0.8974971516927083,0.8714980061848957,0.9061246744791666,0.8873828125,0.8935807291666666,0.8989583333333333,0.12083333333333335,0.171875,0.20833333333333337,0.02083333333333335,0.02083333333333335,0.375,0.4
0.05,probability,0.0,probability,True,False,True,0.8974971516927083,0.8714980061848957,0.9061246744791666,0.8873828125,0.8935807291666666,0.8989583333333333,0.12083333333333335,0.171875,0.20833333333333337,0.02083333333333335,0.02083333333333335,0.375,0.4
0.1,probability,0.0,probability,False,False,True,0.8989711100260417,0.8737797770182291,0.9070621744791666,0.8911328124999999,0.8935807291666666,0.9,0.12083333333333335,0.16666666666666666,0.1875,0.02083333333333335,0.02083333333333335,0.375,0.4
0.1,probability,0.0,probability,True,False,True,0.8989711100260417,0.8737797770182291,0.9070621744791666,0.8911328124999999,0.8935807291666666,0.9,0.12083333333333335,0.16666666666666666,0.1875,0.02083333333333335,0.02083333333333335,0.375,0.4
0.15,probability,0.0,probability,False,False,True,0.8989711100260417,0.8737797770182291,0.9070621744791666,0.8911328124999999,0.8935807291666666,0.9,0.12083333333333335,0.16666666666666666,0.1875,0.02083333333333335,0.02083333333333335,0.375,0.4
0.15,probability,0.0,probability,True,False,True,0.8989711100260417,0.8737797770182291,0.9070621744791666,0.8911328124999999,0.8935807291666666,0.9,0.12083333333333335,0.16666666666666666,0.1875,0.02083333333333335,0.02083333333333335,0.375,0.4
0.2,probability,0.0,probability,False,False,True,0.8989711100260417,0.8749047770182291,0.9070621744791666,0.8911328124999999,0.8935807291666666,0.9,0.12083333333333335,0.16666666666666666,0.1875,0.02083333333333335,0.02083333333333335,0.35,0.4
0.2,probability,0.0,probability,True,False,True,0.8989711100260417,0.8749047770182291,0.9070621744791666,0.8911328124999999,0.8935807291666666,0.9,0.12083333333333335,0.16666666666666666,0.1875,0.02083333333333335,0.02083333333333335,0.35,0.4
0.25,probability,0.0,probability,False,False,True,0.8989711100260417,0.8749047770182291,0.9070621744791666,0.8911328124999999,0.8935807291666666,0.9,0.12083333333333335,0.16666666666666666,0.1875,0.02083333333333335,0.02083333333333335,0.35,0.4
0.25,probability,0.0,probability,True,False,True,0.8989711100260417,0.8749047770182291,0.9070621744791666,0.8911328124999999,0.8935807291666666,0.9,0.12083333333333335,0.16666666666666666,0.1875,0.02083333333333335,0.02083333333333335,0.35,0.4
0.3,probability,0.0,probability,False,False,True,0.8989711100260417,0.8760297770182291,0.9070621744791666,0.8911328124999999,0.8935807291666666,0.9,0.12083333333333335,0.16666666666666666,0.1875,0.02083333333333335,0.02083333333333335,0.32499999999999996,0.4
0.3,probability,0.0,probability,True,False,True,0.8989711100260417,0.8760297770182291,0.9070621744791666,0.8911328124999999,0.8935807291666666,0.9,0.12083333333333335,0.16666666666666666,0.1875,0.02083333333333335,0.02083333333333335,0.32499999999999996,0.4
0.4,probability,0.0,probability,False,False,True,0.8989711100260417,0.8749047770182291,0.9070621744791666,0.8911328124999999,0.8935807291666666,0.9,0.12083333333333335,0.16666666666666666,0.1875,0.02083333333333335,0.02083333333333335,0.35,0.4
0.4,probability,0.0,probability,True,False,True,0.8989711100260417,0.8749047770182291,0.9070621744791666,0.8911328124999999,0.8935807291666666,0.9,0.12083333333333335,0.16666666666666666,0.1875,0.02083333333333335,0.02083333333333335,0.35,0.4
0.5,probability,0.0,probability,False,False,True,0.899507568359375,0.8755927978515624,0.9079996744791666,0.8911328124999999,0.8935807291666666,0.9010416666666666,0.12083333333333335,0.16145833333333334,0.1875,0.02083333333333335,0.02083333333333335,0.35,0.4
0.5,probability,0.0,probability,True,False,True,0.899507568359375,0.8755927978515624,0.9079996744791666,0.8911328124999999,0.8935807291666666,0.9010416666666666,0.12083333333333335,0.16145833333333334,0.1875,0.02083333333333335,0.02083333333333335,0.35,0.4
0.6,probability,0.0,probability,False,False,True,0.899507568359375,0.8778427978515624,0.9079996744791666,0.8911328124999999,0.8935807291666666,0.9010416666666666,0.12083333333333335,0.16145833333333334,0.1875,0.02083333333333335,0.02083333333333335,0.30000000000000004,0.4
0.6,probability,0.0,probability,True,False,True,0.899507568359375,0.8778427978515624,0.9079996744791666,0.8911328124999999,0.8935807291666666,0.9010416666666666,0.12083333333333335,0.16145833333333334,0.1875,0.02083333333333335,0.02083333333333335,0.30000000000000004,0.4
0.75,probability,0.0,probability,False,False,True,0.9006560058593749,0.8810217041015624,0.9089371744791667,0.8935807291666666,0.8935807291666666,0.9020833333333333,0.12083333333333335,0.15625,0.16666666666666663,0.02083333333333335,0.02083333333333335,0.275,0.4
0.75,probability,0.0,probability,True,False,True,0.9006560058593749,0.8810217041015624,0.9089371744791667,0.8935807291666666,0.8935807291666666,0.9020833333333333,0.12083333333333335,0.15625,0.16666666666666663,0.02083333333333335,0.02083333333333335,0.275,0.4
1.0,probability,0.0,probability,False,False,True,0.899507568359375,0.8778427978515624,0.9079996744791666,0.8911328124999999,0.8935807291666666,0.9010416666666666,0.12083333333333335,0.16145833333333334,0.1875,0.02083333333333335,0.02083333333333335,0.30000000000000004,0.4
1.0,probability,0.0,probability,True,False,True,0.8956716308593751,0.8751576416015625,0.9061246744791668,0.8860807291666668,0.8860807291666668,0.8989583333333334,0.125,0.16145833333333334,0.1875,0.02083333333333335,0.02083333333333335,0.30000000000000004,0.4
0.0,logit,0.0,probability,False,False,True,0.8987836100260416,0.8715860270182291,0.9070621744791666,0.8873828125,0.8973307291666668,0.8999999999999999,0.12083333333333335,0.16666666666666669,0.20833333333333337,0.02083333333333335,0.02083333333333335,0.4,0.4
0.0,logit,0.0,probability,True,False,True,0.8987836100260416,0.8715860270182291,0.9070621744791666,0.8873828125,0.8973307291666668,0.8999999999999999,0.12083333333333335,0.16666666666666669,0.20833333333333337,0.02083333333333335,0.02083333333333335,0.4,0.4
0.05,logit,0.0,probability,False,False,True,0.8974971516927083,0.8714980061848957,0.9061246744791666,0.8873828125,0.8935807291666666,0.8989583333333333,0.12083333333333335,0.171875,0.20833333333333337,0.02083333333333335,0.02083333333333335,0.375,0.4
0.05,logit,0.0,probability,True,False,True,0.8974971516927083,0.8714980061848957,0.9061246744791666,0.8873828125,0.8935807291666666,0.8989583333333333,0.12083333333333335,0.171875,0.20833333333333337,0.02083333333333335,0.02083333333333335,0.375,0.4
0.1,logit,0.0,probability,False,False,True,0.8989711100260417,0.8737797770182291,0.9070621744791666,0.8911328124999999,0.8935807291666666,0.9,0.12083333333333335,0.16666666666666666,0.1875,0.02083333333333335,0.02083333333333335,0.375,0.4
0.1,logit,0.0,probability,True,False,True,0.8989711100260417,0.8737797770182291,0.9070621744791666,0.8911328124999999,0.8935807291666666,0.9,0.12083333333333335,0.16666666666666666,0.1875,0.02083333333333335,0.02083333333333335,0.375,0.4
0.15,logit,0.0,probability,False,False,True,0.8989711100260417,0.8737797770182291,0.9070621744791666,0.8911328124999999,0.8935807291666666,0.9,0.12083333333333335,0.16666666666666666,0.1875,0.02083333333333335,0.02083333333333335,0.375,0.4
0.15,logit,0.0,probability,True,False,True,0.8989711100260417,0.8737797770182291,0.9070621744791666,0.8911328124999999,0.8935807291666666,0.9,0.12083333333333335,0.16666666666666666,0.1875,0.02083333333333335,0.02083333333333335,0.375,0.4
0.2,logit,0.0,probability,False,False,True,0.8989711100260417,0.8737797770182291,0.9070621744791666,0.8911328124999999,0.8935807291666666,0.9,0.12083333333333335,0.16666666666666666,0.1875,0.02083333333333335,0.02083333333333335,0.375,0.4
0.2,logit,0.0,probability,True,False,True,0.8989711100260417,0.8737797770182291,0.9070621744791666,0.8911328124999999,0.8935807291666666,0.9,0.12083333333333335,0.16666666666666666,0.1875,0.02083333333333335,0.02083333333333335,0.375,0.4
0.25,logit,0.0,probability,False,False,True,0.8989711100260417,0.8749047770182291,0.9070621744791666,0.8911328124999999,0.8935807291666666,0.9,0.12083333333333335,0.16666666666666666,0.1875,0.02083333333333335,0.02083333333333335,0.35,0.4
0.25,logit,0.0,probability,True,False,True,0.8989711100260417,0.8749047770182291,0.9070621744791666,0.8911328124999999,0.8935807291666666,0.9,0.12083333333333335,0.16666666666666666,0.1875,0.02083333333333335,0.02083333333333335,0.35,0.4
0.3,logit,0.0,probability,False,False,True,0.8989711100260417,0.8749047770182291,0.9070621744791666,0.8911328124999999,0.8935807291666666,0.9,0.12083333333333335,0.16666666666666666,0.1875,0.02083333333333335,0.02083333333333335,0.35,0.4
0.3,logit,0.0,probability,True,False,True,0.8989711100260417,0.8749047770182291,0.9070621744791666,0.8911328124999999,0.8935807291666666,0.9,0.12083333333333335,0.16666666666666666,0.1875,0.02083333333333335,0.02083333333333335,0.35,0.4
0.4,logit,0.0,probability,False,False,True,0.8989711100260417,0.8749047770182291,0.9070621744791666,0.8911328124999999,0.8935807291666666,0.9,0.12083333333333335,0.16666666666666666,0.1875,0.02083333333333335,0.02083333333333335,0.35,0.4
0.4,logit,0.0,probability,True,False,True,0.8989711100260417,0.8749047770182291,0.9070621744791666,0.8911328124999999,0.8935807291666666,0.9,0.12083333333333335,0.16666666666666666,0.1875,0.02083333333333335,0.02083333333333335,0.35,0.4
0.5,logit,0.0,probability,False,False,True,0.899507568359375,0.8744677978515624,0.9079996744791666,0.8911328124999999,0.8935807291666666,0.9010416666666666,0.12083333333333335,0.16145833333333334,0.1875,0.02083333333333335,0.02083333333333335,0.375,0.4
0.5,logit,0.0,probability,True,False,True,0.899507568359375,0.8744677978515624,0.9079996744791666,0.8911328124999999,0.8935807291666666,0.9010416666666666,0.12083333333333335,0.16145833333333334,0.1875,0.02083333333333335,0.02083333333333335,0.375,0.4
0.6,logit,0.0,probability,False,False,True,0.899507568359375,0.8767177978515623,0.9079996744791666,0.8911328124999999,0.8935807291666666,0.9010416666666666,0.12083333333333335,0.16145833333333334,0.1875,0.02083333333333335,0.02083333333333335,0.32499999999999996,0.4
0.6,logit,0.0,probability,True,False,True,0.899507568359375,0.8767177978515623,0.9079996744791666,0.8911328124999999,0.8935807291666666,0.9010416666666666,0.12083333333333335,0.16145833333333334,0.1875,0.02083333333333335,0.02083333333333335,0.32499999999999996,0.4
0.75,logit,0.0,probability,False,False,True,0.9006560058593749,0.8798967041015624,0.9089371744791667,0.8935807291666666,0.8935807291666666,0.9020833333333333,0.12083333333333335,0.15625,0.16666666666666663,0.02083333333333335,0.02083333333333335,0.30000000000000004,0.4
0.75,logit,0.0,probability,True,False,True,0.9006560058593749,0.8798967041015624,0.9089371744791667,0.8935807291666666,0.8935807291666666,0.9020833333333333,0.12083333333333335,0.15625,0.16666666666666663,0.02083333333333335,0.02083333333333335,0.30000000000000004,0.4
1.0,logit,0.0,probability,False,False,True,0.899507568359375,0.8778427978515624,0.9079996744791666,0.8911328124999999,0.8935807291666666,0.9010416666666666,0.12083333333333335,0.16145833333333334,0.1875,0.02083333333333335,0.02083333333333335,0.30000000000000004,0.4
1.0,logit,0.0,probability,True,False,True,0.8956716308593751,0.8751576416015625,0.9061246744791668,0.8860807291666668,0.8860807291666668,0.8989583333333334,0.125,0.16145833333333334,0.1875,0.02083333333333335,0.02083333333333335,0.30000000000000004,0.4
0.0,rank,0.0,probability,False,False,False,0.8987836100260416,0.8715860270182291,0.9070621744791666,0.8873828125,0.8973307291666668,0.8999999999999999,0.12083333333333335,0.16666666666666669,0.20833333333333337,0.02083333333333335,0.02083333333333335,0.4,0.4
0.0,rank,0.0,probability,True,False,False,0.8987836100260416,0.8715860270182291,0.9070621744791666,0.8873828125,0.8973307291666668,0.8999999999999999,0.12083333333333335,0.16666666666666669,0.20833333333333337,0.02083333333333335,0.02083333333333335,0.4,0.4
0.05,rank,0.0,probability,False,False,False,0.8693252766927083,0.8349026936848958,0.8808121744791666,0.8536328125,0.8673307291666665,0.8708333333333333,0.12083333333333335,0.3125,0.39583333333333337,0.02083333333333335,0.02083333333333335,0.375,0.4
0.05,rank,0.0,probability,True,False,False,0.8608213704427083,0.8289499593098958,0.8730777994791666,0.8433203125,0.8598307291666667,0.8622395833333333,0.13802083333333337,0.3125,0.39583333333333337,0.02083333333333335,0.02083333333333335,0.375,0.4
0.1,rank,0.0,probability,False,False,False,0.8693252766927083,0.8349026936848958,0.8808121744791666,0.8536328125,0.8673307291666665,0.8708333333333333,0.12083333333333335,0.3125,0.39583333333333337,0.02083333333333335,0.02083333333333335,0.375,0.4
0.1,rank,0.0,probability,True,False,False,0.8608213704427083,0.8289499593098958,0.8730777994791666,0.8433203125,0.8598307291666667,0.8622395833333333,0.13802083333333337,0.3125,0.39583333333333337,0.02083333333333335,0.02083333333333335,0.375,0.4
0.15,rank,0.0,probability,False,False,False,0.8713356933593749,0.8378724853515624,0.8826871744791667,0.8573828124999999,0.8673307291666665,0.8729166666666666,0.12083333333333335,0.30208333333333337,0.375,0.02083333333333335,0.02083333333333335,0.375,0.4
0.15,rank,0.0,probability,True,False,False,0.862831787109375,0.8319197509765625,0.8749527994791667,0.8470703125,0.8598307291666667,0.8643229166666666,0.13802083333333337,0.30208333333333337,0.375,0.02083333333333335,0.02083333333333335,0.375,0.4
0.2,rank,0.0,probability,False,False,False,0.8740961100260417,0.8413672770182292,0.8845621744791667,0.8611328125,0.8710807291666667,0.875,0.12083333333333335,0.29166666666666663,0.35416666666666663,0.02083333333333335,0.02083333333333335,0.375,0.4
0.2,rank,0.0,probability,True,False,False,0.8655922037760417,0.8354145426432292,0.8768277994791667,0.8508203124999999,0.8635807291666666,0.8664062499999999,0.13802083333333337,0.29166666666666663,0.35416666666666663,0.02083333333333335,0.02083333333333335,0.375,0.4
0.25,rank,0.0,probability,False,False,False,0.8755700683593749,0.8458990478515623,0.8854996744791667,0.8648828124999999,0.8710807291666667,0.8760416666666666,0.12083333333333335,0.28645833333333337,0.33333333333333337,0.02083333333333335,0.02083333333333335,0.32499999999999996,0.4
0.25,rank,0.0,probability,True,False,False,0.8670661621093748,0.8399463134765623,0.8777652994791667,0.8545703124999999,0.8635807291666666,0.8674479166666667,0.13802083333333337,0.28645833333333337,0.33333333333333337,0.02083333333333335,0.02083333333333335,0.32499999999999996,0.4
0.3,rank,0.0,probability,False,False,False,0.8775804850260417,0.8477438395182291,0.8873746744791667,0.8686328124999999,0.8710807291666667,0.878125,0.12083333333333335,0.27604166666666663,0.3125,0.02083333333333335,0.02083333333333335,0.35,0.4
0.3,rank,0.0,probability,True,False,False,0.8690765787760416,0.8417911051432291,0.8796402994791666,0.8583203124999998,0.8635807291666666,0.86953125,0.13802083333333337,0.27604166666666663,0.3125,0.02083333333333335,0.02083333333333335,0.35,0.4
0.4,rank,0.0,probability,False,False,False,0.878116943359375,0.8495568603515625,0.8883121744791667,0.8686328124999999,0.8710807291666667,0.8791666666666667,0.12083333333333335,0.27083333333333337,0.3125,0.02083333333333335,0.02083333333333335,0.32499999999999996,0.4
0.4,rank,0.0,probability,True,False,False,0.8696130371093749,0.8436041259765624,0.8805777994791666,0.8583203124999998,0.8635807291666666,0.8705729166666666,0.13802083333333337,0.27083333333333337,0.3125,0.02083333333333335,0.02083333333333335,0.32499999999999996,0.4
0.5,rank,0.0,probability,False,False,False,0.8806898600260417,0.8502954020182291,0.8901871744791666,0.8686328124999999,0.8785807291666667,0.8812499999999999,0.12083333333333335,0.2604166666666667,0.3125,0.02083333333333335,0.02083333333333335,0.3625,0.4
0.5,rank,0.0,probability,True,False,False,0.8721859537760417,0.8443426676432291,0.8824527994791667,0.8583203124999998,0.8710807291666667,0.8726562499999999,0.13802083333333337,0.2604166666666667,0.3125,0.02083333333333335,0.02083333333333335,0.3625,0.4
0.6,rank,0.0,probability,False,False,False,0.8784659016927083,0.8503011311848958,0.8892496744791666,0.8648828124999999,0.8748307291666666,0.8802083333333333,0.12083333333333335,0.265625,0.33333333333333337,0.02083333333333335,0.02083333333333335,0.30000000000000004,0.4
0.6,rank,0.0,probability,True,False,False,0.8710674641927082,0.8451222249348957,0.8822184244791667,0.8573828124999999,0.8673307291666668,0.8723958333333333,0.13645833333333335,0.265625,0.33333333333333337,0.02083333333333335,0.02083333333333335,0.30000000000000004,0.4
0.75,rank,0.0,probability,False,False,False,0.8791898600260416,0.8520579020182291,0.8901871744791666,0.8686328124999999,0.8710807291666667,0.8812499999999999,0.12083333333333335,0.26041666666666663,0.3125,0.02083333333333335,0.02083333333333335,0.30000000000000004,0.4
0.75,rank,0.0,probability,True,False,False,0.8707354329427084,0.8461398030598958,0.8824527994791667,0.8607682291666667,0.8607682291666667,0.8726562499999999,0.13802083333333334,0.26041666666666663,0.3125,0.02083333333333335,0.02083333333333335,0.30000000000000004,0.4
1.0,rank,0.0,probability,False,False,False,0.8759685058593749,0.8485529541015624,0.8864371744791666,0.8673307291666665,0.8673307291666665,0.8770833333333333,0.12083333333333335,0.28125,0.3125,0.02083333333333335,0.02083333333333335,0.30000000000000004,0.4
1.0,rank,0.0,probability,True,False,False,0.8603083496093749,0.8375908447265623,0.8730777994791666,0.8495182291666665,0.8495182291666665,0.8622395833333333,0.15052083333333333,0.28125,0.3125,0.02083333333333335,0.02083333333333335,0.30000000000000004,0.4
1.0,max,0.0,probability,False,False,True,0.8987836100260416,0.8715860270182291,0.9070621744791666,0.8873828125,0.8973307291666668,0.8999999999999999,0.12083333333333335,0.16666666666666669,0.20833333333333337,0.02083333333333335,0.02083333333333335,0.4,0.4
1.0,max,0.0,probability,True,False,True,0.8987836100260416,0.8715860270182291,0.9070621744791666,0.8873828125,0.8973307291666668,0.8999999999999999,0.12083333333333335,0.16666666666666669,0.20833333333333337,0.02083333333333335,0.02083333333333335,0.4,0.4
