path,component_fake,file_fake,component_present
MIX::data\raw\ajaykarthick_wavefake-audio\wavefake_ajay_LJ028-0411.wav|data/raw/gtzan_unique_v2/metal.00042.wav,0.7801758646965027,0.7334326505661011,0.8894900679588318
MIX::data\raw\openslr_librispeech_asr\librispeech_dev_2428-83699-0013.flac|data/raw/gtzan_unique_v2/rock.00084.wav,0.738720715045929,0.7222323417663574,0.9057790637016296
data\raw\openslr_librispeech_asr\librispeech_dev_3752-4943-0023.flac,0.6871707439422607,0.703414261341095,0.9699383974075317
data/raw/gtzan_unique_v2/reggae.00053.wav,0.682091474533081,0.6885838508605957,0.8302688598632812
data/raw/gtzan_unique_v2/rock.00057.wav,0.6820113062858582,0.665947675704956,0.4422318935394287
MIX::data\raw\openslr_librispeech_asr\librispeech_dev_3752-4943-0018.flac|data\raw\fake_music_generated\fake_music_MusicGen_0196.wav,0.7281550765037537,0.7414981126785278,0.9776997566223145
data\raw\ajaykarthick_wavefake-audio\wavefake_ajay_LJ019-0389.wav,0.6939243078231812,0.7103115916252136,0.9753037691116333
data\raw\ajaykarthick_wavefake-audio\wavefake_ajay_LJ002-0032.wav,0.7162755131721497,0.7313039302825928,0.9662598371505737
MIX::data\raw\openslr_librispeech_asr\librispeech_dev_2428-83699-0012.flac|data\raw\fake_music_generated\fake_music_AudioLDM2_0157.wav,0.7258192300796509,0.7325897216796875,0.7385834455490112
MIX::data\raw\ajaykarthick_wavefake-audio\wavefake_ajay_LJ015-0100.wav|data\raw\fake_music_generated\fake_music_AudioLDM2_0095.wav,0.720707893371582,0.7237024903297424,0.9712613821029663
MIX::data\raw\openslr_librispeech_asr\librispeech_dev_3752-4943-0021.flac|data/raw/gtzan_unique_v2/jazz.00078.wav,0.7200803756713867,0.7022773027420044,0.7291121482849121
data\raw\fake_music_generated\fake_music_AudioLDM2_0053.wav,0.7169553637504578,0.7106611132621765,0.5584971904754639
MIX::data\raw\ajaykarthick_wavefake-audio\wavefake_ajay_LJ019-0347.wav|data/raw/gtzan_unique_v2/jazz.00099.wav,0.6651120781898499,0.6600371599197388,0.571869432926178
MIX::data\raw\openslr_librispeech_asr\librispeech_dev_8842-302196-0006.flac|data/raw/gtzan_unique_v2/rock.00006.wav,0.6946301460266113,0.6814613938331604,0.4464867115020752
data\raw\ajaykarthick_wavefake-audio\wavefake_ajay_LJ043-0044.wav,0.7750338315963745,0.7766126394271851,0.9780389666557312
data\raw\ajaykarthick_wavefake-audio\wavefake_ajay_LJ050-0248.wav,0.7972917556762695,0.8068531155586243,0.988991379737854
data\raw\openslr_librispeech_asr\librispeech_dev_2428-83705-0015.flac,0.7773237824440002,0.7635555863380432,0.9796293377876282
MIX::data\raw\openslr_librispeech_asr\librispeech_dev_2428-83705-0007.flac|data/raw/gtzan_unique_v2/pop.00089.wav,0.6629006266593933,0.6602280139923096,0.7359165549278259
MIX::data\raw\Bisher_ASVspoof_2019_LA\asvspoof2019_LA_T_9457505.flac|data/raw/gtzan_unique_v2/blues.00062.wav,0.6590118408203125,0.656514585018158,0.5832428932189941
data\raw\openslr_librispeech_asr\librispeech_dev_3752-4943-0028.flac,0.7220466136932373,0.7358501553535461,0.943571925163269
data\raw\ajaykarthick_wavefake-audio\wavefake_ajay_LJ017-0031.wav,0.7657286524772644,0.7731263637542725,0.9715559482574463
MIX::data\raw\ajaykarthick_wavefake-audio\wavefake_ajay_LJ028-0343.wav|data/raw/gtzan_unique_v2/metal.00086.wav,0.7447723150253296,0.6966530680656433,0.6917745471000671
MIX::data\raw\ajaykarthick_wavefake-audio\wavefake_ajay_LJ017-0043_WF7_2.wav|data\raw\fake_music_generated\fake_music_AudioLDM2_0223.wav,0.7734141945838928,0.7800677418708801,0.9823550581932068
data/raw/gtzan_unique_v2/reggae.00013.wav,0.6788221001625061,0.6822811961174011,0.6805482506752014
MIX::data\raw\ajaykarthick_wavefake-audio\wavefake_ajay_LJ015-0113.wav|data\raw\fake_music_generated\fake_music_AudioLDM2_0043.wav,0.7081847190856934,0.7206292152404785,0.8335280418395996
data/raw/gtzan_unique_v2/pop.00011.wav,0.6720410585403442,0.6738726496696472,0.6515934467315674
MIX::data\raw\ajaykarthick_wavefake-audio\wavefake_ajay_LJ043-0043.wav|data\raw\fake_music_generated\fake_music_AudioLDM2_0147.wav,0.7228865027427673,0.7145446538925171,0.5510292053222656
data\raw\openslr_librispeech_asr\librispeech_dev_3752-4943-0014.flac,0.6921825408935547,0.7078703045845032,0.9676045775413513
MIX::data\raw\ajaykarthick_wavefake-audio\wavefake_ajay_LJ015-0100.wav|data/raw/gtzan_unique_v2/jazz.00091.wav,0.6772420406341553,0.6608558893203735,0.46937620639801025
MIX::data\raw\ajaykarthick_wavefake-audio\wavefake_ajay_LJ045-0176.wav|data/raw/gtzan_unique_v2/pop.00020.wav,0.7438790202140808,0.698069155216217,0.7765896916389465
data\raw\fake_music_generated\fake_music_MusicGen_0082.wav,0.7191784977912903,0.7144373655319214,0.5701445937156677
data/raw/gtzan_unique_v2/disco.00093.wav,0.6919421553611755,0.672161340713501,0.43479833006858826
data\raw\fake_music_generated\fake_music_MusicGen_0104.wav,0.7197732925415039,0.7136990427970886,0.5681802034378052
data/raw/gtzan_unique_v2/country.00036.wav,0.6693336963653564,0.6738441586494446,0.8400452136993408
MIX::data\raw\ajaykarthick_wavefake-audio\wavefake_ajay_LJ017-0043.wav|data/raw/gtzan_unique_v2/pop.00013.wav,0.7571856379508972,0.7111620903015137,0.8714652061462402
data\raw\fake_music_generated\fake_music_AudioLDM2_0167.wav,0.7152194380760193,0.7073612213134766,0.5463090538978577
MIX::data\raw\ajaykarthick_wavefake-audio\wavefake_ajay_LJ019-0320.wav|data/raw/gtzan_unique_v2/reggae.00019.wav,0.6964227557182312,0.6981528997421265,0.6542742848396301
data\raw\ajaykarthick_wavefake-audio\wavefake_ajay_LJ008-0306.wav,0.7591443657875061,0.769960343837738,0.971372663974762
MIX::data\raw\Bisher_ASVspoof_2019_LA\asvspoof2019_LA_T_3103059.flac|data\raw\fake_music_generated\fake_music_AudioLDM2_0241.wav,0.8158473968505859,0.8044482469558716,0.9854336977005005
MIX::data\raw\Bisher_ASVspoof_2019_LA\asvspoof2019_LA_T_8700513.flac|data/raw/gtzan_unique_v2/disco.00090.wav,0.668609082698822,0.6473905444145203,0.5394444465637207
MIX::data\raw\openslr_librispeech_asr\librispeech_dev_3752-4943-0021.flac|data\raw\fake_music_generated\fake_music_MusicGen_0196.wav,0.7200803756713867,0.7308590412139893,0.8269661664962769
MIX::data\raw\Bisher_ASVspoof_2019_LA\asvspoof2019_LA_T_3103059.flac|data/raw/gtzan_unique_v2/jazz.00001.wav,0.8158473968505859,0.7310184240341187,0.7924354076385498
data/raw/gtzan_unique_v2/blues.00025.wav,0.6838541030883789,0.6922104954719543,0.7021040320396423
data/raw/gtzan_unique_v2/pop.00081.wav,0.6775082945823669,0.6707699298858643,0.5356220006942749
data\raw\Bisher_ASVspoof_2019_LA\asvspoof2019_LA_T_5061056.flac,0.6668946743011475,0.6921443939208984,0.9816915392875671
MIX::data\raw\openslr_librispeech_asr\librispeech_dev_3752-4943-0014.flac|data\raw\fake_music_generated\fake_music_MusicGen_0196.wav,0.7088990807533264,0.6986218690872192,0.49518293142318726
data/raw/gtzan_unique_v2/pop.00019.wav,0.7328396439552307,0.7023210525512695,0.35982370376586914
MIX::data\raw\ajaykarthick_wavefake-audio\wavefake_ajay_LJ015-0100.wav|data\raw\fake_music_generated\fake_music_AudioLDM2_0103.wav,0.698758602142334,0.7145546674728394,0.8326385617256165
MIX::data\raw\openslr_librispeech_asr\librispeech_dev_2428-83699-0004.flac|data\raw\fake_music_generated\fake_music_AudioLDM2_0295.wav,0.6234728693962097,0.6400086283683777,0.9203243255615234
data/raw/gtzan_unique_v2/country.00060.wav,0.6836198568344116,0.6663162708282471,0.49652424454689026
data\raw\fake_music_generated\fake_music_MusicGen_0196.wav,0.7083331942558289,0.699356734752655,0.5147315859794617
data/raw/gtzan_unique_v2/rock.00076.wav,0.6805914044380188,0.6678531169891357,0.46616271138191223
MIX::data\raw\ajaykarthick_wavefake-audio\wavefake_ajay_LJ043-0044.wav|data/raw/gtzan_unique_v2/pop.00073.wav,0.6911004185676575,0.6736423969268799,0.45259276032447815
MIX::data\raw\ajaykarthick_wavefake-audio\wavefake_ajay_LJ042-0239.wav|data\raw\fake_music_generated\fake_music_AudioLDM2_0011.wav,0.7870150804519653,0.755570650100708,0.8948215246200562
MIX::data\raw\ajaykarthick_wavefake-audio\wavefake_ajay_LJ043-0063.wav|data/raw/gtzan_unique_v2/disco.00019.wav,0.7049887776374817,0.6854324340820312,0.4642244279384613
data/raw/gtzan_unique_v2/hiphop.00021.wav,0.7276312708854675,0.70231032371521,0.3581772744655609
data\raw\openslr_librispeech_asr\librispeech_dev_2428-83705-0007.flac,0.6982962489128113,0.7129777669906616,0.9741824269294739
MIX::data\raw\ajaykarthick_wavefake-audio\wavefake_ajay_LJ028-0343.wav|data/raw/gtzan_unique_v2/metal.00086.wav,0.7176910638809204,0.6937735676765442,0.3791424334049225
MIX::data\raw\ajaykarthick_wavefake-audio\wavefake_ajay_LJ043-0044_WF3_1.wav|data\raw\fake_music_generated\fake_music_MusicGen_0122.wav,0.7177711725234985,0.7104911804199219,0.5434768795967102
data/raw/gtzan_unique_v2/blues.00062.wav,0.6771080493927002,0.6614252924919128,0.48854056000709534
MIX::data\raw\openslr_librispeech_asr\librispeech_dev_2428-83705-0015.flac|data/raw/gtzan_unique_v2/pop.00054.wav,0.6911604404449463,0.6753239631652832,0.46585917472839355
data\raw\Bisher_ASVspoof_2019_LA\asvspoof2019_LA_T_6556926.flac,0.6609131097793579,0.6875604391098022,0.9810819625854492
MIX::data\raw\openslr_librispeech_asr\librispeech_dev_2428-83705-0029.flac|data/raw/gtzan_unique_v2/metal.00039.wav,0.7085820436477661,0.6844257712364197,0.8276472687721252
MIX::data\raw\ajaykarthick_wavefake-audio\wavefake_ajay_LJ030-0001.wav|data\raw\fake_music_generated\fake_music_AudioLDM2_0157.wav,0.7752723693847656,0.7558804154396057,0.9819658398628235
MIX::data\raw\openslr_librispeech_asr\librispeech_dev_8842-304647-0013.flac|data/raw/gtzan_unique_v2/metal.00050.wav,0.6548826694488525,0.6457992792129517,0.5182886123657227
MIX::data\raw\ajaykarthick_wavefake-audio\wavefake_ajay_LJ019-0269_WF1_1.wav|data/raw/gtzan_unique_v2/rock.00006.wav,0.6792150735855103,0.6701377034187317,0.5148355960845947
MIX::data\raw\openslr_librispeech_asr\librispeech_dev_3752-4944-0066.flac|data/raw/gtzan_unique_v2/country.00036.wav,0.6739218235015869,0.679817795753479,0.8239974975585938
MIX::data\raw\openslr_librispeech_asr\librispeech_dev_2428-83705-0026.flac|data\raw\fake_music_generated\fake_music_AudioLDM2_0175.wav,0.738105297088623,0.6886630058288574,0.8997877836227417
data/raw/gtzan_unique_v2/disco.00067.wav,0.6868036985397339,0.6679456233978271,0.4647054970264435
data\raw\openslr_librispeech_asr\librispeech_dev_1462-170138-0014.flac,0.731857419013977,0.7445694208145142,0.9677174091339111
data/raw/gtzan_unique_v2/rock.00086.wav,0.6987772583961487,0.6839873194694519,0.5000112652778625
data\raw\ajaykarthick_wavefake-audio\wavefake_ajay_LJ015-0113.wav,0.7347611784934998,0.7493181824684143,0.978056788444519
MIX::data\raw\ajaykarthick_wavefake-audio\wavefake_ajay_LJ028-0411.wav|data/raw/gtzan_unique_v2/reggae.00060.wav,0.6929430961608887,0.6642885208129883,0.4798363149166107
MIX::data\raw\ajaykarthick_wavefake-audio\wavefake_ajay_LJ050-0242.wav|data\raw\fake_music_generated\fake_music_AudioLDM2_0263.wav,0.7234237790107727,0.724107027053833,0.6288628578186035
MIX::data\raw\ajaykarthick_wavefake-audio\wavefake_ajay_LJ002-0032_WF1_1.wav|data/raw/gtzan_unique_v2/metal.00086.wav,0.6844254732131958,0.6681973338127136,0.4466405212879181
MIX::data\raw\Bisher_ASVspoof_2019_LA\asvspoof2019_LA_T_7598099.flac|data\raw\fake_music_generated\fake_music_AudioLDM2_0241.wav,0.7282695770263672,0.7390893697738647,0.8184235095977783
MIX::data\raw\openslr_librispeech_asr\librispeech_dev_8842-304647-0013.flac|data\raw\fake_music_generated\fake_music_AudioLDM2_0263.wav,0.718326985836029,0.7266676425933838,0.8971819877624512
data\raw\ajaykarthick_wavefake-audio\wavefake_ajay_LJ050-0187.wav,0.7743298411369324,0.7662883400917053,0.9787880778312683
data/raw/gtzan_unique_v2/jazz.00092.wav,0.6483451128005981,0.64914870262146,0.5950033068656921
MIX::data\raw\openslr_librispeech_asr\librispeech_dev_1462-170142-0024.flac|data\raw\fake_music_generated\fake_music_AudioLDM2_0159.wav,0.697986364364624,0.711544394493103,0.7773858308792114
data/raw/gtzan_unique_v2/reggae.00019.wav,0.6999713778495789,0.6963812112808228,0.6467665433883667
data\raw\fake_music_generated\fake_music_AudioLDM2_0067.wav,0.7169538140296936,0.7102993130683899,0.5494370460510254
MIX::data\raw\ajaykarthick_wavefake-audio\wavefake_ajay_LJ015-0100.wav|data/raw/gtzan_unique_v2/classical.00002.wav,0.6766471862792969,0.6604672074317932,0.46793830394744873
MIX::data\raw\openslr_librispeech_asr\librispeech_dev_3752-4944-0066.flac|data\raw\fake_music_generated\fake_music_AudioLDM2_0161.wav,0.6826884746551514,0.6901664733886719,0.689387857913971
data/raw/gtzan_unique_v2/blues.00066.wav,0.6677559018135071,0.6553829908370972,0.4677993953227997
MIX::data\raw\openslr_librispeech_asr\librispeech_dev_2428-83699-0039.flac|data\raw\fake_music_generated\fake_music_AudioLDM2_0067.wav,0.6363825798034668,0.6546071171760559,0.938959002494812
data\raw\Bisher_ASVspoof_2019_LA\asvspoof2019_LA_T_4252818.flac,0.6856963634490967,0.7093693614006042,0.9788145422935486
MIX::data\raw\ajaykarthick_wavefake-audio\wavefake_ajay_LJ015-0100.wav|data\raw\fake_music_generated\fake_music_AudioLDM2_0011.wav,0.7192635536193848,0.7197571396827698,0.8681206107139587
MIX::data\raw\openslr_librispeech_asr\librispeech_dev_2428-83705-0015.flac|data\raw\fake_music_generated\fake_music_AudioLDM2_0171.wav,0.71775883436203,0.71895831823349,0.8718743324279785
MIX::data\raw\ajaykarthick_wavefake-audio\wavefake_ajay_LJ028-0375.wav|data\raw\fake_music_generated\fake_music_MusicGen_0154.wav,0.7181419730186462,0.7298235893249512,0.9689157009124756
MIX::data\raw\ajaykarthick_wavefake-audio\wavefake_ajay_LJ015-0100.wav|data/raw/gtzan_unique_v2/disco.00052.wav,0.7516505718231201,0.716555118560791,0.8686013221740723
data/raw/gtzan_unique_v2/classical.00048.wav,0.7330954074859619,0.707324743270874,0.36139336228370667
data/raw/gtzan_unique_v2/classical.00002.wav,0.6390789747238159,0.6384221315383911,0.6039235591888428
MIX::data\raw\ajaykarthick_wavefake-audio\wavefake_ajay_LJ050-0187.wav|data\raw\fake_music_generated\fake_music_AudioLDM2_0043.wav,0.7734678387641907,0.7647692561149597,0.9806386232376099
data\raw\fake_music_generated\fake_music_MusicGen_0060.wav,0.7188054919242859,0.712465226650238,0.5596297979354858
MIX::data\raw\ajaykarthick_wavefake-audio\wavefake_ajay_LJ016-0393.wav|data\raw\fake_music_generated\fake_music_AudioLDM2_0157.wav,0.706357479095459,0.7208526730537415,0.7888857126235962
data\raw\ajaykarthick_wavefake-audio\wavefake_ajay_LJ050-0190.wav,0.7667530179023743,0.7771975994110107,0.9813430309295654
MIX::data\raw\ajaykarthick_wavefake-audio\wavefake_ajay_LJ050-0187.wav|data\raw\fake_music_generated\fake_music_AudioLDM2_0223.wav,0.7211940288543701,0.7251791954040527,0.7338643074035645
data/raw/gtzan_unique_v2/pop.00029.wav,0.7146664261817932,0.6920486092567444,0.3853280544281006
MIX::data\raw\openslr_librispeech_asr\librispeech_dev_2428-83699-0033.flac|data\raw\fake_music_generated\fake_music_AudioLDM2_0175.wav,0.7208431959152222,0.7334960103034973,0.7683551907539368
MIX::data\raw\ajaykarthick_wavefake-audio\wavefake_ajay_LJ015-0100.wav|data/raw/gtzan_unique_v2/reggae.00012.wav,0.6570112705230713,0.6582381725311279,0.6409887671470642
MIX::data\raw\Bisher_ASVspoof_2019_LA\asvspoof2019_LA_T_8130994.flac|data/raw/gtzan_unique_v2/blues.00078.wav,0.7390803694725037,0.7145147323608398,0.32437220215797424
MIX::data\raw\ajaykarthick_wavefake-audio\wavefake_ajay_LJ028-0356.wav|data\raw\fake_music_generated\fake_music_AudioLDM2_0069.wav,0.7388116717338562,0.7493951320648193,0.896427571773529
MIX::data\raw\ajaykarthick_wavefake-audio\wavefake_ajay_LJ019-0269.wav|data\raw\fake_music_generated\fake_music_AudioLDM2_0275.wav,0.7231829166412354,0.7355206608772278,0.7393927574157715
data\raw\Bisher_ASVspoof_2019_LA\asvspoof2019_LA_T_5554253.flac,0.7288513779640198,0.7453324198722839,0.9753492474555969
MIX::data\raw\openslr_librispeech_asr\librispeech_dev_3752-4944-0025.flac|data/raw/gtzan_unique_v2/hiphop.00055.wav,0.6642380356788635,0.6595511436462402,0.5539686679840088
MIX::data\raw\openslr_librispeech_asr\librispeech_dev_2428-83705-0029.flac|data\raw\fake_music_generated\fake_music_AudioLDM2_0005.wav,0.7129281163215637,0.7027170658111572,0.5001035332679749
data\raw\openslr_librispeech_asr\librispeech_dev_2428-83705-0026.flac,0.746192216873169,0.7389861941337585,0.97697913646698
data/raw/gtzan_unique_v2/classical.00088.wav,0.640129029750824,0.6441349983215332,0.7153522968292236
data\raw\openslr_librispeech_asr\librispeech_dev_1462-170145-0021.flac,0.6562314033508301,0.6802959442138672,0.9738633632659912
MIX::data\raw\openslr_librispeech_asr\librispeech_dev_3752-4944-0050.flac|data/raw/gtzan_unique_v2/country.00093.wav,0.7031854391098022,0.6838974952697754,0.4701422154903412
data\raw\openslr_librispeech_asr\librispeech_dev_1462-170142-0037.flac,0.7263138890266418,0.7383028864860535,0.9598580002784729
MIX::data\raw\ajaykarthick_wavefake-audio\wavefake_ajay_LJ048-0162.wav|data/raw/gtzan_unique_v2/blues.00062.wav,0.6882728934288025,0.6715230941772461,0.4342637062072754
MIX::data\raw\ajaykarthick_wavefake-audio\wavefake_ajay_LJ017-0043_WF3_1.wav|data\raw\fake_music_generated\fake_music_MusicGen_0060.wav,0.7714608311653137,0.7765793800354004,0.9841705560684204
MIX::data\raw\ajaykarthick_wavefake-audio\wavefake_ajay_LJ015-0100.wav|data\raw\fake_music_generated\fake_music_MusicGen_0060.wav,0.7234002351760864,0.7152012586593628,0.5426305532455444
MIX::data\raw\openslr_librispeech_asr\librispeech_dev_8842-302201-0005.flac|data\raw\fake_music_generated\fake_music_AudioLDM2_0069.wav,0.769267737865448,0.7601178288459778,0.939168393611908
data\raw\Bisher_ASVspoof_2019_LA\asvspoof2019_LA_T_6066800.flac,0.6939764618873596,0.7098557353019714,0.9735258221626282
data\raw\Bisher_ASVspoof_2019_LA\asvspoof2019_LA_T_9745018.flac,0.7194337844848633,0.7375220060348511,0.981101393699646
MIX::data\raw\ajaykarthick_wavefake-audio\wavefake_ajay_LJ019-0365.wav|data\raw\fake_music_generated\fake_music_AudioLDM2_0091.wav,0.7601816654205322,0.7544165849685669,0.9708722829818726
data\raw\ajaykarthick_wavefake-audio\wavefake_ajay_LJ045-0176.wav,0.7415181398391724,0.7554011344909668,0.9757236838340759
MIX::data\raw\ajaykarthick_wavefake-audio\wavefake_ajay_LJ030-0001_WF4_1.wav|data/raw/gtzan_unique_v2/reggae.00050.wav,0.6639280915260315,0.6670536994934082,0.6306974291801453
data\raw\fake_music_generated\fake_music_MusicGen_0154.wav,0.7250977754592896,0.7195353507995605,0.5620684623718262
data/raw/gtzan_unique_v2/metal.00042.wav,0.6694791316986084,0.6565987467765808,0.46853962540626526
MIX::data\raw\ajaykarthick_wavefake-audio\wavefake_ajay_LJ015-0100.wav|data\raw\fake_music_generated\fake_music_AudioLDM2_0043.wav,0.7374380826950073,0.7489014863967896,0.9559930562973022
data/raw/gtzan_unique_v2/country.00034.wav,0.6615176200866699,0.6590605974197388,0.5851187109947205
MIX::data\raw\ajaykarthick_wavefake-audio\wavefake_ajay_LJ015-0100.wav|data/raw/gtzan_unique_v2/metal.00069.wav,0.737329363822937,0.7053723335266113,0.8979172706604004
MIX::data\raw\ajaykarthick_wavefake-audio\wavefake_ajay_LJ015-0100.wav|data\raw\fake_music_generated\fake_music_MusicGen_0052.wav,0.737329363822937,0.7481076717376709,0.9678536653518677
MIX::data\raw\openslr_librispeech_asr\librispeech_dev_8842-304647-0001.flac|data/raw/gtzan_unique_v2/pop.00020.wav,0.739518940448761,0.7101351022720337,0.34464406967163086
MIX::data\raw\Bisher_ASVspoof_2019_LA\asvspoof2019_LA_T_8130994.flac|data/raw/gtzan_unique_v2/metal.00042.wav,0.7131847739219666,0.6868433952331543,0.8317171931266785
MIX::data\raw\ajaykarthick_wavefake-audio\wavefake_ajay_LJ029-0162.wav|data\raw\fake_music_generated\fake_music_AudioLDM2_0053.wav,0.7411432266235352,0.7525779008865356,0.9091846942901611
MIX::data\raw\openslr_librispeech_asr\librispeech_dev_8842-302196-0003.flac|data\raw\fake_music_generated\fake_music_AudioLDM2_0015.wav,0.7353031039237976,0.7348562479019165,0.9263805747032166
data/raw/gtzan_unique_v2/reggae.00030.wav,0.7210949659347534,0.7211416959762573,0.844620406627655
data\raw\openslr_librispeech_asr\librispeech_dev_1462-170138-0003.flac,0.6510794758796692,0.673662006855011,0.9686379432678223
MIX::data\raw\Bisher_ASVspoof_2019_LA\asvspoof2019_LA_T_9457505.flac|data/raw/gtzan_unique_v2/jazz.00001.wav,0.6782999038696289,0.6607352495193481,0.8168848156929016
MIX::data\raw\openslr_librispeech_asr\librispeech_dev_8842-302201-0005.flac|data/raw/gtzan_unique_v2/rock.00079.wav,0.7313251495361328,0.7040382623672485,0.356603741645813
MIX::data\raw\ajaykarthick_wavefake-audio\wavefake_ajay_LJ015-0100.wav|data/raw/gtzan_unique_v2/metal.00003.wav,0.723395586013794,0.6982384920120239,0.3569934070110321
data/raw/gtzan_unique_v2/blues.00016.wav,0.6605160236358643,0.6640115976333618,0.6264782547950745
MIX::data\raw\ajaykarthick_wavefake-audio\wavefake_ajay_LJ015-0100.wav|data\raw\fake_music_generated\fake_music_AudioLDM2_0223.wav,0.7386401891708374,0.7402494549751282,0.768169641494751
MIX::data\raw\ajaykarthick_wavefake-audio\wavefake_ajay_LJ017-0043.wav|data/raw/gtzan_unique_v2/rock.00008.wav,0.7303228378295898,0.7077722549438477,0.34862789511680603
data\raw\ajaykarthick_wavefake-audio\wavefake_ajay_LJ045-0153.wav,0.7504165768623352,0.7618541717529297,0.9810613393783569
data\raw\openslr_librispeech_asr\librispeech_dev_1462-170145-0014.flac,0.6719622015953064,0.6900367736816406,0.9700674414634705
data\raw\ajaykarthick_wavefake-audio\wavefake_ajay_LJ008-0307.wav,0.7335112690925598,0.7481041550636292,0.9780148863792419
data\raw\fake_music_generated\fake_music_AudioLDM2_0107.wav,0.7251582741737366,0.7222297191619873,0.6033406257629395
MIX::data\raw\ajaykarthick_wavefake-audio\wavefake_ajay_LJ043-0044.wav|data/raw/gtzan_unique_v2/pop.00073.wav,0.7773606777191162,0.710600733757019,0.7475486397743225
data/raw/gtzan_unique_v2/jazz.00091.wav,0.6439904570579529,0.6356847286224365,0.6112406849861145
data\raw\ajaykarthick_wavefake-audio\wavefake_ajay_LJ044-0100_WF7_1.wav,0.756118893623352,0.7648077011108398,0.97461998462677
data/raw/gtzan_unique_v2/disco.00052.wav,0.6974214315414429,0.6770856380462646,0.41177889704704285
data\raw\ajaykarthick_wavefake-audio\wavefake_ajay_LJ050-0242.wav,0.7882635593414307,0.7976905703544617,0.9857240319252014
data/raw/gtzan_unique_v2/pop.00064.wav,0.7107205986976624,0.6919631958007812,0.5029504895210266
MIX::data\raw\ajaykarthick_wavefake-audio\wavefake_ajay_LJ015-0100.wav|data\raw\fake_music_generated\fake_music_AudioLDM2_0167.wav,0.7160247564315796,0.7072455883026123,0.6052055954933167
MIX::data\raw\ajaykarthick_wavefake-audio\wavefake_ajay_LJ015-0113_WF5_1.wav|data\raw\fake_music_generated\fake_music_AudioLDM2_0003.wav,0.7264527678489685,0.7364985346794128,0.8200864195823669
data\raw\openslr_librispeech_asr\librispeech_dev_2428-83705-0029.flac,0.7316709756851196,0.7467480301856995,0.9762369394302368
MIX::data\raw\ajaykarthick_wavefake-audio\wavefake_ajay_LJ015-0100.wav|data\raw\fake_music_generated\fake_music_AudioLDM2_0089.wav,0.7367957234382629,0.7500026226043701,0.9726324081420898
data\raw\openslr_librispeech_asr\librispeech_dev_2428-83699-0039.flac,0.6407350301742554,0.6661654114723206,0.9714365601539612
data/raw/gtzan_unique_v2/rock.00006.wav,0.7067840099334717,0.6901553869247437,0.4186701476573944
data\raw\fake_music_generated\fake_music_AudioLDM2_0181.wav,0.7180336713790894,0.7113637328147888,0.5632390379905701
data\raw\openslr_librispeech_asr\librispeech_dev_2428-83699-0033.flac,0.7196091413497925,0.7342737913131714,0.9758167862892151
MIX::data\raw\Bisher_ASVspoof_2019_LA\asvspoof2019_LA_T_9110555.flac|data\raw\fake_music_generated\fake_music_AudioLDM2_0033.wav,0.7278469800949097,0.7240282893180847,0.5892477035522461
MIX::data\raw\openslr_librispeech_asr\librispeech_dev_8842-302203-0002.flac|data/raw/gtzan_unique_v2/rock.00006.wav,0.755077064037323,0.7616824507713318,0.9493992328643799
data\raw\Bisher_ASVspoof_2019_LA\asvspoof2019_LA_T_6208966.flac,0.686889111995697,0.7088543176651001,0.9823358654975891
MIX::data\raw\openslr_librispeech_asr\librispeech_dev_2428-83705-0037.flac|data\raw\fake_music_generated\fake_music_AudioLDM2_0175.wav,0.696134090423584,0.7117490768432617,0.8595499992370605
data\raw\ajaykarthick_wavefake-audio\wavefake_ajay_LJ019-0320_WF2_1.wav,0.7866377830505371,0.7969961762428284,0.9814906120300293
data/raw/gtzan_unique_v2/jazz.00014.wav,0.675979733467102,0.679652214050293,0.7388723492622375
MIX::data\raw\ajaykarthick_wavefake-audio\wavefake_ajay_LJ042-0239.wav|data/raw/gtzan_unique_v2/classical.00037.wav,0.7877204418182373,0.7236524820327759,0.71763676404953
data\raw\ajaykarthick_wavefake-audio\wavefake_ajay_LJ042-0239.wav,0.7877204418182373,0.7972390055656433,0.9844521284103394
data\raw\ajaykarthick_wavefake-audio\wavefake_ajay_LJ028-0369.wav,0.7468820810317993,0.7610315680503845,0.9838356971740723
data/raw/gtzan_unique_v2/hiphop.00012.wav,0.7108520865440369,0.6841257810592651,0.39557933807373047
MIX::data\raw\ajaykarthick_wavefake-audio\wavefake_ajay_LJ008-0269.wav|data\raw\fake_music_generated\fake_music_AudioLDM2_0241.wav,0.7174970507621765,0.7253386974334717,0.7691677808761597
data\raw\ajaykarthick_wavefake-audio\wavefake_ajay_LJ008-0257.wav,0.7662758827209473,0.7602919936180115,0.9746450781822205
data\raw\openslr_librispeech_asr\librispeech_dev_8842-302196-0008.flac,0.7360846400260925,0.7422720789909363,0.9217467308044434
MIX::data\raw\ajaykarthick_wavefake-audio\wavefake_ajay_LJ048-0167.wav|data\raw\fake_music_generated\fake_music_AudioLDM2_0067.wav,0.7932704091072083,0.7976813316345215,0.9834932088851929
data/raw/gtzan_unique_v2/reggae.00026.wav,0.6832258701324463,0.6687633991241455,0.5443671345710754
MIX::data\raw\ajaykarthick_wavefake-audio\wavefake_ajay_LJ019-0365.wav|data/raw/gtzan_unique_v2/pop.00011.wav,0.7372527718544006,0.7153849601745605,0.8814252018928528
MIX::data\raw\ajaykarthick_wavefake-audio\wavefake_ajay_LJ015-0100.wav|data\raw\fake_music_generated\fake_music_AudioLDM2_0011.wav,0.7413849234580994,0.7448877096176147,0.8010929822921753
MIX::data\raw\ajaykarthick_wavefake-audio\wavefake_ajay_LJ015-0100.wav|data/raw/gtzan_unique_v2/classical.00002.wav,0.6891335844993591,0.6707761883735657,0.4392423629760742
data\raw\fake_music_generated\fake_music_AudioLDM2_0063.wav,0.7173120975494385,0.7109468579292297,0.5637803077697754
data\raw\fake_music_generated\fake_music_AudioLDM2_0175.wav,0.7233887910842896,0.717290461063385,0.5550680756568909
data\raw\Bisher_ASVspoof_2019_LA\asvspoof2019_LA_T_5937046.flac,0.662865400314331,0.6839907765388489,0.9648262858390808
MIX::data\raw\openslr_librispeech_asr\librispeech_dev_2428-83699-0031.flac|data/raw/gtzan_unique_v2/pop.00089.wav,0.7225057482719421,0.7176880836486816,0.9411633610725403
data/raw/gtzan_unique_v2/reggae.00040.wav,0.6934130191802979,0.696589469909668,0.8386210799217224
data/raw/gtzan_unique_v2/rock.00008.wav,0.7473184466362,0.7239785194396973,0.3222663402557373
MIX::data\raw\ajaykarthick_wavefake-audio\wavefake_ajay_LJ015-0100.wav|data/raw/gtzan_unique_v2/country.00074.wav,0.7336575984954834,0.7004544734954834,0.7474574446678162
data\raw\Bisher_ASVspoof_2019_LA\asvspoof2019_LA_T_9048829.flac,0.679870069026947,0.7017087936401367,0.9763115048408508
MIX::data\raw\Bisher_ASVspoof_2019_LA\asvspoof2019_LA_T_8722988.flac|data\raw\fake_music_generated\fake_music_AudioLDM2_0297.wav,0.6994276642799377,0.696121096611023,0.958032488822937
MIX::data\raw\ajaykarthick_wavefake-audio\wavefake_ajay_LJ017-0017.wav|data/raw/gtzan_unique_v2/classical.00026.wav,0.7171751260757446,0.6735702157020569,0.8462741374969482
MIX::data\raw\ajaykarthick_wavefake-audio\wavefake_ajay_LJ043-0044_WF3_1.wav|data\raw\fake_music_generated\fake_music_AudioLDM2_0175.wav,0.7437689900398254,0.7519009113311768,0.9134275317192078
MIX::data\raw\Bisher_ASVspoof_2019_LA\asvspoof2019_LA_T_3103059.flac|data\raw\fake_music_generated\fake_music_MusicGen_0258.wav,0.7447152137756348,0.7531538605690002,0.8686950206756592
MIX::data\raw\ajaykarthick_wavefake-audio\wavefake_ajay_LJ043-0043.wav|data\raw\fake_music_generated\fake_music_AudioLDM2_0147.wav,0.7524204254150391,0.7542910575866699,0.9618325233459473
data\raw\ajaykarthick_wavefake-audio\wavefake_ajay_LJ028-0364.wav,0.6857360601425171,0.703544020652771,0.9778091311454773
data\raw\ajaykarthick_wavefake-audio\wavefake_ajay_LJ019-0269_WF1_1.wav,0.7015500664710999,0.718053936958313,0.975862443447113
data\raw\ajaykarthick_wavefake-audio\wavefake_ajay_LJ048-0178.wav,0.7828873991966248,0.7884745597839355,0.9801021814346313
MIX::data\raw\ajaykarthick_wavefake-audio\wavefake_ajay_LJ019-0347.wav|data/raw/gtzan_unique_v2/metal.00039.wav,0.7588258981704712,0.7024801969528198,0.7057995796203613
MIX::data\raw\ajaykarthick_wavefake-audio\wavefake_ajay_LJ017-0043.wav|data/raw/gtzan_unique_v2/disco.00052.wav,0.7022197246551514,0.6818543672561646,0.41846203804016113
MIX::data\raw\ajaykarthick_wavefake-audio\wavefake_ajay_LJ017-0043_WF7_2.wav|data/raw/gtzan_unique_v2/blues.00098.wav,0.67991703748703,0.6602514982223511,0.47790563106536865
MIX::data\raw\ajaykarthick_wavefake-audio\wavefake_ajay_LJ043-0044.wav|data/raw/gtzan_unique_v2/metal.00050.wav,0.7607337236404419,0.6995548009872437,0.803790271282196
MIX::data\raw\ajaykarthick_wavefake-audio\wavefake_ajay_LJ030-0001_WF4_1.wav|data\raw\fake_music_generated\fake_music_AudioLDM2_0069.wav,0.7434635758399963,0.7380266785621643,0.8401033878326416
MIX::data\raw\openslr_librispeech_asr\librispeech_dev_8842-304647-0001.flac|data/raw/gtzan_unique_v2/blues.00047.wav,0.6429327130317688,0.6442120671272278,0.5819979310035706
data\raw\fake_music_generated\fake_music_AudioLDM2_0025.wav,0.7144594192504883,0.707627534866333,0.5572639107704163
data\raw\openslr_librispeech_asr\librispeech_dev_1462-170145-0001.flac,0.7522251605987549,0.7632161378860474,0.957892119884491
MIX::data\raw\ajaykarthick_wavefake-audio\wavefake_ajay_LJ043-0043.wav|data/raw/gtzan_unique_v2/blues.00084.wav,0.6465214490890503,0.6450408697128296,0.6035516262054443
data\raw\openslr_librispeech_asr\librispeech_dev_2428-83699-0031.flac,0.688072681427002,0.704645574092865,0.9673905372619629
data/raw/gtzan_unique_v2/hiphop.00053.wav,0.6965369582176208,0.7011591196060181,0.7319952845573425
data/raw/gtzan_unique_v2/reggae.00003.wav,0.6675365567207336,0.6700285077095032,0.6440542340278625
MIX::data\raw\ajaykarthick_wavefake-audio\wavefake_ajay_LJ045-0153.wav|data/raw/gtzan_unique_v2/reggae.00060.wav,0.6605195999145508,0.6486026048660278,0.5099385380744934
data/raw/gtzan_unique_v2/rock.00011.wav,0.6682577133178711,0.6609483361244202,0.5501413941383362
MIX::data\raw\ajaykarthick_wavefake-audio\wavefake_ajay_LJ015-0100.wav|data\raw\fake_music_generated\fake_music_AudioLDM2_0089.wav,0.7150738835334778,0.709144115447998,0.6837641000747681
MIX::data\raw\ajaykarthick_wavefake-audio\wavefake_ajay_LJ048-0167.wav|data/raw/gtzan_unique_v2/disco.00098.wav,0.7806564569473267,0.7226063013076782,0.7371830940246582
MIX::data\raw\ajaykarthick_wavefake-audio\wavefake_ajay_LJ015-0100.wav|data\raw\fake_music_generated\fake_music_AudioLDM2_0011.wav,0.733791708946228,0.7458388805389404,0.8481801748275757
MIX::data\raw\openslr_librispeech_asr\librispeech_dev_1462-170145-0021.flac|data/raw/gtzan_unique_v2/disco.00067.wav,0.7218207716941833,0.6933867931365967,0.3914482593536377
data\raw\fake_music_generated\fake_music_AudioLDM2_0007.wav,0.7218335270881653,0.7174144983291626,0.582280695438385
MIX::data\raw\ajaykarthick_wavefake-audio\wavefake_ajay_LJ017-0017.wav|data/raw/gtzan_unique_v2/reggae.00017.wav,0.7525937557220459,0.720307469367981,0.945283830165863
data/raw/gtzan_unique_v2/reggae.00069.wav,0.6816237568855286,0.676308274269104,0.5383700728416443
MIX::data\raw\ajaykarthick_wavefake-audio\wavefake_ajay_LJ028-0364.wav|data/raw/gtzan_unique_v2/reggae.00026.wav,0.6802252531051636,0.6855452060699463,0.853222668170929
MIX::data\raw\ajaykarthick_wavefake-audio\wavefake_ajay_LJ015-0113_WF5_1.wav|data\raw\fake_music_generated\fake_music_AudioLDM2_0103.wav,0.7177826762199402,0.7299476265907288,0.9519442319869995
MIX::data\raw\ajaykarthick_wavefake-audio\wavefake_ajay_LJ015-0100.wav|data\raw\fake_music_generated\fake_music_AudioLDM2_0107.wav,0.7350190877914429,0.7467451095581055,0.9462336897850037
data\raw\Bisher_ASVspoof_2019_LA\asvspoof2019_LA_T_8130994.flac,0.654940128326416,0.6795012354850769,0.968223512172699
data\raw\fake_music_generated\fake_music_AudioLDM2_0241.wav,0.7155534625053406,0.7084574699401855,0.5579999089241028
MIX::data\raw\Bisher_ASVspoof_2019_LA\asvspoof2019_LA_T_9457505.flac|data\raw\fake_music_generated\fake_music_AudioLDM2_0227.wav,0.723136305809021,0.7325607538223267,0.7157741785049438
data\raw\openslr_librispeech_asr\librispeech_dev_1462-170142-0024.flac,0.6362854838371277,0.6600120067596436,0.9681404829025269
data\raw\ajaykarthick_wavefake-audio\wavefake_ajay_LJ028-0411.wav,0.7798757553100586,0.7911821007728577,0.9817412495613098
data/raw/gtzan_unique_v2/pop.00070.wav,0.6969447731971741,0.6772514581680298,0.5701552629470825
MIX::data\raw\ajaykarthick_wavefake-audio\wavefake_ajay_LJ030-0001.wav|data/raw/gtzan_unique_v2/reggae.00026.wav,0.6931479573249817,0.6981409788131714,0.8538783192634583
MIX::data\raw\ajaykarthick_wavefake-audio\wavefake_ajay_LJ050-0242.wav|data\raw\fake_music_generated\fake_music_AudioLDM2_0157.wav,0.7228254675865173,0.7317570447921753,0.7361634969711304
MIX::data\raw\ajaykarthick_wavefake-audio\wavefake_ajay_LJ008-0269.wav|data\raw\fake_music_generated\fake_music_AudioLDM2_0297.wav,0.7302256226539612,0.7387524843215942,0.9802250862121582
data\raw\fake_music_generated\fake_music_AudioLDM2_0263.wav,0.7216501235961914,0.7157453894615173,0.5595166087150574
MIX::data\raw\openslr_librispeech_asr\librispeech_dev_3752-4943-0018.flac|data/raw/gtzan_unique_v2/disco.00095.wav,0.7099325656890869,0.7082034349441528,0.9423041343688965
data\raw\fake_music_generated\fake_music_AudioLDM2_0005.wav,0.7169351577758789,0.7081027030944824,0.517123818397522
MIX::data\raw\openslr_librispeech_asr\librispeech_dev_3752-4944-0050.flac|data\raw\fake_music_generated\fake_music_AudioLDM2_0033.wav,0.6839684247970581,0.6972194314002991,0.8684707283973694
data/raw/gtzan_unique_v2/pop.00020.wav,0.7542089819908142,0.7243446111679077,0.3170519769191742
data/raw/gtzan_unique_v2/metal.00009.wav,0.7486905455589294,0.7235720157623291,0.30933669209480286
data/raw/gtzan_unique_v2/blues.00087.wav,0.6825181245803833,0.6715883016586304,0.5022501945495605
data\raw\Bisher_ASVspoof_2019_LA\asvspoof2019_LA_T_1056690.flac,0.7741566896438599,0.7828445434570312,0.9515042304992676
MIX::data\raw\ajaykarthick_wavefake-audio\wavefake_ajay_LJ017-0043.wav|data\raw\fake_music_generated\fake_music_AudioLDM2_0103.wav,0.7523587346076965,0.7626404166221619,0.9869189858436584
MIX::data\raw\openslr_librispeech_asr\librispeech_dev_3752-4944-0014.flac|data/raw/gtzan_unique_v2/jazz.00078.wav,0.6776776313781738,0.669361412525177,0.5217423439025879
data\raw\Bisher_ASVspoof_2019_LA\asvspoof2019_LA_T_5636788.flac,0.7536174654960632,0.7699182629585266,0.9860532283782959
MIX::data\raw\ajaykarthick_wavefake-audio\wavefake_ajay_LJ015-0100.wav|data/raw/gtzan_unique_v2/pop.00017.wav,0.6931717991828918,0.6756892204284668,0.4403745234012604
MIX::data\raw\ajaykarthick_wavefake-audio\wavefake_ajay_LJ008-0257.wav|data/raw/gtzan_unique_v2/disco.00093.wav,0.6621695756912231,0.6563016772270203,0.5267170071601868
MIX::data\raw\ajaykarthick_wavefake-audio\wavefake_ajay_LJ017-0017_WF4_1.wav|data\raw\fake_music_generated\fake_music_AudioLDM2_0223.wav,0.7451375722885132,0.7466051578521729,0.8434045314788818
MIX::data\raw\ajaykarthick_wavefake-audio\wavefake_ajay_LJ028-0364.wav|data/raw/gtzan_unique_v2/reggae.00026.wav,0.6782749891281128,0.669021487236023,0.5349888801574707
MIX::data\raw\ajaykarthick_wavefake-audio\wavefake_ajay_LJ015-0100.wav|data\raw\fake_music_generated\fake_music_AudioLDM2_0147.wav,0.7260670065879822,0.7365564703941345,0.8739283084869385
data/raw/gtzan_unique_v2/classical.00020.wav,0.6541900634765625,0.6482082605361938,0.6053588390350342
data\raw\openslr_librispeech_asr\librispeech_dev_8842-302201-0005.flac,0.7680893540382385,0.7706319689750671,0.9780721664428711
data/raw/gtzan_unique_v2/metal.00080.wav,0.7170395255088806,0.6802424788475037,0.43094322085380554
MIX::data\raw\openslr_librispeech_asr\librispeech_dev_3752-4944-0025.flac|data/raw/gtzan_unique_v2/country.00036.wav,0.6845663189888,0.6953315138816833,0.9360211491584778
MIX::data\raw\openslr_librispeech_asr\librispeech_dev_3752-4943-0018.flac|data/raw/gtzan_unique_v2/disco.00095.wav,0.7230100035667419,0.7236487865447998,0.9480403065681458
data/raw/gtzan_unique_v2/disco.00016.wav,0.7166433930397034,0.693484902381897,0.3788491487503052
data\raw\ajaykarthick_wavefake-audio\wavefake_ajay_LJ050-0208.wav,0.7702286243438721,0.7813533544540405,0.9763107895851135
MIX::data\raw\openslr_librispeech_asr\librispeech_dev_8842-302201-0009.flac|data\raw\fake_music_generated\fake_music_MusicGen_0154.wav,0.7262551188468933,0.7384151220321655,0.7367162704467773
data\raw\fake_music_generated\fake_music_AudioLDM2_0033.wav,0.7272911667823792,0.723529040813446,0.5884994268417358
MIX::data\raw\ajaykarthick_wavefake-audio\wavefake_ajay_LJ015-0100.wav|data/raw/gtzan_unique_v2/country.00034.wav,0.7327255010604858,0.7335879802703857,0.9569705128669739
MIX::data\raw\Bisher_ASVspoof_2019_LA\asvspoof2019_LA_T_6556926.flac|data/raw/gtzan_unique_v2/blues.00071.wav,0.7336673736572266,0.7090449333190918,0.3346996009349823
MIX::data\raw\ajaykarthick_wavefake-audio\wavefake_ajay_LJ044-0100_WF7_1.wav|data/raw/gtzan_unique_v2/reggae.00012.wav,0.6691523790359497,0.6641020774841309,0.5566605925559998
MIX::data\raw\Bisher_ASVspoof_2019_LA\asvspoof2019_LA_T_9110555.flac|data\raw\fake_music_generated\fake_music_AudioLDM2_0025.wav,0.6789883375167847,0.6914987564086914,0.9045631289482117
MIX::data\raw\Bisher_ASVspoof_2019_LA\asvspoof2019_LA_T_5554253.flac|data\raw\fake_music_generated\fake_music_AudioLDM2_0007.wav,0.7279740571975708,0.7320297956466675,0.9723782539367676
MIX::data\raw\openslr_librispeech_asr\librispeech_dev_3752-4943-0029.flac|data/raw/gtzan_unique_v2/metal.00086.wav,0.7136983871459961,0.6907476186752319,0.38292983174324036
data\raw\Bisher_ASVspoof_2019_LA\asvspoof2019_LA_T_8700513.flac,0.7478450536727905,0.7579436302185059,0.9487189650535583
MIX::data\raw\openslr_librispeech_asr\librispeech_dev_3752-4943-0023.flac|data\raw\fake_music_generated\fake_music_MusicGen_0104.wav,0.7313608527183533,0.7441120147705078,0.924990177154541
MIX::data\raw\ajaykarthick_wavefake-audio\wavefake_ajay_LJ048-0167.wav|data\raw\fake_music_generated\fake_music_AudioLDM2_0067.wav,0.785063624382019,0.7646028399467468,0.9161295294761658
MIX::data\raw\openslr_librispeech_asr\librispeech_dev_2428-83699-0012.flac|data/raw/gtzan_unique_v2/reggae.00030.wav,0.6748728156089783,0.6847848296165466,0.9076504111289978
MIX::data\raw\ajaykarthick_wavefake-audio\wavefake_ajay_LJ043-0044_WF3_1.wav|data/raw/gtzan_unique_v2/reggae.00026.wav,0.7796403765678406,0.7457798719406128,0.9615289568901062
data/raw/gtzan_unique_v2/metal.00014.wav,0.6717508435249329,0.6544385552406311,0.4897097051143646
MIX::data\raw\ajaykarthick_wavefake-audio\wavefake_ajay_LJ015-0100.wav|data/raw/gtzan_unique_v2/reggae.00017.wav,0.7200513482093811,0.6977212429046631,0.6838847994804382
data/raw/gtzan_unique_v2/rock.00084.wav,0.6869080662727356,0.6657909154891968,0.43833109736442566
MIX::data\raw\ajaykarthick_wavefake-audio\wavefake_ajay_LJ015-0100.wav|data\raw\fake_music_generated\fake_music_AudioLDM2_0095.wav,0.720723032951355,0.735126256942749,0.9614641070365906
MIX::data\raw\ajaykarthick_wavefake-audio\wavefake_ajay_LJ019-0365.wav|data/raw/gtzan_unique_v2/hiphop.00055.wav,0.777961790561676,0.7290931344032288,0.9238853454589844
MIX::data\raw\ajaykarthick_wavefake-audio\wavefake_ajay_LJ019-0269.wav|data/raw/gtzan_unique_v2/rock.00079.wav,0.7279248833656311,0.69685298204422,0.8063115477561951
MIX::data\raw\ajaykarthick_wavefake-audio\wavefake_ajay_LJ015-0100.wav|data\raw\fake_music_generated\fake_music_AudioLDM2_0235.wav,0.7067810893058777,0.7194122672080994,0.8560185432434082
MIX::data\raw\openslr_librispeech_asr\librispeech_dev_2428-83705-0037.flac|data\raw\fake_music_generated\fake_music_AudioLDM2_0069.wav,0.7167024612426758,0.7280440330505371,0.8519995212554932
MIX::data\raw\ajaykarthick_wavefake-audio\wavefake_ajay_LJ015-0100.wav|data\raw\fake_music_generated\fake_music_MusicGen_0270.wav,0.724469006061554,0.7232698798179626,0.650926947593689
data\raw\openslr_librispeech_asr\librispeech_dev_3752-4943-0025.flac,0.7279909253120422,0.7406046390533447,0.9500338435173035
MIX::data\raw\Bisher_ASVspoof_2019_LA\asvspoof2019_LA_T_6208966.flac|data\raw\fake_music_generated\fake_music_AudioLDM2_0241.wav,0.7162205576896667,0.7073792219161987,0.5372176170349121
data\raw\fake_music_generated\fake_music_AudioLDM2_0103.wav,0.7231925129890442,0.7190274596214294,0.5919497609138489
MIX::data\raw\Bisher_ASVspoof_2019_LA\asvspoof2019_LA_T_6556926.flac|data\raw\fake_music_generated\fake_music_AudioLDM2_0007.wav,0.7179062962532043,0.7240689992904663,0.6658185720443726
data\raw\ajaykarthick_wavefake-audio\wavefake_ajay_LJ017-0043.wav,0.7762638330459595,0.7878318428993225,0.9862740635871887
MIX::data\raw\openslr_librispeech_asr\librispeech_dev_8842-304647-0013.flac|data\raw\fake_music_generated\fake_music_MusicGen_0082.wav,0.7375040650367737,0.7408342361450195,0.8685261607170105
MIX::data\raw\ajaykarthick_wavefake-audio\wavefake_ajay_LJ008-0257.wav|data/raw/gtzan_unique_v2/blues.00080.wav,0.7184022665023804,0.7166506052017212,0.9105532765388489
data\raw\openslr_librispeech_asr\librispeech_dev_1462-170138-0001.flac,0.7245495319366455,0.7375792860984802,0.9780279994010925
data\raw\ajaykarthick_wavefake-audio\wavefake_ajay_LJ029-0136.wav,0.7492022514343262,0.7646612524986267,0.9857365489006042
data\raw\openslr_librispeech_asr\librispeech_dev_3752-4943-0029.flac,0.6987356543540955,0.7171010971069336,0.9254797697067261
MIX::data\raw\Bisher_ASVspoof_2019_LA\asvspoof2019_LA_T_9745018.flac|data\raw\fake_music_generated\fake_music_AudioLDM2_0159.wav,0.7015442252159119,0.709214985370636,0.767153263092041
data\raw\openslr_librispeech_asr\librispeech_dev_1462-170145-0010.flac,0.6564300656318665,0.6798315048217773,0.9707981944084167
data\raw\ajaykarthick_wavefake-audio\wavefake_ajay_LJ048-0167.wav,0.7838290929794312,0.7937957048416138,0.9829596281051636
MIX::data\raw\ajaykarthick_wavefake-audio\wavefake_ajay_LJ050-0242.wav|data/raw/gtzan_unique_v2/metal.00014.wav,0.7900682687759399,0.743715763092041,0.8987162709236145
MIX::data\raw\ajaykarthick_wavefake-audio\wavefake_ajay_LJ050-0242.wav|data\raw\fake_music_generated\fake_music_AudioLDM2_0295.wav,0.7842102646827698,0.7880169153213501,0.9772896766662598
data\raw\openslr_librispeech_asr\librispeech_dev_3752-4944-0039.flac,0.7508243918418884,0.7639050483703613,0.973919689655304
data\raw\openslr_librispeech_asr\librispeech_dev_3752-4943-0018.flac,0.7215183973312378,0.7369470000267029,0.951697587966919
data\raw\openslr_librispeech_asr\librispeech_dev_2428-83699-0013.flac,0.732521116733551,0.7480645179748535,0.9863494038581848
MIX::data\raw\ajaykarthick_wavefake-audio\wavefake_ajay_LJ015-0100.wav|data/raw/gtzan_unique_v2/classical.00088.wav,0.6973557472229004,0.6751343011856079,0.7779802680015564
data\raw\openslr_librispeech_asr\librispeech_dev_3752-4944-0038.flac,0.6816695928573608,0.7016410231590271,0.97328782081604
MIX::data\raw\ajaykarthick_wavefake-audio\wavefake_ajay_LJ043-0063.wav|data\raw\fake_music_generated\fake_music_AudioLDM2_0275.wav,0.7825506925582886,0.7918663024902344,0.9894360303878784
MIX::data\raw\ajaykarthick_wavefake-audio\wavefake_ajay_LJ050-0248.wav|data\raw\fake_music_generated\fake_music_AudioLDM2_0011.wav,0.7611762285232544,0.771852970123291,0.9656262993812561
MIX::data\raw\openslr_librispeech_asr\librispeech_dev_1462-170145-0015.flac|data\raw\fake_music_generated\fake_music_AudioLDM2_0051.wav,0.7174203395843506,0.7028225660324097,0.6172741651535034
data\raw\openslr_librispeech_asr\librispeech_dev_2428-83705-0035.flac,0.7467254996299744,0.7614701390266418,0.9797001481056213
MIX::data\raw\openslr_librispeech_asr\librispeech_dev_1462-170138-0014.flac|data/raw/gtzan_unique_v2/country.00039.wav,0.6962276101112366,0.6872258186340332,0.8599860072135925
data/raw/gtzan_unique_v2/rock.00072.wav,0.723686933517456,0.6879578828811646,0.4097631275653839
MIX::data\raw\ajaykarthick_wavefake-audio\wavefake_ajay_LJ019-0269.wav|data/raw/gtzan_unique_v2/rock.00057.wav,0.6888448596000671,0.6722598671913147,0.4258659780025482
MIX::data\raw\ajaykarthick_wavefake-audio\wavefake_ajay_LJ044-0100_WF7_1.wav|data/raw/gtzan_unique_v2/reggae.00040.wav,0.7224569320678711,0.7110839486122131,0.6994276642799377
MIX::data\raw\openslr_librispeech_asr\librispeech_dev_1462-170145-0014.flac|data/raw/gtzan_unique_v2/disco.00095.wav,0.7293775677680969,0.7262769937515259,0.9149695038795471
MIX::data\raw\openslr_librispeech_asr\librispeech_dev_1462-170138-0017.flac|data\raw\fake_music_generated\fake_music_AudioLDM2_0087.wav,0.7466386556625366,0.738690197467804,0.9400782585144043
MIX::data\raw\Bisher_ASVspoof_2019_LA\asvspoof2019_LA_T_4252818.flac|data/raw/gtzan_unique_v2/rock.00007.wav,0.7154831886291504,0.6851279735565186,0.7899938225746155
MIX::data\raw\ajaykarthick_wavefake-audio\wavefake_ajay_LJ008-0307.wav|data\raw\fake_music_generated\fake_music_AudioLDM2_0043.wav,0.7272322773933411,0.7392717599868774,0.8420556783676147
MIX::data\raw\openslr_librispeech_asr\librispeech_dev_1462-170138-0003.flac|data\raw\fake_music_generated\fake_music_AudioLDM2_0297.wav,0.7243250012397766,0.7378702759742737,0.7472206950187683
MIX::data\raw\ajaykarthick_wavefake-audio\wavefake_ajay_LJ030-0001_WF4_1.wav|data\raw\fake_music_generated\fake_music_AudioLDM2_0015.wav,0.7684009075164795,0.7639507055282593,0.926770031452179
MIX::data\raw\ajaykarthick_wavefake-audio\wavefake_ajay_LJ043-0044.wav|data\raw\fake_music_generated\fake_music_AudioLDM2_0175.wav,0.7765823006629944,0.778247594833374,0.9885727167129517
MIX::data\raw\openslr_librispeech_asr\librispeech_dev_2428-83699-0011.flac|data\raw\fake_music_generated\fake_music_AudioLDM2_0015.wav,0.7156115174293518,0.7156750559806824,0.6097602844238281
data\raw\fake_music_generated\fake_music_AudioLDM2_0161.wav,0.714374303817749,0.7097286581993103,0.5833456516265869
data/raw/gtzan_unique_v2/pop.00050.wav,0.7021920680999756,0.6805649995803833,0.456658273935318
MIX::data\raw\Bisher_ASVspoof_2019_LA\asvspoof2019_LA_T_8130994.flac|data\raw\fake_music_generated\fake_music_AudioLDM2_0087.wav,0.7109624147415161,0.7017793655395508,0.5308127999305725
MIX::data\raw\Bisher_ASVspoof_2019_LA\asvspoof2019_LA_T_5937046.flac|data/raw/gtzan_unique_v2/rock.00021.wav,0.7310976386070251,0.6926660537719727,0.39410945773124695
data\raw\fake_music_generated\fake_music_AudioLDM2_0015.wav,0.7128796577453613,0.7061517834663391,0.5371600389480591
MIX::data\raw\ajaykarthick_wavefake-audio\wavefake_ajay_LJ016-0420.wav|data\raw\fake_music_generated\fake_music_AudioLDM2_0241.wav,0.7148672342300415,0.7260059118270874,0.7825266122817993
data\raw\fake_music_generated\fake_music_AudioLDM2_0289.wav,0.7252001166343689,0.718916118144989,0.565696120262146
data\raw\Bisher_ASVspoof_2019_LA\asvspoof2019_LA_T_1178897.flac,0.6833838820457458,0.7020574808120728,0.9793155193328857
data\raw\openslr_librispeech_asr\librispeech_dev_3752-4944-0042.flac,0.6775931119918823,0.6949006915092468,0.9683200716972351
data\raw\fake_music_generated\fake_music_AudioLDM2_0275.wav,0.71742182970047,0.7110167145729065,0.5426530241966248
data\raw\openslr_librispeech_asr\librispeech_dev_3752-4943-0021.flac,0.7307090163230896,0.7438039183616638,0.9538996815681458
MIX::data\raw\ajaykarthick_wavefake-audio\wavefake_ajay_LJ019-0320.wav|data/raw/gtzan_unique_v2/rock.00008.wav,0.7441909313201904,0.7213274836540222,0.3230619728565216
data\raw\fake_music_generated\fake_music_AudioLDM2_0297.wav,0.7109711766242981,0.7038625478744507,0.5278235673904419
MIX::data\raw\ajaykarthick_wavefake-audio\wavefake_ajay_LJ019-0269_WF1_1.wav|data\raw\fake_music_generated\fake_music_AudioLDM2_0067.wav,0.7091648578643799,0.7259451746940613,0.9829978942871094
data\raw\fake_music_generated\fake_music_MusicGen_0270.wav,0.7169467806816101,0.7129099369049072,0.5752978920936584
data/raw/gtzan_unique_v2/jazz.00099.wav,0.6444941759109497,0.651648759841919,0.7322180867195129
MIX::data\raw\openslr_librispeech_asr\librispeech_dev_2428-83705-0013.flac|data\raw\fake_music_generated\fake_music_MusicGen_0122.wav,0.7201582789421082,0.7299677133560181,0.7505853176116943
MIX::data\raw\ajaykarthick_wavefake-audio\wavefake_ajay_LJ050-0190.wav|data/raw/gtzan_unique_v2/jazz.00091.wav,0.7594674229621887,0.7080841064453125,0.7224707007408142
data/raw/gtzan_unique_v2/rock.00015.wav,0.6688494682312012,0.6703557968139648,0.678662121295929
data\raw\ajaykarthick_wavefake-audio\wavefake_ajay_LJ044-0100.wav,0.7534487247467041,0.761667013168335,0.9714174270629883
data\raw\fake_music_generated\fake_music_AudioLDM2_0003.wav,0.7104398608207703,0.7042929530143738,0.5583174228668213
MIX::data\raw\openslr_librispeech_asr\librispeech_dev_1462-170138-0001.flac|data\raw\fake_music_generated\fake_music_AudioLDM2_0051.wav,0.7193398475646973,0.7040917873382568,0.967934250831604
MIX::data\raw\Bisher_ASVspoof_2019_LA\asvspoof2019_LA_T_3103059.flac|data\raw\fake_music_generated\fake_music_MusicGen_0290.wav,0.8171611428260803,0.8057827353477478,0.9873542785644531
MIX::data\raw\openslr_librispeech_asr\librispeech_dev_8842-302196-0003.flac|data\raw\fake_music_generated\fake_music_MusicGen_0116.wav,0.7137995958328247,0.7126939296722412,0.7013101577758789
MIX::data\raw\ajaykarthick_wavefake-audio\wavefake_ajay_LJ017-0031.wav|data\raw\fake_music_generated\fake_music_AudioLDM2_0095.wav,0.7640087008476257,0.7716002464294434,0.9767704606056213
MIX::data\raw\ajaykarthick_wavefake-audio\wavefake_ajay_LJ015-0100.wav|data\raw\fake_music_generated\fake_music_AudioLDM2_0107.wav,0.7113848924636841,0.7234073281288147,0.9374405741691589
MIX::data\raw\openslr_librispeech_asr\librispeech_dev_1462-170145-0002.flac|data\raw\fake_music_generated\fake_music_MusicGen_0258.wav,0.6380219459533691,0.6494890451431274,0.9563075304031372
MIX::data\raw\openslr_librispeech_asr\librispeech_dev_3752-4944-0038.flac|data/raw/gtzan_unique_v2/reggae.00075.wav,0.714580774307251,0.6825928688049316,0.41100969910621643
data/raw/gtzan_unique_v2/rock.00039.wav,0.7123769521713257,0.6921203136444092,0.3986375331878662
data\raw\ajaykarthick_wavefake-audio\wavefake_ajay_LJ028-0356.wav,0.7822157144546509,0.7898359894752502,0.9758332371711731
data/raw/gtzan_unique_v2/disco.00022.wav,0.6772328019142151,0.6624585390090942,0.47228705883026123
data\raw\openslr_librispeech_asr\librispeech_dev_1462-170145-0015.flac,0.7275400161743164,0.7403648495674133,0.9554093480110168
data\raw\ajaykarthick_wavefake-audio\wavefake_ajay_LJ029-0162.wav,0.7237503528594971,0.7373706102371216,0.9619202017784119
data\raw\fake_music_generated\fake_music_AudioLDM2_0095.wav,0.716892421245575,0.7120945453643799,0.5585350394248962
data\raw\fake_music_generated\fake_music_MusicGen_0226.wav,0.718597948551178,0.7105708122253418,0.5316185355186462
MIX::data\raw\Bisher_ASVspoof_2019_LA\asvspoof2019_LA_T_8897400.flac|data\raw\fake_music_generated\fake_music_MusicGen_0104.wav,0.7241592407226562,0.7240920662879944,0.6329761147499084
MIX::data\raw\ajaykarthick_wavefake-audio\wavefake_ajay_LJ019-0347.wav|data/raw/gtzan_unique_v2/reggae.00026.wav,0.7551648020744324,0.7213106751441956,0.9504371285438538
MIX::data\raw\ajaykarthick_wavefake-audio\wavefake_ajay_LJ019-0320.wav|data/raw/gtzan_unique_v2/rock.00008.wav,0.6458184123039246,0.6436613202095032,0.6789298057556152
MIX::data\raw\ajaykarthick_wavefake-audio\wavefake_ajay_LJ015-0113.wav|data\raw\fake_music_generated\fake_music_AudioLDM2_0223.wav,0.7285386323928833,0.7227534055709839,0.9774242043495178
data\raw\fake_music_generated\fake_music_AudioLDM2_0159.wav,0.7147314548492432,0.7091748118400574,0.5738893151283264
MIX::data\raw\openslr_librispeech_asr\librispeech_dev_3752-4944-0042.flac|data/raw/gtzan_unique_v2/jazz.00078.wav,0.6771241426467896,0.6654192209243774,0.5588564872741699
MIX::data\raw\ajaykarthick_wavefake-audio\wavefake_ajay_LJ030-0001.wav|data\raw\fake_music_generated\fake_music_MusicGen_0154.wav,0.7270125150680542,0.7355430722236633,0.7257010340690613
MIX::data\raw\Bisher_ASVspoof_2019_LA\asvspoof2019_LA_T_8700513.flac|data\raw\fake_music_generated\fake_music_AudioLDM2_0091.wav,0.71486896276474,0.7256624698638916,0.7518162727355957
data/raw/gtzan_unique_v2/pop.00054.wav,0.7124538421630859,0.6867799758911133,0.4204448163509369
MIX::data\raw\openslr_librispeech_asr\librispeech_dev_2428-83699-0033.flac|data\raw\fake_music_generated\fake_music_AudioLDM2_0063.wav,0.7080709338188171,0.7180758714675903,0.7128310203552246
data\raw\fake_music_generated\fake_music_MusicGen_0122.wav,0.719136655330658,0.7130728363990784,0.5474199056625366
data\raw\ajaykarthick_wavefake-audio\wavefake_ajay_LJ043-0044_WF3_1.wav,0.772810161113739,0.7737306356430054,0.9754683971405029
data\raw\openslr_librispeech_asr\librispeech_dev_3752-4944-0000.flac,0.6762338876724243,0.6907601356506348,0.9328064322471619
data/raw/gtzan_unique_v2/rock.00021.wav,0.7245705127716064,0.6919856667518616,0.3891180455684662
MIX::data\raw\ajaykarthick_wavefake-audio\wavefake_ajay_LJ030-0001.wav|data\raw\fake_music_generated\fake_music_MusicGen_0116.wav,0.7320316433906555,0.7389167547225952,0.8632305860519409
MIX::data\raw\openslr_librispeech_asr\librispeech_dev_2428-83699-0031.flac|data/raw/gtzan_unique_v2/metal.00050.wav,0.7115321159362793,0.689329206943512,0.3802492916584015
MIX::data\raw\openslr_librispeech_asr\librispeech_dev_3752-4943-0025.flac|data\raw\fake_music_generated\fake_music_AudioLDM2_0277.wav,0.7207220792770386,0.7217648029327393,0.6283754110336304
MIX::data\raw\ajaykarthick_wavefake-audio\wavefake_ajay_LJ015-0100.wav|data/raw/gtzan_unique_v2/hiphop.00012.wav,0.6330826878547668,0.6347777843475342,0.5916568636894226
data/raw/gtzan_unique_v2/reggae.00070.wav,0.6703245639801025,0.6607406139373779,0.49452653527259827
MIX::data\raw\ajaykarthick_wavefake-audio\wavefake_ajay_LJ019-0320_WF2_1.wav|data/raw/gtzan_unique_v2/metal.00003.wav,0.7208005785942078,0.6963908672332764,0.3619256019592285
MIX::data\raw\openslr_librispeech_asr\librispeech_dev_2428-83705-0037.flac|data\raw\fake_music_generated\fake_music_AudioLDM2_0005.wav,0.7392968535423279,0.7504825592041016,0.9245400428771973
MIX::data\raw\ajaykarthick_wavefake-audio\wavefake_ajay_LJ002-0021.wav|data\raw\fake_music_generated\fake_music_AudioLDM2_0275.wav,0.7303093671798706,0.7367527484893799,0.868714451789856
data\raw\openslr_librispeech_asr\librispeech_dev_8842-302196-0002.flac,0.7015399932861328,0.707517683506012,0.9047610759735107
data\raw\openslr_librispeech_asr\librispeech_dev_1462-170145-0002.flac,0.6388052701950073,0.6578842401504517,0.9592300653457642
data/raw/gtzan_unique_v2/metal.00086.wav,0.6736906170845032,0.6596421599388123,0.4685877859592438
data\raw\ajaykarthick_wavefake-audio\wavefake_ajay_LJ017-0043_WF3_1.wav,0.7707495093345642,0.7808086276054382,0.9823889136314392
data\raw\ajaykarthick_wavefake-audio\wavefake_ajay_LJ019-0347.wav,0.7559950947761536,0.7664788365364075,0.9715760350227356
data\raw\fake_music_generated\fake_music_AudioLDM2_0295.wav,0.7170593738555908,0.7104069590568542,0.5599004030227661
data\raw\fake_music_generated\fake_music_AudioLDM2_0235.wav,0.7184682488441467,0.7144885659217834,0.5877484083175659
data\raw\Bisher_ASVspoof_2019_LA\asvspoof2019_LA_T_2682925.flac,0.6638364791870117,0.6799156069755554,0.9419103860855103
MIX::data\raw\ajaykarthick_wavefake-audio\wavefake_ajay_LJ019-0365.wav|data\raw\fake_music_generated\fake_music_MusicGen_0196.wav,0.7725263833999634,0.7555093169212341,0.9677056074142456
data\raw\fake_music_generated\fake_music_AudioLDM2_0069.wav,0.7201305627822876,0.713017463684082,0.5532006025314331
MIX::data\raw\openslr_librispeech_asr\librispeech_dev_8842-302196-0003.flac|data\raw\fake_music_generated\fake_music_AudioLDM2_0275.wav,0.72144615650177,0.7307072877883911,0.8575575351715088
MIX::data\raw\ajaykarthick_wavefake-audio\wavefake_ajay_LJ019-0365.wav|data\raw\fake_music_generated\fake_music_MusicGen_0258.wav,0.7694556713104248,0.7528245449066162,0.9720681309700012
MIX::data\raw\ajaykarthick_wavefake-audio\wavefake_ajay_LJ044-0100.wav|data/raw/gtzan_unique_v2/country.00074.wav,0.7432307600975037,0.7118933200836182,0.8893715739250183
MIX::data\raw\ajaykarthick_wavefake-audio\wavefake_ajay_LJ019-0320.wav|data/raw/gtzan_unique_v2/hiphop.00053.wav,0.759993851184845,0.7128265500068665,0.9570305943489075
data\raw\ajaykarthick_wavefake-audio\wavefake_ajay_LJ019-0269.wav,0.6982735991477966,0.713573157787323,0.9699186086654663
MIX::data\raw\ajaykarthick_wavefake-audio\wavefake_ajay_LJ015-0100.wav|data/raw/gtzan_unique_v2/metal.00069.wav,0.6939096450805664,0.6755374670028687,0.4280428886413574
MIX::data\raw\Bisher_ASVspoof_2019_LA\asvspoof2019_LA_T_4252818.flac|data/raw/gtzan_unique_v2/rock.00007.wav,0.6789433360099792,0.6689662337303162,0.5247507095336914
data\raw\ajaykarthick_wavefake-audio\wavefake_ajay_LJ016-0420.wav,0.7249475717544556,0.7383131980895996,0.9717566967010498
data\raw\ajaykarthick_wavefake-audio\wavefake_ajay_LJ015-0100.wav,0.7357205748558044,0.748915433883667,0.951369047164917
MIX::data\raw\openslr_librispeech_asr\librispeech_dev_2428-83705-0026.flac|data\raw\fake_music_generated\fake_music_AudioLDM2_0013.wav,0.7370801568031311,0.733761727809906,0.9760503768920898
data\raw\openslr_librispeech_asr\librispeech_dev_1462-170145-0016.flac,0.7036758661270142,0.7178406119346619,0.9470745921134949
MIX::data\raw\openslr_librispeech_asr\librispeech_dev_1462-170145-0016.flac|data\raw\fake_music_generated\fake_music_MusicGen_0196.wav,0.7040847539901733,0.6938005685806274,0.48876315355300903
MIX::data\raw\openslr_librispeech_asr\librispeech_dev_1462-170138-0003.flac|data\raw\fake_music_generated\fake_music_MusicGen_0196.wav,0.719557523727417,0.7337533235549927,0.7807980179786682
MIX::data\raw\ajaykarthick_wavefake-audio\wavefake_ajay_LJ015-0113.wav|data\raw\fake_music_generated\fake_music_AudioLDM2_0167.wav,0.7143232822418213,0.7187657356262207,0.6698097586631775
MIX::data\raw\ajaykarthick_wavefake-audio\wavefake_ajay_LJ030-0001.wav|data\raw\fake_music_generated\fake_music_AudioLDM2_0013.wav,0.7289822101593018,0.734738826751709,0.7502022981643677
MIX::data\raw\Bisher_ASVspoof_2019_LA\asvspoof2019_LA_T_6208966.flac|data/raw/gtzan_unique_v2/blues.00062.wav,0.6649784445762634,0.6562969088554382,0.5478035807609558
data\raw\fake_music_generated\fake_music_AudioLDM2_0087.wav,0.7096306681632996,0.7027236819267273,0.5575739741325378
MIX::data\raw\openslr_librispeech_asr\librispeech_dev_1462-170145-0014.flac|data\raw\fake_music_generated\fake_music_AudioLDM2_0053.wav,0.6899192333221436,0.7085513472557068,0.9244080185890198
data\raw\Bisher_ASVspoof_2019_LA\asvspoof2019_LA_T_7381944.flac,0.8396270275115967,0.8460526466369629,0.9924553632736206
MIX::data\raw\ajaykarthick_wavefake-audio\wavefake_ajay_LJ015-0100.wav|data\raw\fake_music_generated\fake_music_AudioLDM2_0095.wav,0.7199898958206177,0.714474081993103,0.7236279249191284
MIX::data\raw\ajaykarthick_wavefake-audio\wavefake_ajay_LJ015-0100.wav|data/raw/gtzan_unique_v2/reggae.00069.wav,0.7017114162445068,0.7051539421081543,0.7861536145210266
MIX::data\raw\openslr_librispeech_asr\librispeech_dev_2428-83705-0015.flac|data/raw/gtzan_unique_v2/blues.00025.wav,0.682869553565979,0.6870825886726379,0.631227970123291
data\raw\openslr_librispeech_asr\librispeech_dev_2428-83699-0011.flac,0.6450710892677307,0.6647982597351074,0.9592484831809998
data\raw\fake_music_generated\fake_music_AudioLDM2_0147.wav,0.7203636169433594,0.7142320275306702,0.5714601874351501
data/raw/gtzan_unique_v2/classical.00026.wav,0.6730901598930359,0.6447124481201172,0.6337550282478333
data/raw/gtzan_unique_v2/country.00039.wav,0.6738386750221252,0.6585736274719238,0.4739846885204315
MIX::data\raw\Bisher_ASVspoof_2019_LA\asvspoof2019_LA_T_5937046.flac|data/raw/gtzan_unique_v2/country.00039.wav,0.7095715403556824,0.6792948842048645,0.41532373428344727
data\raw\openslr_librispeech_asr\librispeech_dev_1462-170142-0039.flac,0.7189217209815979,0.7309234142303467,0.9494386911392212
MIX::data\raw\openslr_librispeech_asr\librispeech_dev_8842-302196-0003.flac|data\raw\fake_music_generated\fake_music_AudioLDM2_0067.wav,0.7103943824768066,0.7165323495864868,0.8779031038284302
MIX::data\raw\ajaykarthick_wavefake-audio\wavefake_ajay_LJ043-0044.wav|data\raw\fake_music_generated\fake_music_MusicGen_0082.wav,0.7549473643302917,0.7650980949401855,0.9715529680252075
data\raw\ajaykarthick_wavefake-audio\wavefake_ajay_LJ008-0269.wav,0.7427598834037781,0.7490016222000122,0.9707291722297668
MIX::data\raw\ajaykarthick_wavefake-audio\wavefake_ajay_LJ015-0100.wav|data/raw/gtzan_unique_v2/country.00074.wav,0.7360305190086365,0.7038567662239075,0.8074371814727783
MIX::data\raw\ajaykarthick_wavefake-audio\wavefake_ajay_LJ015-0100.wav|data/raw/gtzan_unique_v2/blues.00066.wav,0.717278778553009,0.6943637132644653,0.5058581829071045
data/raw/gtzan_unique_v2/blues.00080.wav,0.7290693521499634,0.7027300596237183,0.3591286242008209
MIX::data\raw\ajaykarthick_wavefake-audio\wavefake_ajay_LJ050-0190.wav|data/raw/gtzan_unique_v2/reggae.00040.wav,0.6854961514472961,0.6936537027359009,0.6997072696685791
MIX::data\raw\ajaykarthick_wavefake-audio\wavefake_ajay_LJ044-0100_WF7_1.wav|data/raw/gtzan_unique_v2/pop.00045.wav,0.7048738598823547,0.7117573618888855,0.8148282170295715
MIX::data\raw\ajaykarthick_wavefake-audio\wavefake_ajay_LJ015-0100.wav|data/raw/gtzan_unique_v2/pop.00019.wav,0.7048504948616028,0.6819636821746826,0.4235725402832031
MIX::data\raw\ajaykarthick_wavefake-audio\wavefake_ajay_LJ043-0044_WF3_1.wav|data/raw/gtzan_unique_v2/rock.00084.wav,0.6347002387046814,0.6371511816978455,0.5946939587593079
data\raw\openslr_librispeech_asr\librispeech_dev_3752-4944-0050.flac,0.6696900129318237,0.6850785613059998,0.9393605589866638
data/raw/gtzan_unique_v2/blues.00071.wav,0.6864884495735168,0.6696637272834778,0.4300370216369629
data\raw\Bisher_ASVspoof_2019_LA\asvspoof2019_LA_T_8897400.flac,0.8041794896125793,0.8127671480178833,0.9839732646942139
MIX::data\raw\ajaykarthick_wavefake-audio\wavefake_ajay_LJ017-0043_WF7_2.wav|data/raw/gtzan_unique_v2/metal.00069.wav,0.6900604367256165,0.6737155318260193,0.4330526888370514
MIX::data\raw\ajaykarthick_wavefake-audio\wavefake_ajay_LJ043-0044_WF3_1.wav|data/raw/gtzan_unique_v2/pop.00029.wav,0.6570963859558105,0.6518335938453674,0.5725617408752441
MIX::data\raw\openslr_librispeech_asr\librispeech_dev_3752-4944-0038.flac|data/raw/gtzan_unique_v2/rock.00086.wav,0.6858460307121277,0.6727215647697449,0.7123110890388489
data\raw\fake_music_generated\fake_music_AudioLDM2_0223.wav,0.7194591164588928,0.7141914367675781,0.5656225085258484
data/raw/gtzan_unique_v2/rock.00079.wav,0.6867538690567017,0.6649811267852783,0.45515331625938416
MIX::data\raw\ajaykarthick_wavefake-audio\wavefake_ajay_LJ015-0100.wav|data\raw\fake_music_generated\fake_music_AudioLDM2_0107.wav,0.7346619367599487,0.7351608276367188,0.8435309529304504
MIX::data\raw\Bisher_ASVspoof_2019_LA\asvspoof2019_LA_T_6556926.flac|data/raw/gtzan_unique_v2/country.00039.wav,0.7016217708587646,0.6764626502990723,0.4124264717102051
MIX::data\raw\openslr_librispeech_asr\librispeech_dev_1462-170145-0021.flac|data/raw/gtzan_unique_v2/reggae.00075.wav,0.6660251617431641,0.6631534099578857,0.7777902483940125
MIX::data\raw\Bisher_ASVspoof_2019_LA\asvspoof2019_LA_T_9457505.flac|data\raw\fake_music_generated\fake_music_MusicGen_0226.wav,0.7209673523902893,0.7251297235488892,0.667858898639679
MIX::data\raw\ajaykarthick_wavefake-audio\wavefake_ajay_LJ044-0100.wav|data\raw\fake_music_generated\fake_music_AudioLDM2_0147.wav,0.7337241172790527,0.730754017829895,0.6805166006088257
data/raw/gtzan_unique_v2/pop.00049.wav,0.6869968771934509,0.681306779384613,0.5642013549804688
data/raw/gtzan_unique_v2/classical.00090.wav,0.6200897693634033,0.6251814365386963,0.6425321102142334
MIX::data\raw\ajaykarthick_wavefake-audio\wavefake_ajay_LJ015-0100.wav|data\raw\fake_music_generated\fake_music_AudioLDM2_0107.wav,0.7346619367599487,0.7456937432289124,0.9433861970901489
MIX::data\raw\ajaykarthick_wavefake-audio\wavefake_ajay_LJ030-0001_WF4_1.wav|data/raw/gtzan_unique_v2/metal.00039.wav,0.6508765816688538,0.6513572931289673,0.7690155506134033
data\raw\openslr_librispeech_asr\librispeech_dev_3752-4944-0014.flac,0.6319164633750916,0.6529685854911804,0.9511160850524902
MIX::data\raw\openslr_librispeech_asr\librispeech_dev_1462-170145-0012.flac|data\raw\fake_music_generated\fake_music_AudioLDM2_0277.wav,0.7005836963653564,0.710932731628418,0.7149866819381714
data\raw\ajaykarthick_wavefake-audio\wavefake_ajay_LJ028-0343.wav,0.744890570640564,0.7562053203582764,0.9659220576286316
MIX::data\raw\ajaykarthick_wavefake-audio\wavefake_ajay_LJ028-0356.wav|data\raw\fake_music_generated\fake_music_AudioLDM2_0263.wav,0.7436904311180115,0.7555208802223206,0.8756263256072998
data/raw/gtzan_unique_v2/pop.00045.wav,0.7135462164878845,0.6875535845756531,0.41348958015441895
MIX::data\raw\ajaykarthick_wavefake-audio\wavefake_ajay_LJ015-0100.wav|data\raw\fake_music_generated\fake_music_AudioLDM2_0107.wav,0.7241002917289734,0.734816312789917,0.8877235651016235
MIX::data\raw\ajaykarthick_wavefake-audio\wavefake_ajay_LJ019-0347.wav|data/raw/gtzan_unique_v2/rock.00054.wav,0.6915292739868164,0.6741997003555298,0.4323202669620514
data/raw/gtzan_unique_v2/metal.00027.wav,0.7143182754516602,0.6911963224411011,0.37394604086875916
data/raw/gtzan_unique_v2/pop.00042.wav,0.7320896983146667,0.7042490243911743,0.36329779028892517
MIX::data\raw\ajaykarthick_wavefake-audio\wavefake_ajay_LJ048-0162.wav|data/raw/gtzan_unique_v2/pop.00011.wav,0.748047411441803,0.7154818773269653,0.848513662815094
data\raw\ajaykarthick_wavefake-audio\wavefake_ajay_LJ043-0043.wav,0.7337061762809753,0.7456108331680298,0.96478271484375
data/raw/gtzan_unique_v2/metal.00003.wav,0.7055519223213196,0.6841447353363037,0.39124596118927
data/raw/gtzan_unique_v2/rock.00007.wav,0.6931008696556091,0.6796827912330627,0.4711036682128906
data\raw\openslr_librispeech_asr\librispeech_dev_2428-83699-0012.flac,0.7796624302864075,0.7766261100769043,0.9803745150566101
MIX::data\raw\Bisher_ASVspoof_2019_LA\asvspoof2019_LA_T_8722988.flac|data\raw\fake_music_generated\fake_music_AudioLDM2_0227.wav,0.7628209590911865,0.7759524583816528,0.9418226480484009
MIX::data\raw\openslr_librispeech_asr\librispeech_dev_2428-83699-0004.flac|data/raw/gtzan_unique_v2/rock.00054.wav,0.679928719997406,0.676993727684021,0.8362731337547302
data/raw/gtzan_unique_v2/disco.00098.wav,0.6715381145477295,0.6604232788085938,0.4871250092983246
data/raw/gtzan_unique_v2/pop.00089.wav,0.7197721600532532,0.6941295862197876,0.37792298197746277
MIX::data\raw\ajaykarthick_wavefake-audio\wavefake_ajay_LJ019-0320.wav|data\raw\fake_music_generated\fake_music_AudioLDM2_0147.wav,0.7766193151473999,0.7450245022773743,0.9791465997695923
data/raw/gtzan_unique_v2/country.00074.wav,0.7032191157341003,0.6753228306770325,0.48631784319877625
MIX::data\raw\Bisher_ASVspoof_2019_LA\asvspoof2019_LA_T_8897400.flac|data/raw/gtzan_unique_v2/rock.00039.wav,0.8216672539710999,0.743721604347229,0.6625673174858093
MIX::data\raw\ajaykarthick_wavefake-audio\wavefake_ajay_LJ050-0187.wav|data/raw/gtzan_unique_v2/reggae.00040.wav,0.6865983009338379,0.6918960213661194,0.6858437657356262
data\raw\fake_music_generated\fake_music_AudioLDM2_0013.wav,0.7205693125724792,0.7171458005905151,0.5955927968025208
data/raw/gtzan_unique_v2/blues.00097.wav,0.68616783618927,0.6758548021316528,0.5211427807807922
data\raw\fake_music_generated\fake_music_MusicGen_0052.wav,0.7187027335166931,0.7108737230300903,0.5375243425369263
MIX::data\raw\ajaykarthick_wavefake-audio\wavefake_ajay_LJ028-0375.wav|data/raw/gtzan_unique_v2/pop.00020.wav,0.718767523765564,0.7232077121734619,0.9274913668632507
data\raw\openslr_librispeech_asr\librispeech_dev_1462-170138-0013.flac,0.7347361445426941,0.7475428581237793,0.9684065580368042
MIX::data\raw\ajaykarthick_wavefake-audio\wavefake_ajay_LJ017-0043_WF7_2.wav|data/raw/gtzan_unique_v2/classical.00002.wav,0.6955879330635071,0.6727622747421265,0.4351895749568939
MIX::data\raw\ajaykarthick_wavefake-audio\wavefake_ajay_LJ015-0100.wav|data/raw/gtzan_unique_v2/rock.00015.wav,0.7355570793151855,0.7181578278541565,0.8451831340789795
MIX::data\raw\openslr_librispeech_asr\librispeech_dev_2428-83699-0011.flac|data/raw/gtzan_unique_v2/jazz.00099.wav,0.6515811085700989,0.6545461416244507,0.7122099995613098
MIX::data\raw\ajaykarthick_wavefake-audio\wavefake_ajay_LJ017-0043_WF7_2.wav|data/raw/gtzan_unique_v2/disco.00052.wav,0.7004833817481995,0.6795668601989746,0.405038446187973
data\raw\openslr_librispeech_asr\librispeech_dev_8842-304647-0013.flac,0.7415238618850708,0.7496610879898071,0.968712568283081
MIX::data\raw\Bisher_ASVspoof_2019_LA\asvspoof2019_LA_T_8722988.flac|data/raw/gtzan_unique_v2/reggae.00060.wav,0.712410569190979,0.686120867729187,0.6227076649665833
MIX::data\raw\openslr_librispeech_asr\librispeech_dev_8842-304647-0013.flac|data/raw/gtzan_unique_v2/blues.00025.wav,0.6812652945518494,0.6881955862045288,0.7127570509910583
data\raw\ajaykarthick_wavefake-audio\wavefake_ajay_LJ015-0113_WF5_1.wav,0.7349106669425964,0.7495927214622498,0.9783270955085754
data\raw\openslr_librispeech_asr\librispeech_dev_1462-170142-0026.flac,0.7173174619674683,0.7291907668113708,0.9614711403846741
MIX::data\raw\ajaykarthick_wavefake-audio\wavefake_ajay_LJ015-0100.wav|data\raw\fake_music_generated\fake_music_AudioLDM2_0223.wav,0.7375280857086182,0.7471253871917725,0.9630062580108643
data\raw\fake_music_generated\fake_music_MusicGen_0278.wav,0.7200038433074951,0.7151015996932983,0.5865565538406372
MIX::data\raw\Bisher_ASVspoof_2019_LA\asvspoof2019_LA_T_5636788.flac|data\raw\fake_music_generated\fake_music_AudioLDM2_0161.wav,0.7148625254631042,0.7070522904396057,0.5430969595909119
MIX::data\raw\openslr_librispeech_asr\librispeech_dev_8842-304647-0013.flac|data\raw\fake_music_generated\fake_music_MusicGen_0154.wav,0.7250471115112305,0.7079449892044067,0.6734989285469055
MIX::data\raw\ajaykarthick_wavefake-audio\wavefake_ajay_LJ029-0162.wav|data\raw\fake_music_generated\fake_music_MusicGen_0290.wav,0.7108996510505676,0.7009943723678589,0.495118111371994
data/raw/gtzan_unique_v2/blues.00047.wav,0.6826887726783752,0.656884491443634,0.5075110793113708
data\raw\Bisher_ASVspoof_2019_LA\asvspoof2019_LA_T_9110555.flac,0.6875784397125244,0.7058082222938538,0.9746550917625427
data/raw/gtzan_unique_v2/reggae.00060.wav,0.6487293839454651,0.6496890783309937,0.7412712574005127
MIX::data\raw\ajaykarthick_wavefake-audio\wavefake_ajay_LJ048-0178.wav|data\raw\fake_music_generated\fake_music_MusicGen_0258.wav,0.7313246130943298,0.723575234413147,0.6822231411933899
data\raw\fake_music_generated\fake_music_AudioLDM2_0277.wav,0.7224152088165283,0.7167563438415527,0.5762887001037598
MIX::data\raw\openslr_librispeech_asr\librispeech_dev_8842-302201-0009.flac|data/raw/gtzan_unique_v2/rock.00072.wav,0.7091830372810364,0.6770145893096924,0.4385366439819336
data\raw\Bisher_ASVspoof_2019_LA\asvspoof2019_LA_T_9457505.flac,0.6800283789634705,0.6976579427719116,0.9496591687202454
MIX::data\raw\openslr_librispeech_asr\librispeech_dev_8842-304647-0001.flac|data/raw/gtzan_unique_v2/reggae.00053.wav,0.6778796315193176,0.674680233001709,0.7080385088920593
MIX::data\raw\ajaykarthick_wavefake-audio\wavefake_ajay_LJ050-0242.wav|data/raw/gtzan_unique_v2/rock.00006.wav,0.6710198521614075,0.6695725917816162,0.5885806083679199
MIX::data\raw\ajaykarthick_wavefake-audio\wavefake_ajay_LJ017-0031.wav|data/raw/gtzan_unique_v2/classical.00037.wav,0.7683237791061401,0.7120925188064575,0.8686420917510986
data\raw\ajaykarthick_wavefake-audio\wavefake_ajay_LJ043-0063.wav,0.788496732711792,0.7937841415405273,0.9870661497116089
MIX::data\raw\openslr_librispeech_asr\librispeech_dev_3752-4943-0028.flac|data/raw/gtzan_unique_v2/classical.00090.wav,0.6941646337509155,0.6649802923202515,0.40203773975372314
MIX::data\raw\ajaykarthick_wavefake-audio\wavefake_ajay_LJ030-0001_WF4_1.wav|data\raw\fake_music_generated\fake_music_AudioLDM2_0157.wav,0.741261899471283,0.7433578372001648,0.839341402053833
data\raw\ajaykarthick_wavefake-audio\wavefake_ajay_LJ015-0119.wav,0.7608745098114014,0.7718525528907776,0.9772250056266785
MIX::data\raw\openslr_librispeech_asr\librispeech_dev_2428-83699-0031.flac|data\raw\fake_music_generated\fake_music_MusicGen_0082.wav,0.6771917343139648,0.6894034743309021,0.804412305355072
data\raw\fake_music_generated\fake_music_MusicGen_0290.wav,0.7100434303283691,0.7020326852798462,0.5210500359535217
data/raw/gtzan_unique_v2/blues.00078.wav,0.7399272322654724,0.7157061100006104,0.3217410743236542
data\raw\fake_music_generated\fake_music_AudioLDM2_0089.wav,0.7150309085845947,0.7082787156105042,0.545362114906311
MIX::data\raw\ajaykarthick_wavefake-audio\wavefake_ajay_LJ015-0100.wav|data/raw/gtzan_unique_v2/classical.00088.wav,0.7520450353622437,0.7090300917625427,0.9113140106201172
data\raw\fake_music_generated\fake_music_AudioLDM2_0157.wav,0.7155408263206482,0.7093336582183838,0.5429946184158325
MIX::data\raw\ajaykarthick_wavefake-audio\wavefake_ajay_LJ015-0100.wav|data\raw\fake_music_generated\fake_music_AudioLDM2_0147.wav,0.7236701846122742,0.7347026467323303,0.8390320539474487
MIX::data\raw\ajaykarthick_wavefake-audio\wavefake_ajay_LJ019-0269.wav|data\raw\fake_music_generated\fake_music_AudioLDM2_0171.wav,0.7164089679718018,0.7258661389350891,0.7065484523773193
MIX::data\raw\openslr_librispeech_asr\librispeech_dev_1462-170142-0039.flac|data/raw/gtzan_unique_v2/blues.00078.wav,0.7116379737854004,0.681085467338562,0.7250642776489258
MIX::data\raw\ajaykarthick_wavefake-audio\wavefake_ajay_LJ019-0347.wav|data/raw/gtzan_unique_v2/disco.00098.wav,0.6830161213874817,0.6689732074737549,0.4510428011417389
data/raw/gtzan_unique_v2/metal.00069.wav,0.6729487776756287,0.6614722013473511,0.47208860516548157
MIX::data\raw\openslr_librispeech_asr\librispeech_dev_8842-302196-0008.flac|data/raw/gtzan_unique_v2/reggae.00030.wav,0.7340977787971497,0.7435505390167236,0.8578099608421326
MIX::data\raw\ajaykarthick_wavefake-audio\wavefake_ajay_LJ008-0257.wav|data\raw\fake_music_generated\fake_music_AudioLDM2_0275.wav,0.732281506061554,0.7340920567512512,0.9740685224533081
data/raw/gtzan_unique_v2/rock.00030.wav,0.6802170276641846,0.6712768077850342,0.5489749312400818
data\raw\fake_music_generated\fake_music_AudioLDM2_0171.wav,0.7180085182189941,0.7160917520523071,0.6062700152397156
MIX::data\raw\ajaykarthick_wavefake-audio\wavefake_ajay_LJ019-0320.wav|data/raw/gtzan_unique_v2/classical.00037.wav,0.7804828882217407,0.7223705053329468,0.8951207995414734
MIX::data\raw\ajaykarthick_wavefake-audio\wavefake_ajay_LJ015-0100.wav|data/raw/gtzan_unique_v2/disco.00022.wav,0.7012671232223511,0.6812505722045898,0.42108702659606934
data/raw/gtzan_unique_v2/blues.00098.wav,0.7032693028450012,0.6782023906707764,0.40837621688842773
data\raw\Bisher_ASVspoof_2019_LA\asvspoof2019_LA_T_3103059.flac,0.806220531463623,0.8132768273353577,0.9765539169311523
data/raw/gtzan_unique_v2/blues.00084.wav,0.7326400876045227,0.7091386318206787,0.34136223793029785
MIX::data\raw\openslr_librispeech_asr\librispeech_dev_8842-304647-0013.flac|data/raw/gtzan_unique_v2/pop.00020.wav,0.7369633913040161,0.6931076049804688,0.7644335627555847
MIX::data\raw\openslr_librispeech_asr\librispeech_dev_2428-83699-0031.flac|data\raw\fake_music_generated\fake_music_AudioLDM2_0275.wav,0.6963649988174438,0.7033716440200806,0.9757140278816223
data/raw/gtzan_unique_v2/reggae.00050.wav,0.6745024919509888,0.671183705329895,0.5640308856964111
data/raw/gtzan_unique_v2/blues.00079.wav,0.7589037418365479,0.7242841720581055,0.31077566742897034
MIX::data\raw\ajaykarthick_wavefake-audio\wavefake_ajay_LJ015-0100.wav|data/raw/gtzan_unique_v2/reggae.00080.wav,0.676079511642456,0.6629215478897095,0.5456463694572449
MIX::data\raw\ajaykarthick_wavefake-audio\wavefake_ajay_LJ017-0017.wav|data\raw\fake_music_generated\fake_music_AudioLDM2_0095.wav,0.7178465723991394,0.7079430222511292,0.6811389327049255
MIX::data\raw\ajaykarthick_wavefake-audio\wavefake_ajay_LJ015-0100.wav|data\raw\fake_music_generated\fake_music_AudioLDM2_0107.wav,0.7344983816146851,0.6926547288894653,0.8895668387413025
MIX::data\raw\ajaykarthick_wavefake-audio\wavefake_ajay_LJ015-0100.wav|data\raw\fake_music_generated\fake_music_AudioLDM2_0089.wav,0.7175296545028687,0.7307913899421692,0.9516541957855225
data/raw/gtzan_unique_v2/hiphop.00055.wav,0.6643930077552795,0.6595646739006042,0.5465130805969238
data/raw/gtzan_unique_v2/disco.00090.wav,0.6665560603141785,0.6500099301338196,0.5317391753196716
MIX::data\raw\ajaykarthick_wavefake-audio\wavefake_ajay_LJ043-0043.wav|data\raw\fake_music_generated\fake_music_MusicGen_0060.wav,0.7179678678512573,0.7235099673271179,0.6941307783126831
MIX::data\raw\ajaykarthick_wavefake-audio\wavefake_ajay_LJ019-0320_WF2_1.wav|data\raw\fake_music_generated\fake_music_AudioLDM2_0089.wav,0.7295277118682861,0.7408939003944397,0.8283833265304565
MIX::data\raw\ajaykarthick_wavefake-audio\wavefake_ajay_LJ028-0364.wav|data\raw\fake_music_generated\fake_music_AudioLDM2_0067.wav,0.6881586313247681,0.7047163844108582,0.9775298833847046
MIX::data\raw\openslr_librispeech_asr\librispeech_dev_3752-4944-0038.flac|data/raw/gtzan_unique_v2/jazz.00078.wav,0.6832581758499146,0.6718299388885498,0.5001063942909241
MIX::data\raw\ajaykarthick_wavefake-audio\wavefake_ajay_LJ044-0100_WF7_1.wav|data\raw\fake_music_generated\fake_music_AudioLDM2_0095.wav,0.7471088171005249,0.7583631277084351,0.9846876859664917
data\raw\openslr_librispeech_asr\librispeech_dev_8842-302196-0003.flac,0.7269361615180969,0.7307789325714111,0.9201582670211792
data/raw/gtzan_unique_v2/rock.00054.wav,0.6504708528518677,0.6477540731430054,0.5582669377326965
MIX::data\raw\ajaykarthick_wavefake-audio\wavefake_ajay_LJ007-0200.wav|data/raw/gtzan_unique_v2/rock.00061.wav,0.7720357179641724,0.7236292362213135,0.796971321105957
MIX::data\raw\openslr_librispeech_asr\librispeech_dev_3752-4944-0025.flac|data/raw/gtzan_unique_v2/disco.00095.wav,0.700398862361908,0.7079622745513916,0.9327442646026611
MIX::data\raw\ajaykarthick_wavefake-audio\wavefake_ajay_LJ015-0100.wav|data/raw/gtzan_unique_v2/pop.00013.wav,0.6806139349937439,0.6756753921508789,0.6567781567573547
MIX::data\raw\Bisher_ASVspoof_2019_LA\asvspoof2019_LA_T_9110555.flac|data\raw\fake_music_generated\fake_music_AudioLDM2_0033.wav,0.6916228532791138,0.6749312877655029,0.942802906036377
data/raw/gtzan_unique_v2/reggae.00080.wav,0.6746834516525269,0.6629905700683594,0.5084424614906311
data/raw/gtzan_unique_v2/hiphop.00060.wav,0.6663076877593994,0.6648211479187012,0.5855296850204468
MIX::data\raw\openslr_librispeech_asr\librispeech_dev_3752-4944-0039.flac|data\raw\fake_music_generated\fake_music_MusicGen_0278.wav,0.7200700640678406,0.7160015106201172,0.6526663899421692
MIX::data\raw\ajaykarthick_wavefake-audio\wavefake_ajay_LJ029-0136.wav|data/raw/gtzan_unique_v2/rock.00007.wav,0.6780651211738586,0.6703376173973083,0.5370057225227356
MIX::data\raw\Bisher_ASVspoof_2019_LA\asvspoof2019_LA_T_5636788.flac|data/raw/gtzan_unique_v2/country.00060.wav,0.7478657960891724,0.698306679725647,0.8204207420349121
MIX::data\raw\ajaykarthick_wavefake-audio\wavefake_ajay_LJ029-0136.wav|data\raw\fake_music_generated\fake_music_MusicGen_0258.wav,0.7272880673408508,0.7370871305465698,0.8753752112388611
data/raw/gtzan_unique_v2/jazz.00002.wav,0.7114741206169128,0.6857587099075317,0.5394356846809387
MIX::data\raw\ajaykarthick_wavefake-audio\wavefake_ajay_LJ042-0239.wav|data/raw/gtzan_unique_v2/rock.00008.wav,0.7758387923240662,0.7232584953308105,0.8654888272285461
data\raw\ajaykarthick_wavefake-audio\wavefake_ajay_LJ017-0017_WF4_1.wav,0.7519477009773254,0.7635453939437866,0.9712873697280884
data\raw\ajaykarthick_wavefake-audio\wavefake_ajay_LJ016-0393.wav,0.7740181088447571,0.7855735421180725,0.9859988689422607
MIX::data\raw\Bisher_ASVspoof_2019_LA\asvspoof2019_LA_T_8130994.flac|data\raw\fake_music_generated\fake_music_AudioLDM2_0007.wav,0.6702852249145508,0.6895599365234375,0.9590937495231628
data/raw/gtzan_unique_v2/metal.00050.wav,0.7606906294822693,0.7339853644371033,0.2907298505306244
MIX::data\raw\ajaykarthick_wavefake-audio\wavefake_ajay_LJ050-0187.wav|data\raw\fake_music_generated\fake_music_AudioLDM2_0011.wav,0.7670865058898926,0.7608975172042847,0.860321044921875
MIX::data\raw\ajaykarthick_wavefake-audio\wavefake_ajay_LJ043-0044.wav|data/raw/gtzan_unique_v2/blues.00016.wav,0.7623581290245056,0.7138136625289917,0.9536232948303223
data\raw\fake_music_generated\fake_music_AudioLDM2_0055.wav,0.7181429862976074,0.7129992842674255,0.5842657089233398
MIX::data\raw\ajaykarthick_wavefake-audio\wavefake_ajay_LJ015-0100.wav|data\raw\fake_music_generated\fake_music_AudioLDM2_0147.wav,0.7203682661056519,0.7268713712692261,0.6945735216140747
MIX::data\raw\ajaykarthick_wavefake-audio\wavefake_ajay_LJ029-0136.wav|data\raw\fake_music_generated\fake_music_AudioLDM2_0161.wav,0.7232913970947266,0.7346994280815125,0.9540683627128601
data/raw/gtzan_unique_v2/metal.00039.wav,0.6929585337638855,0.6741986274719238,0.41706326603889465
data\raw\fake_music_generated\fake_music_MusicGen_0258.wav,0.7094350457191467,0.7021313309669495,0.5370110869407654
data\raw\Bisher_ASVspoof_2019_LA\asvspoof2019_LA_T_7598099.flac,0.7934633493423462,0.8047422766685486,0.9907073974609375
MIX::data\raw\openslr_librispeech_asr\librispeech_dev_1462-170142-0037.flac|data/raw/gtzan_unique_v2/jazz.00078.wav,0.7155627608299255,0.6820114850997925,0.43059441447257996
MIX::data\raw\openslr_librispeech_asr\librispeech_dev_1462-170145-0016.flac|data\raw\fake_music_generated\fake_music_AudioLDM2_0181.wav,0.718025803565979,0.7050437927246094,0.6505904197692871
MIX::data\raw\ajaykarthick_wavefake-audio\wavefake_ajay_LJ050-0248.wav|data\raw\fake_music_generated\fake_music_AudioLDM2_0107.wav,0.7289708852767944,0.7421942949295044,0.9353889226913452
MIX::data\raw\ajaykarthick_wavefake-audio\wavefake_ajay_LJ050-0242.wav|data/raw/gtzan_unique_v2/metal.00050.wav,0.7834901213645935,0.7231982946395874,0.6457464098930359
MIX::data\raw\ajaykarthick_wavefake-audio\wavefake_ajay_LJ015-0100.wav|data/raw/gtzan_unique_v2/reggae.00019.wav,0.7036140561103821,0.6983460783958435,0.9218639731407166
data/raw/gtzan_unique_v2/disco.00035.wav,0.6923694014549255,0.6705489158630371,0.4395444393157959
data/raw/gtzan_unique_v2/disco.00095.wav,0.6827245354652405,0.6784285306930542,0.6416535377502441
MIX::data\raw\ajaykarthick_wavefake-audio\wavefake_ajay_LJ030-0001_WF4_1.wav|data\raw\fake_music_generated\fake_music_MusicGen_0154.wav,0.7767589092254639,0.7579205632209778,0.9834986925125122
data\raw\Bisher_ASVspoof_2019_LA\asvspoof2019_LA_T_8722988.flac,0.6821280717849731,0.7052999138832092,0.9815077185630798
data\raw\openslr_librispeech_asr\librispeech_dev_2428-83705-0013.flac,0.7747517228126526,0.7863404154777527,0.9870839715003967
MIX::data\raw\ajaykarthick_wavefake-audio\wavefake_ajay_LJ050-0242.wav|data/raw/gtzan_unique_v2/pop.00081.wav,0.6932947039604187,0.6804146766662598,0.49344706535339355
MIX::data\raw\ajaykarthick_wavefake-audio\wavefake_ajay_LJ015-0100.wav|data/raw/gtzan_unique_v2/reggae.00069.wav,0.6815098524093628,0.6791824102401733,0.5582416653633118
data\raw\openslr_librispeech_asr\librispeech_dev_1462-170145-0006.flac,0.6758547425270081,0.6925184726715088,0.9589328169822693
MIX::data\raw\ajaykarthick_wavefake-audio\wavefake_ajay_LJ050-0248.wav|data\raw\fake_music_generated\fake_music_MusicGen_0052.wav,0.7214680910110474,0.7327372431755066,0.8153202533721924
MIX::data\raw\ajaykarthick_wavefake-audio\wavefake_ajay_LJ008-0269.wav|data\raw\fake_music_generated\fake_music_AudioLDM2_0241.wav,0.7151391506195068,0.712047278881073,0.7537578344345093
data\raw\Bisher_ASVspoof_2019_LA\asvspoof2019_LA_T_6094233.flac,0.6454492211341858,0.6710355281829834,0.968548595905304
MIX::data\raw\ajaykarthick_wavefake-audio\wavefake_ajay_LJ019-0389.wav|data\raw\fake_music_generated\fake_music_AudioLDM2_0167.wav,0.7182278037071228,0.7104200720787048,0.5588735342025757
MIX::data\raw\openslr_librispeech_asr\librispeech_dev_2428-83699-0039.flac|data/raw/gtzan_unique_v2/hiphop.00087.wav,0.6623151302337646,0.6610397100448608,0.7342104315757751
data\raw\openslr_librispeech_asr\librispeech_dev_8842-304647-0001.flac,0.6636294722557068,0.686578094959259,0.9776244163513184
data/raw/gtzan_unique_v2/reggae.00023.wav,0.6635841727256775,0.6547433137893677,0.5388005375862122
MIX::data\raw\ajaykarthick_wavefake-audio\wavefake_ajay_LJ015-0100.wav|data\raw\fake_music_generated\fake_music_AudioLDM2_0095.wav,0.743710994720459,0.7551987767219543,0.9675559997558594
MIX::data\raw\ajaykarthick_wavefake-audio\wavefake_ajay_LJ048-0167.wav|data\raw\fake_music_generated\fake_music_AudioLDM2_0157.wav,0.7948462963104248,0.792241096496582,0.9835057258605957
data\raw\openslr_librispeech_asr\librispeech_dev_2428-83699-0021.flac,0.7079346776008606,0.7238620519638062,0.9868130683898926
MIX::data\raw\ajaykarthick_wavefake-audio\wavefake_ajay_LJ028-0356.wav|data\raw\fake_music_generated\fake_music_AudioLDM2_0157.wav,0.7803838849067688,0.7640210390090942,0.9831355214118958
data\raw\ajaykarthick_wavefake-audio\wavefake_ajay_LJ002-0032_WF1_1.wav,0.7171445488929749,0.7329595685005188,0.9687319993972778
data\raw\openslr_librispeech_asr\librispeech_dev_8842-302196-0006.flac,0.7511621713638306,0.7575640678405762,0.9422202110290527
data\raw\openslr_librispeech_asr\librispeech_dev_2428-83699-0004.flac,0.6348893642425537,0.6617627739906311,0.970124363899231
data/raw/gtzan_unique_v2/classical.00037.wav,0.6567396521568298,0.6563460230827332,0.6429240107536316
MIX::data\raw\Bisher_ASVspoof_2019_LA\asvspoof2019_LA_T_9745018.flac|data/raw/gtzan_unique_v2/rock.00086.wav,0.7249612808227539,0.6920188665390015,0.4642908573150635
data/raw/gtzan_unique_v2/pop.00073.wav,0.7476292252540588,0.7219988107681274,0.3445345163345337
data\raw\fake_music_generated\fake_music_AudioLDM2_0051.wav,0.7173392176628113,0.709632158279419,0.5504577159881592
data/raw/gtzan_unique_v2/reggae.00017.wav,0.6786839365959167,0.6652417182922363,0.5260087251663208
data/raw/gtzan_unique_v2/disco.00019.wav,0.7069352269172668,0.6870047450065613,0.41162875294685364
data/raw/gtzan_unique_v2/jazz.00001.wav,0.6361024975776672,0.6336886286735535,0.7237589955329895
data\raw\fake_music_generated\fake_music_AudioLDM2_0011.wav,0.7130199670791626,0.7091588973999023,0.5550362467765808
MIX::data\raw\ajaykarthick_wavefake-audio\wavefake_ajay_LJ017-0031.wav|data/raw/gtzan_unique_v2/hiphop.00060.wav,0.7218677997589111,0.7231354713439941,0.9217399954795837
data\raw\ajaykarthick_wavefake-audio\wavefake_ajay_LJ017-0017.wav,0.7504046559333801,0.7613852024078369,0.968900203704834
data\raw\ajaykarthick_wavefake-audio\wavefake_ajay_LJ048-0162.wav,0.7501027584075928,0.7618299722671509,0.9651858806610107
data/raw/gtzan_unique_v2/rock.00061.wav,0.6666843295097351,0.6669561266899109,0.6041846871376038
MIX::data\raw\openslr_librispeech_asr\librispeech_dev_1462-170145-0001.flac|data\raw\fake_music_generated\fake_music_AudioLDM2_0091.wav,0.716102123260498,0.7274907231330872,0.9499287605285645
data/raw/gtzan_unique_v2/pop.00013.wav,0.6811071634292603,0.6728988885879517,0.5195916295051575
data\raw\ajaykarthick_wavefake-audio\wavefake_ajay_LJ030-0001_WF4_1.wav,0.7730743288993835,0.7722008228302002,0.9785189032554626
data\raw\openslr_librispeech_asr\librispeech_dev_3752-4944-0066.flac,0.7450644969940186,0.7569011449813843,0.9466688632965088
data\raw\openslr_librispeech_asr\librispeech_dev_1462-170138-0017.flac,0.740863025188446,0.7510930895805359,0.9453028440475464
data/raw/gtzan_unique_v2/country.00093.wav,0.6877469420433044,0.677253246307373,0.5447293519973755
MIX::data\raw\ajaykarthick_wavefake-audio\wavefake_ajay_LJ015-0100.wav|data/raw/gtzan_unique_v2/country.00034.wav,0.7349534034729004,0.7149173021316528,0.8597235679626465
MIX::data\raw\openslr_librispeech_asr\librispeech_dev_2428-83699-0021.flac|data/raw/gtzan_unique_v2/blues.00097.wav,0.6647982001304626,0.6620540618896484,0.691911518573761
MIX::data\raw\ajaykarthick_wavefake-audio\wavefake_ajay_LJ015-0100.wav|data\raw\fake_music_generated\fake_music_AudioLDM2_0011.wav,0.7212791442871094,0.7296026349067688,0.7142341732978821
data/raw/gtzan_unique_v2/jazz.00078.wav,0.6850801110267639,0.6733320951461792,0.48462042212486267
MIX::data\raw\ajaykarthick_wavefake-audio\wavefake_ajay_LJ017-0017.wav|data\raw\fake_music_generated\fake_music_AudioLDM2_0223.wav,0.7464463114738464,0.7560637593269348,0.897700846195221
data\raw\fake_music_generated\fake_music_AudioLDM2_0227.wav,0.7175291776657104,0.7119876146316528,0.5500949621200562
MIX::data\raw\ajaykarthick_wavefake-audio\wavefake_ajay_LJ045-0176.wav|data\raw\fake_music_generated\fake_music_MusicGen_0122.wav,0.72114098072052,0.72489994764328,0.6429603099822998
MIX::data\raw\Bisher_ASVspoof_2019_LA\asvspoof2019_LA_T_8722988.flac|data\raw\fake_music_generated\fake_music_AudioLDM2_0297.wav,0.7177804112434387,0.7311514616012573,0.9403880834579468
MIX::data\raw\ajaykarthick_wavefake-audio\wavefake_ajay_LJ019-0269.wav|data/raw/gtzan_unique_v2/reggae.00050.wav,0.7416048645973206,0.7336443662643433,0.9695962071418762
MIX::data\raw\Bisher_ASVspoof_2019_LA\asvspoof2019_LA_T_6094233.flac|data\raw\fake_music_generated\fake_music_AudioLDM2_0277.wav,0.6517205238342285,0.6528894901275635,0.9144414663314819
MIX::data\raw\Bisher_ASVspoof_2019_LA\asvspoof2019_LA_T_9048829.flac|data/raw/gtzan_unique_v2/metal.00042.wav,0.7145574688911438,0.703862190246582,0.4923735558986664
data\raw\ajaykarthick_wavefake-audio\wavefake_ajay_LJ019-0320.wav,0.7855566740036011,0.795750081539154,0.9806399345397949
data\raw\ajaykarthick_wavefake-audio\wavefake_ajay_LJ030-0001.wav,0.7730743288993835,0.7722008228302002,0.9785189032554626
MIX::data\raw\Bisher_ASVspoof_2019_LA\asvspoof2019_LA_T_8130994.flac|data/raw/gtzan_unique_v2/metal.00086.wav,0.7136983871459961,0.690949559211731,0.3844904899597168
MIX::data\raw\openslr_librispeech_asr\librispeech_dev_3752-4943-0023.flac|data\raw\fake_music_generated\fake_music_AudioLDM2_0181.wav,0.696262001991272,0.70601487159729,0.7143635153770447
data\raw\ajaykarthick_wavefake-audio\wavefake_ajay_LJ007-0200.wav,0.7309342622756958,0.7430496215820312,0.9638157486915588
data\raw\ajaykarthick_wavefake-audio\wavefake_ajay_LJ017-0043_WF7_2.wav,0.772863507270813,0.7835083603858948,0.984028160572052
MIX::data\raw\ajaykarthick_wavefake-audio\wavefake_ajay_LJ015-0100.wav|data/raw/gtzan_unique_v2/rock.00015.wav,0.6712773442268372,0.6722002625465393,0.650811493396759
MIX::data\raw\openslr_librispeech_asr\librispeech_dev_1462-170142-0039.flac|data\raw\fake_music_generated\fake_music_AudioLDM2_0055.wav,0.7057486176490784,0.7122179865837097,0.9630855321884155
data/raw/gtzan_unique_v2/reggae.00075.wav,0.7168208956718445,0.684023916721344,0.4142020046710968
data\raw\ajaykarthick_wavefake-audio\wavefake_ajay_LJ019-0365.wav,0.7746482491493225,0.7660921812057495,0.9781973361968994
MIX::data\raw\ajaykarthick_wavefake-audio\wavefake_ajay_LJ019-0320_WF2_1.wav|data\raw\fake_music_generated\fake_music_AudioLDM2_0003.wav,0.7777087092399597,0.7454246878623962,0.8892277479171753
MIX::data\raw\openslr_librispeech_asr\librispeech_dev_8842-302201-0009.flac|data/raw/gtzan_unique_v2/pop.00020.wav,0.7326140403747559,0.6911207437515259,0.7616823315620422
data\raw\ajaykarthick_wavefake-audio\wavefake_ajay_LJ028-0375.wav,0.7166276574134827,0.733074426651001,0.9653569459915161
MIX::data\raw\ajaykarthick_wavefake-audio\wavefake_ajay_LJ028-0375.wav|data/raw/gtzan_unique_v2/blues.00025.wav,0.6774270534515381,0.6685529947280884,0.8667137622833252
data\raw\Bisher_ASVspoof_2019_LA\asvspoof2019_LA_T_8239480.flac,0.7141132950782776,0.7305474281311035,0.9832468628883362
MIX::data\raw\openslr_librispeech_asr\librispeech_dev_1462-170145-0021.flac|data/raw/gtzan_unique_v2/rock.00086.wav,0.6839066743850708,0.6874401569366455,0.6237040162086487
MIX::data\raw\ajaykarthick_wavefake-audio\wavefake_ajay_LJ045-0176.wav|data\raw\fake_music_generated\fake_music_AudioLDM2_0005.wav,0.7169577479362488,0.7145029306411743,0.5827237963676453
data/raw/gtzan_unique_v2/reggae.00012.wav,0.6727045774459839,0.6664129495620728,0.6672468185424805
MIX::data\raw\ajaykarthick_wavefake-audio\wavefake_ajay_LJ029-0162.wav|data/raw/gtzan_unique_v2/reggae.00060.wav,0.6548603773117065,0.6450943946838379,0.5278432965278625
MIX::data\raw\Bisher_ASVspoof_2019_LA\asvspoof2019_LA_T_6556926.flac|data/raw/gtzan_unique_v2/disco.00067.wav,0.7136285305023193,0.690687894821167,0.4000466763973236
MIX::data\raw\ajaykarthick_wavefake-audio\wavefake_ajay_LJ017-0031.wav|data\raw\fake_music_generated\fake_music_MusicGen_0270.wav,0.7618910074234009,0.7654696702957153,0.9806901216506958
MIX::data\raw\ajaykarthick_wavefake-audio\wavefake_ajay_LJ016-0393.wav|data/raw/gtzan_unique_v2/reggae.00030.wav,0.7208535075187683,0.6977931261062622,0.9146777987480164
MIX::data\raw\openslr_librispeech_asr\librispeech_dev_2428-83705-0037.flac|data\raw\fake_music_generated\fake_music_AudioLDM2_0275.wav,0.7979124784469604,0.7888056039810181,0.9908443689346313
data/raw/gtzan_unique_v2/pop.00017.wav,0.7027015686035156,0.6826269030570984,0.4049629867076874
MIX::data\raw\openslr_librispeech_asr\librispeech_dev_2428-83705-0037.flac|data\raw\fake_music_generated\fake_music_AudioLDM2_0063.wav,0.7609065175056458,0.7656350135803223,0.9737652540206909
MIX::data\raw\Bisher_ASVspoof_2019_LA\asvspoof2019_LA_T_9048829.flac|data\raw\fake_music_generated\fake_music_AudioLDM2_0181.wav,0.7189601063728333,0.7145208716392517,0.5898277163505554
MIX::data\raw\ajaykarthick_wavefake-audio\wavefake_ajay_LJ015-0100.wav|data\raw\fake_music_generated\fake_music_AudioLDM2_0223.wav,0.7293028235435486,0.7358283996582031,0.940656304359436
data\raw\fake_music_generated\fake_music_MusicGen_0116.wav,0.7164331078529358,0.7139835953712463,0.6038103699684143
MIX::data\raw\Bisher_ASVspoof_2019_LA\asvspoof2019_LA_T_8239480.flac|data/raw/gtzan_unique_v2/jazz.00002.wav,0.7622354626655579,0.7421835660934448,0.6902698874473572
MIX::data\raw\Bisher_ASVspoof_2019_LA\asvspoof2019_LA_T_8897400.flac|data\raw\fake_music_generated\fake_music_MusicGen_0290.wav,0.7085645794868469,0.7015287280082703,0.5404264330863953
MIX::data\raw\openslr_librispeech_asr\librispeech_dev_2428-83699-0013.flac|data/raw/gtzan_unique_v2/blues.00047.wav,0.7203108668327332,0.7008042931556702,0.9111493229866028
MIX::data\raw\ajaykarthick_wavefake-audio\wavefake_ajay_LJ030-0001.wav|data\raw\fake_music_generated\fake_music_AudioLDM2_0069.wav,0.7512368559837341,0.756119966506958,0.9615871906280518
data\raw\fake_music_generated\fake_music_AudioLDM2_0091.wav,0.7272270321846008,0.7226722836494446,0.5848757028579712
data\raw\Bisher_ASVspoof_2019_LA\asvspoof2019_LA_T_2321728.flac,0.7917400598526001,0.8018990755081177,0.9890502691268921
MIX::data\raw\ajaykarthick_wavefake-audio\wavefake_ajay_LJ015-0100.wav|data/raw/gtzan_unique_v2/reggae.00040.wav,0.7328855395317078,0.7263695001602173,0.9248983263969421
MIX::data\raw\ajaykarthick_wavefake-audio\wavefake_ajay_LJ048-0162.wav|data/raw/gtzan_unique_v2/rock.00086.wav,0.6464875936508179,0.6472946405410767,0.727635383605957
MIX::data\raw\openslr_librispeech_asr\librispeech_dev_3752-4944-0014.flac|data/raw/gtzan_unique_v2/country.00093.wav,0.6800010800361633,0.6867592334747314,0.8183549046516418
data\raw\openslr_librispeech_asr\librispeech_dev_8842-302203-0002.flac,0.7396773099899292,0.7471432089805603,0.963075578212738
MIX::data\raw\Bisher_ASVspoof_2019_LA\asvspoof2019_LA_T_8722988.flac|data\raw\fake_music_generated\fake_music_AudioLDM2_0227.wav,0.7608057856559753,0.7733531594276428,0.9373406171798706
data/raw/gtzan_unique_v2/jazz.00052.wav,0.7143743634223938,0.686234176158905,0.3919121026992798
data\raw\ajaykarthick_wavefake-audio\wavefake_ajay_LJ002-0021.wav,0.7757828831672668,0.7766127586364746,0.9737234115600586
MIX::data\raw\openslr_librispeech_asr\librispeech_dev_3752-4944-0050.flac|data/raw/gtzan_unique_v2/metal.00042.wav,0.7041789293289185,0.6862072944641113,0.41584286093711853
data\raw\openslr_librispeech_asr\librispeech_dev_2428-83705-0037.flac,0.7702723145484924,0.7819340229034424,0.9872627258300781
data\raw\openslr_librispeech_asr\librispeech_dev_8842-302201-0009.flac,0.7635283470153809,0.7756872177124023,0.9842681288719177
MIX::data\raw\Bisher_ASVspoof_2019_LA\asvspoof2019_LA_T_7598099.flac|data\raw\fake_music_generated\fake_music_MusicGen_0278.wav,0.7096866369247437,0.7194054126739502,0.7730981111526489
MIX::data\raw\ajaykarthick_wavefake-audio\wavefake_ajay_LJ017-0017_WF4_1.wav|data/raw/gtzan_unique_v2/disco.00052.wav,0.7577900290489197,0.7069271206855774,0.7608738541603088
MIX::data\raw\ajaykarthick_wavefake-audio\wavefake_ajay_LJ048-0167.wav|data/raw/gtzan_unique_v2/rock.00054.wav,0.697877049446106,0.6757098436355591,0.41891399025917053
MIX::data\raw\ajaykarthick_wavefake-audio\wavefake_ajay_LJ017-0043_WF3_1.wav|data/raw/gtzan_unique_v2/pop.00019.wav,0.6851239204406738,0.6697144508361816,0.46684184670448303
data\raw\openslr_librispeech_asr\librispeech_dev_1462-170145-0012.flac,0.645235538482666,0.6732549667358398,0.9751515984535217
MIX::data\raw\ajaykarthick_wavefake-audio\wavefake_ajay_LJ015-0100.wav|data/raw/gtzan_unique_v2/metal.00003.wav,0.7202848196029663,0.680729329586029,0.7393435835838318
MIX::data\raw\ajaykarthick_wavefake-audio\wavefake_ajay_LJ015-0100.wav|data/raw/gtzan_unique_v2/classical.00088.wav,0.738620400428772,0.7015173435211182,0.8914123177528381
MIX::data\raw\openslr_librispeech_asr\librispeech_dev_2428-83705-0013.flac|data/raw/gtzan_unique_v2/blues.00025.wav,0.7575609087944031,0.7116149067878723,0.9704389572143555
data\raw\fake_music_generated\fake_music_AudioLDM2_0043.wav,0.7250936031341553,0.7212417125701904,0.5805800557136536
data\raw\openslr_librispeech_asr\librispeech_dev_3752-4944-0025.flac,0.6730632185935974,0.6924739480018616,0.9610203504562378
data/raw/gtzan_unique_v2/hiphop.00087.wav,0.6425106525421143,0.640987753868103,0.6405779719352722
MIX::data\raw\Bisher_ASVspoof_2019_LA\asvspoof2019_LA_T_8130994.flac|data/raw/gtzan_unique_v2/rock.00086.wav,0.6560092568397522,0.6609810590744019,0.7009375691413879
MIX::data\raw\ajaykarthick_wavefake-audio\wavefake_ajay_LJ048-0162.wav|data/raw/gtzan_unique_v2/country.00036.wav,0.7532725930213928,0.7129697799682617,0.728746235370636
